aluno_id,curso,periodo_atual,habilitacao,bairro,cidade,uf,faixa_idade,matriculado,mes_cadastro
ALU_0f92e6820d,Ciência Da Computação,7,Bac Ciência Da Computação,Humaita,Rio De Janeiro,RJ,20-22,S,2024-01
ALU_35f2ecc273,Direito,8,Bacharelado Em Direito,Botafogo,Rio De Janeiro,RJ,20-22,S,2024-01
ALU_2198591129,Engenharia,11,Bac Em Engenharia De Produção,Jardim Botanico,Rio De Janeiro,RJ,23-25,S,2024-01
ALU_a7b7dc728c,Ciências Econômicas,7,Bac Em Ciências Econômicas,Barra Da Tijuca,Rio De Janeiro,RJ,20-22,S,2024-01
ALU_bd2ad27819,Ciências Econômicas,9,Bac Em Ciências Econômicas,Leblon,Rio De Janeiro,RJ,20-22,S,2024-01
ALU_c220bd8270,Psicologia,11,Bacharelado Em Psicologia,Cachambi,Rio De Janeiro,RJ,,S,2024-01
ALU_b4146ba8cb,Psicologia,6,Bacharelado Em Psicologia,Chatuba,Mesquita,RJ,,S,2024-01
ALU_7ea9f481ac,Psicologia,7,Bacharelado Em Psicologia,Recreio Dos Bandeirantes,Rio De Janeiro,RJ,20-22,S,2024-01
ALU_90293a7fc3,Jornalismo,5,Bacharelado Em Jornalismo,Tijuca,Rio De Janeiro,RJ,20-22,S,2024-01
ALU_046910a6c6,Letras,5,"Lic Let,Ling Port Resp Lit",Jardim Primavera,Duque De Caxias,RJ,20-22,S,2024-01
ALU_d6c9778c4b,Jornalismo,9,Bacharelado Em Jornalismo,Copacabana,Rio De Janeiro,RJ,20-22,S,2024-01
ALU_00b03dc166,Ciência Da Computação,5,Bac Ciência Da Computação,Gávea,Rio De Janeiro,RJ,20-22,S,2024-01
ALU_483e50240e,Pos-Graduacao Em Engenharia De Producao,7,Mestr Profission Logistica,Freguesia,Rio De Janeiro,RJ,,N,2024-01
ALU_a815b23f1f,Neurociências,7,Bacharelado Em Neurociências,Rocinha,Rio De Janeiro,RJ,23-25,S,2024-01
ALU_faa47bcfde,Direito,6,Bacharelado Em Direito,Barra Da Tijuca,Rio De Janeiro,RJ,20-22,S,2024-01
ALU_19802ac392,Ciências Econômicas,9,Bac Em Ciências Econômicas,Copacabana,Rio De Janeiro,RJ,20-22,S,2024-01
ALU_74226becfb,Direito,6,Bacharelado Em Direito,Vila Valqueire,Rio De Janeiro,RJ,23-25,S,2024-01
ALU_2b42d8d0b6,Comunicação Social,12,"Com Social - Pub Prop, Bachar",Gavea,Rio De Janeiro,RJ,,S,2024-01
ALU_73f7b6a725,Direito,7,Bacharelado Em Direito,Recreio,Rio De Janeiro,RJ,20-22,S,2024-01
ALU_0e89956d68,Direito,10,Bacharelado Em Direito,Barra Da Tijuca,Rio De Janeiro,RJ,,S,2024-01
ALU_a7cd74fcc2,Psicologia,6,Bacharelado Em Psicologia,Pechincha,Rio De Janeiro,RJ,30+,S,2024-01
ALU_0498928730,Administração,7,Bacharelado Em Administração,Humaita,Rio De Janeiro,RJ,23-25,S,2024-01
ALU_627830faf1,Design,6,Bacharelado Em Design,Engenho De Dentro,Rio De Janeiro,RJ,20-22,S,2024-01
ALU_55c24a3275,Relacões Internacionais,12,Bac Relacões Internacionais,Recreio Dos Bandeirantes,Rio De Janeiro,RJ,23-25,N,2024-01
ALU_3b3fe01345,Administração,6,Bacharelado Em Administração,Tubiacanga,Rio De Janeiro,RJ,,S,2024-01
ALU_07ddbf6665,Psicologia,6,Bacharelado Em Psicologia,Alcantara,Sao Goncalo,RJ,23-25,S,2024-01
ALU_8c4dcf6753,Jornalismo,7,Bacharelado Em Jornalismo,Jardim Botanico,Rio De Janeiro,RJ,23-25,S,2024-01
ALU_1702708b9c,Ciências Econômicas,9,Bac Em Ciências Econômicas,Meier,Rio De Janeiro,RJ,26-30,S,2024-01
ALU_a5380bf8c7,Relacões Internacionais,7,Bac Relacões Internacionais,Tauá - Ilha Do Governador,Rio De Janeiro,RJ,20-22,S,2024-01
ALU_754d953148,Ciência Da Computação,6,Bac Ciência Da Computação,Copacabana,Rio De Janeiro,RJ,20-22,S,2024-01
ALU_f4b24e3b97,Ciências Econômicas,7,Bac Em Ciências Econômicas,Ipanema,Rio De Janeiro,RJ,20-22,S,2024-01
ALU_5bf4f86f95,Ciências Econômicas,5,Bac Em Ciências Econômicas,Flamengo,Rio De Janeiro,RJ,20-22,N,2024-01
ALU_7a7a5c6885,Psicologia,17,Bacharelado Em Psicologia,São Cristóvão ,Rio De Janeiro ,RJ,26-30,S,2024-01
ALU_fe65f10645,Direito,11,Bacharelado Em Direito,Botafogo,Rio De Janeiro,RJ,23-25,N,2024-01
ALU_291522eebd,Engenharia,12,Bac Em Engenharia De Produção,Jardim Botanico,Rio De Janeiro,RJ,,S,2024-01
ALU_32c4c767c6,Engenharia,13,Bac Em Engenharia Mecânica,Botafogo,Rio De Janeiro,RJ,23-25,S,2024-01
ALU_65b6db200e,Ciências Econômicas,6,Bac Em Ciências Econômicas,Sao Jose Cabucu,Itaborai,RJ,23-25,S,2024-01
ALU_edebcc8267,Engenharia,13,Bac Eng Mat Nano,Barra Da Tijuca,Rio De Janeiro,RJ,23-25,S,2024-01
ALU_b58a3cd2d7,Administração,7,Bacharelado Em Administração,Jacarepagua,Rio De Janeiro,RJ,23-25,S,2024-01
ALU_9dd6e706a5,Administração,7,Bacharelado Em Administração,Barra Da Tijuca,Rio De Janeiro,RJ,20-22,S,2024-01
ALU_9ddabf671c,Direito,12,Bacharelado Em Direito,Recreio Dos Bandeirantes,Rio De Janeiro,RJ,,S,2024-01
ALU_3709954c61,Administração,8,Bacharelado Em Administração,Leblon,Rio De Janeiro,RJ,20-22,S,2024-02
ALU_2636fb04b1,Direito,6,Bacharelado Em Direito,Itanhanga,Rio De Janeiro,RJ,20-22,S,2024-02
ALU_27d85615e9,Engenharia,13,Bac Em Engenharia De Produção,Barra Da Tijuca,Rio De Janeiro,RJ,23-25,S,2024-02
ALU_e36c2df063,Psicologia,9,Bacharelado Em Psicologia,Barra Da Tijuca,Rio De Janeiro,RJ,23-25,S,2024-02
ALU_53a5729719,Teologia,5,Bacharelado Em Teologia,Engenho Da Rainha,Rio De Janeiro,RJ,30+,S,2024-02
ALU_dd077262c5,Engenharia,7,Bac Engenharia De Computação,Flamengo,Rio De Janeiro,RJ,20-22,S,2024-02
ALU_025ddd78a0,Ciências Econômicas,9,Bac Em Ciências Econômicas,Leblon,Rio De Janeiro,RJ,,S,2024-02
ALU_81f0e4e10d,Comunicação Social,13,"Com Social-Cinema, Bachar",Ipanema,Rio De Janeiro,RJ,26-30,S,2024-02
ALU_ace025c5d9,Design,7,Bacharelado Em Design,Urca,Rio De Janeiro,RJ,20-22,S,2024-02
ALU_79e4b25480,Engenharia,7,Bac Em Engenharia De Produção,Botafogo,Rio De Janeiro,RJ,,S,2024-02
ALU_610175303e,Engenharia,13,Bac Em Engenharia De Produção,Barra,Rio De Janeiro,RJ,23-25,S,2024-02
ALU_dfd640f917,Design,7,Bacharelado Em Design,Tijuca,Rio De Janeiro,RJ,20-22,S,2024-02
ALU_27a7cced9a,Estudos De Mídia,15,Bacharelado Estudos De Mídia,Ipanema,Rio De Janeiro,RJ,26-30,S,2024-02
ALU_835818ad99,Estudos De Mídia,7,Bacharelado Estudos De Mídia,,,RJ,20-22,S,2024-02
ALU_bb24857a80,Psicologia,6,Bacharelado Em Psicologia,Del Castilho,Rio De Janeiro,RJ,23-25,S,2024-02
ALU_63da604068,Pos-Graduacao Em Educacao,5,Dout Cienc Humanas - Educacao,Cachambi,Rio De Janeiro,RJ,30+,S,2024-02
ALU_4d676e8eda,Design,7,Bacharelado Em Design,Camorim,Rio De Janeiro,RJ,,S,2024-02
ALU_ee657ed486,Ciências Econômicas,11,Bac Em Ciências Econômicas,Copacabana,Rio De Janeiro,RJ,23-25,S,2024-02
ALU_ae78e1a21c,Administração,10,Bacharelado Em Administração,Botafogo,Rio De Janeiro,RJ,23-25,S,2024-02
ALU_462377ba28,Psicologia,11,Bacharelado Em Psicologia,Sao Conrado,Rio De Janeiro,RJ,30+,S,2024-02
ALU_bb4efa9897,Estudos De Mídia,7,Bacharelado Estudos De Mídia,Meier,Rio De Janeiro,RJ,20-22,S,2024-02
ALU_dda1d9792c,Psicologia,11,Bacharelado Em Psicologia,Leblon,Rio De Janeiro,RJ,23-25,S,2024-02
ALU_0478500db2,Administração,9,Bacharelado Em Administração,Campo Grande,Rio De Janeiro,RJ,23-25,N,2024-02
ALU_d86d364c6c,Design,9,Bacharelado Em Design,Barra Da Tijuca,Rio De Janeiro,RJ,23-25,S,2024-02
ALU_e28936aa27,Ciência Da Computação,5,Bac Ciência Da Computação,Leme,Rio De Janeiro,RJ,20-22,S,2024-02
ALU_8499887ae9,Direito,7,Bacharelado Em Direito,Copacabana,Rio De Janeiro,RJ,20-22,S,2024-02
ALU_1d22164678,Engenharia,11,Bac Em Engenharia De Produção,Leblon,Rio De Janeiro,RJ,,N,2024-02
ALU_07bc6d84c1,Ciência Da Computação,7,Bac Ciência Da Computação,Itaipu,Niteroi,RJ,,S,2024-02
ALU_b547c9bd7f,Administração,6,Bacharelado Em Administração,Gardenia Azul,Rio De Janeiro,RJ,<=19,S,2024-02
ALU_90dbd5989a,Estudos De Mídia,12,Bacharelado Estudos De Mídia,Copacabana,Rio De Janeiro,RJ,23-25,S,2024-02
ALU_69a9fc593c,Ciências Econômicas,9,Bac Em Ciências Econômicas,Sao Conrado,Rio De Janeiro,RJ,20-22,N,2024-02
ALU_4dd2de8698,Psicologia,7,Bacharelado Em Psicologia,Flamengo,Rio De Janeiro,RJ,20-22,S,2024-02
ALU_7975cde3e2,Psicologia,7,Bacharelado Em Psicologia,Leblon,Rio De Janeiro,RJ,20-22,S,2024-02
ALU_d0ac6336ff,Design,13,Bacharelado Em Design,Recreio Dos Bandeirantes,Rio De Janeiro,RJ,26-30,S,2024-02
ALU_83d13201f4,Psicologia,7,Bacharelado Em Psicologia,Jardim Botanico,Rio De Janeiro,RJ,20-22,S,2024-02
ALU_9ba8e1cb5f,Estudos De Mídia,9,Bacharelado Estudos De Mídia,Grajau,Rio De Janeiro,RJ,23-25,S,2024-02
ALU_9d09241f5b,Estudos De Mídia,9,Bacharelado Estudos De Mídia,Leme,Rio De Janeiro,RJ,26-30,S,2024-02
ALU_408a67f9ae,Jornalismo,6,Bacharelado Em Jornalismo,Costa Barros,Rio De Janeiro,RJ,23-25,S,2024-02
ALU_2f0e942670,Estudos De Mídia,7,Bacharelado Estudos De Mídia,Icaraí,Niterói,RJ,20-22,S,2024-02
ALU_26c07e3859,Arquitetura E Urbanismo,7,Bac Arquitetura E Urbanismo,Guaratiba,Rio De Janeiro,RJ,23-25,S,2024-02
ALU_28ffc40feb,Psicologia,6,Bacharelado Em Psicologia,Granja Rosalina,Queimados,RJ,23-25,S,2024-02
ALU_a9390e4468,Estudos De Mídia,11,Bacharelado Estudos De Mídia,Barra Da Tijuca,Rio De Janeiro,RJ,23-25,S,2024-02
ALU_5ebe1f39ab,Direito,5,Bacharelado Em Direito,Botafogo,Rio De Janeiro,RJ,20-22,S,2024-03
ALU_1a88f9ca93,Estudos De Mídia,6,Bacharelado Estudos De Mídia,Copacabana,Rio De Janeiro,RJ,23-25,S,2024-03
ALU_e35e9d199b,Psicologia,9,Bacharelado Em Psicologia,Laranjeiras,Rio De Janeiro,RJ,20-22,S,2024-03
ALU_f1db461aad,Administração,5,Bacharelado Em Administração,Barra Da Tijuca,Rio De Janeiro,RJ,20-22,S,2024-03
ALU_afc2e47a66,Ciências Econômicas,11,Bac Em Ciências Econômicas,Gavea,Rio De Janeiro,RJ,23-25,S,2024-03
ALU_72a00aa53f,Ciência Da Computação,5,Bac Ciência Da Computação,Copacabana,Rio De Janeiro,RJ,20-22,S,2024-03
ALU_4fae7e81ef,Design,16,Bacharelado Em Design,São Cristóvão,Rio De Janeiro,RJ,26-30,N,2024-03
ALU_0b66e2050e,Administração,7,Bacharelado Em Administração,Laranjeiras,Rio De Janeiro,RJ,20-22,S,2024-03
ALU_b88671ff85,Engenharia,6,Bac Engenharia De Computação,Barra Da Tijuca,Rio De Janeiro,RJ,20-22,N,2024-03
ALU_11f4d3585a,Engenharia,17,Bac Engenharia De Computação,Vila Valqueire,Rio De Janeiro,RJ,26-30,S,2024-03
ALU_65e88e51ff,Psicologia,6,Bacharelado Em Psicologia,Centro,Rio De Janeiro,RJ,23-25,S,2024-03
ALU_03b1681e0d,Jornalismo,5,Bacharelado Em Jornalismo,Copacabana,Rio De Janeiro,RJ,20-22,S,2024-03
ALU_3430668fc5,Administração,7,Bacharelado Em Administração,Leblon,Rio De Janeiro,RJ,,S,2024-03
ALU_4d6c8f05e9,Design,11,Bacharelado Em Design,Rio Comprido,Rio De Janeiro,RJ,,S,2024-03
ALU_493528bb87,Ciência Da Computação,9,Bac Ciência Da Computação,Leme,Rio De Janeiro,RJ,20-22,S,2024-03
ALU_1e9ff13a40,Direito,10,Bacharelado Em Direito,Ipanema,Rio De Janeiro,RJ,26-30,S,2024-03
ALU_f9bc843196,Administração,5,Bacharelado Em Administração,Gavea,Rio De Janeiro,RJ,26-30,S,2024-03
ALU_dc07139ec9,Ciências Econômicas,10,Bac Em Ciências Econômicas,Barra Da Tijuca,Rio De Janeiro,RJ,23-25,S,2024-03
ALU_090f4b8aca,Administração,8,Bacharelado Em Administração,Barra Da Tijuca,Rio De Janeiro,RJ,20-22,S,2024-03
ALU_7dcc6ed9db,Engenharia,13,Bac Engenharia De Computação,Barra Da Tijuca,Rio De Janeiro,RJ,23-25,S,2024-03
ALU_820b45228c,Design,9,Bacharelado Em Design,Gavea,Rio De Janeiro,RJ,20-22,S,2024-03
ALU_fda049a30c,Engenharia,11,Bac Em Engenharia De Produção,Botafogo,Rio De Janeiro,RJ,23-25,S,2024-03
ALU_c2a93c49d6,Ciência Da Computação,9,Bac Ciência Da Computação,Maracana,Rio De Janeiro,RJ,23-25,S,2024-03
ALU_f8086bad2c,Ciências Econômicas,7,Bac Em Ciências Econômicas,Sao Conrado,Rio De Janeiro,RJ,23-25,S,2024-03
ALU_aeeddca87d,Administração,9,Bacharelado Em Administração,Barra Da Tijuca,Rio De Janeiro,RJ,23-25,S,2024-03
ALU_d011d3832d,Ciências Econômicas,13,Bac Em Ciências Econômicas,Leblon,Rio De Janeiro,RJ,23-25,S,2024-03
ALU_860299bd84,Direito,11,Bacharelado Em Direito,Leblon,Rio De Janeiro,RJ,23-25,S,2024-03
ALU_05f8647e07,Direito,9,Bacharelado Em Direito,Tijuca,Rio De Janeiro,RJ,23-25,S,2024-03
ALU_287dc4b797,Direito,10,Bacharelado Em Direito,Iraja,Rio De Janeiro,RJ,,S,2024-03
ALU_18605e5470,Psicologia,9,Bacharelado Em Psicologia,Gavea,Rio De Janeiro,RJ,23-25,S,2024-03
ALU_b8fc2aec78,Pos-Graduacao Em Administracao,5,Mest Em Adm De Empresas,Jardim Sulacap,Rio De Janeiro,RJ,26-30,S,2024-03
ALU_2ac4849738,Psicologia,8,Bacharelado Em Psicologia,Leblon,Rio De Janeiro,RJ,20-22,S,2024-03
ALU_3537ef9946,Administração,9,Bacharelado Em Administração,Lagoa R De Freitas,Rio De Janeiro,RJ,,S,2024-03
ALU_71df664b76,Ciências Econômicas,7,Bac Em Ciências Econômicas,Gavea,Rio De Janeiro,RJ,20-22,S,2024-03
ALU_2e2714fd86,Design,11,Bacharelado Em Design,Sao Francisco,Niteroi,RJ,23-25,S,2024-03
ALU_779fb4aca8,Relacões Internacionais,9,Bac Relacões Internacionais,Flamengo,Rio De Janeiro,RJ,23-25,S,2024-03
ALU_96bc8dab95,Ciência Da Computação,7,Bac Ciência Da Computação,Itaipu,Niteroi,RJ,20-22,S,2024-03
ALU_11b0da4472,Psicologia,9,Bacharelado Em Psicologia,Botafogo,Rio De Janeiro,RJ,23-25,S,2024-03
ALU_5786e3ebd6,Estudos De Mídia,5,Bacharelado Estudos De Mídia,Rocinha,Rio De Janeiro,RJ,26-30,S,2024-03
ALU_70b56c0146,Ciência Da Computação,13,Bac Ciência Da Computação,Barra Da Tijuca,Rio De Janeiro,RJ,23-25,S,2024-03
ALU_72954fc3fc,Ciência Da Computação,6,Bac Ciência Da Computação,Barra Da Tijuca,Rio De Janeiro,RJ,20-22,S,2024-03
ALU_13a9804049,Jornalismo,6,Bacharelado Em Jornalismo,Vista Alegre,Rio De Janeiro,RJ,20-22,S,2024-03
ALU_ad760696b1,Estudos De Mídia,7,Bacharelado Estudos De Mídia,Barra Da Tijuca,Rio De Janeiro,RJ,20-22,S,2024-03
ALU_8704f5ee2f,Administração,9,Bacharelado Em Administração,Copacabana  Lagoa,Rio De Janeiro,RJ,23-25,S,2024-03
ALU_42bf45df4f,Estudos De Mídia,7,Bacharelado Estudos De Mídia,Copacabana,Rio De Janeiro,RJ,20-22,S,2024-03
ALU_21dcfe456b,Administração,9,Bacharelado Em Administração,Copacabana,Rio De Janeiro,RJ,23-25,S,2024-03
ALU_7e29c2c4ee,Administração,9,Bacharelado Em Administração,Copacabana,Rio De Janeiro,RJ,20-22,S,2024-03
ALU_78c4306e27,Jornalismo,13,Bacharelado Em Jornalismo,Trindade,Sao Goncalo,RJ,26-30,S,2024-03
ALU_5de5eba46a,Design,7,Bacharelado Em Design,Tijuquinha,Rio De Janeiro,RJ,23-25,S,2024-03
ALU_e48096e61c,Administração,9,Bacharelado Em Administração,Jacarepagua,Rio De Janeiro,RJ,,S,2024-03
ALU_61219bcc55,Ciências Econômicas,9,Bac Em Ciências Econômicas,Copacabana,Rio De Janeiro,RJ,20-22,S,2024-03
ALU_c3acd59955,Ciência Da Computação,6,Bac Ciência Da Computação,Belvedere,Barra Do Pirai,RJ,23-25,S,2024-03
ALU_9a74036b87,Ciência Da Computação,7,Bac Ciência Da Computação,Jacarepagua - Freguesia,Rio De Janeiro,RJ,23-25,S,2024-03
ALU_9e0ef5b744,Ciências Econômicas,11,Bac Em Ciências Econômicas,Barra Da Tijuca,Rio De Janeiro,RJ,23-25,S,2024-04
ALU_cdb8f93a43,Ciências Econômicas,7,Bac Em Ciências Econômicas,Barra Da Tijuca,Rio De Janeiro,RJ,,S,2024-04
ALU_e0ed0e0c7d,Jornalismo,5,Bacharelado Em Jornalismo,Gavea,Rio De Janeiro,RJ,23-25,S,2024-04
ALU_5aedd702ad,Ciências Econômicas,13,Bac Em Ciências Econômicas,Ipanema,Rio De Janeiro,RJ,,S,2024-04
ALU_79810ee90d,Estudos De Mídia,11,Bacharelado Estudos De Mídia,Jardim Botanico,Rio De Janeiro,RJ,26-30,N,2024-04
ALU_569f1876cc,Relacões Internacionais,5,Bac Relacões Internacionais,Copacabana,Rio De Janeiro,RJ,,S,2024-04
ALU_6d4ad50a75,Estudos De Mídia,9,Bacharelado Estudos De Mídia,Jacarepagua,Rio De Janeiro,RJ,23-25,S,2024-04
ALU_66b8794bfb,Ciência Da Computação,7,Bac Ciência Da Computação,Lagoa,Rio De Janeiro,RJ,20-22,S,2024-04
ALU_0ddc9357ff,Arquitetura E Urbanismo,10,Bac Arquitetura E Urbanismo,Barra Da Tijuca,Rio De Janeiro,RJ,23-25,S,2024-04
ALU_bffa833b71,Design,7,Bacharelado Em Design,Iraja,Rio De Janeiro,RJ,26-30,S,2024-04
ALU_43a8bdd089,Relacões Internacionais,7,Bac Relacões Internacionais,Flamengo,Rio De Janeiro,RJ,20-22,S,2024-04
ALU_36b0d1937a,Estudos De Mídia,6,Bacharelado Estudos De Mídia,Rocha,Rio De Janeiro,RJ,,S,2024-04
ALU_49adbbad6f,Estudos De Mídia,5,Bacharelado Estudos De Mídia,Gávea,Rio De Janeiro,RJ,20-22,S,2024-04
ALU_ba5083a128,Nutriçao,7,Bacharelado Em Nutriçao,Barra Da Tijuca,Rio De Janeiro,RJ,20-22,S,2024-04
ALU_6941a7fecd,Relacões Internacionais,7,Bac Relacões Internacionais,Barra,Rio De Janeiro,RJ,20-22,S,2024-04
ALU_c9896a952f,Design,9,Bacharelado Em Design,Leblon,Rio De Janeiro,RJ,23-25,S,2024-04
ALU_5864529958,Engenharia,13,Bac Em Engenharia De Produção,Barra Da Tijuca,Rio De Janeiro,RJ,23-25,S,2024-04
ALU_6f3d29b323,Estudos De Mídia,7,Bacharelado Estudos De Mídia,Leblon,Rio De Janeiro,RJ,20-22,S,2024-04
ALU_5e6c6c4c0c,Design,16,Bacharelado Em Design,Grajaú,Rio De Janeiro,RJ,,S,2024-04
ALU_1014d0184e,Neurociências,9,Bacharelado Em Neurociências,Laranjeiras,Rio De Janeiro,RJ,23-25,S,2024-04
ALU_7e979efbff,Letras,6,"Lic Let,Ling Port Resp Lit",Ramos,Rio De Janeiro,RJ,23-25,S,2024-04
ALU_4d5575c257,Psicologia,9,Bacharelado Em Psicologia,Barra Da Tijuca,Rio De Janeiro,RJ,23-25,S,2024-04
ALU_0597faaebb,Administração,7,Bacharelado Em Administração,Leblon,Rio De Janeiro,RJ,20-22,S,2024-04
ALU_a1bd8aa241,Psicologia,9,Bacharelado Em Psicologia,Laranjeiras,Rio De Janeiro,RJ,23-25,S,2024-04
ALU_f6c03771ec,Direito,5,Bacharelado Em Direito,Centro,Niteroi,RJ,20-22,S,2024-04
ALU_cf65584b10,Design,7,Bacharelado Em Design,Flamengo,Rio De Janeiro,RJ,20-22,S,2024-04
ALU_19edc0d8ab,Administração,8,Bacharelado Em Administração,Copacabana,Rio De Janeiro,RJ,23-25,N,2024-04
ALU_23780af681,Direito,6,Bacharelado Em Direito,Pilares,Rio De Janeiro,RJ,20-22,S,2024-04
ALU_7279549402,Administração,9,Bacharelado Em Administração,Tijuca,Rio De Janeiro,RJ,23-25,S,2024-04
ALU_f5477a0a8c,Filosofia,7,Bacharelado Em Filosofia,Flamengo,Rio De Janeiro,RJ,20-22,S,2024-04
ALU_2665e55170,Estudos De Mídia,10,Bacharelado Estudos De Mídia,Tijuca,Rio De Janeiro,RJ,23-25,S,2024-04
ALU_f534d5e74a,Estudos De Mídia,6,Bacharelado Estudos De Mídia,Botafogo,Rio De Janeiro,RJ,20-22,S,2024-04
ALU_c0f348ecde,Pos-Graduacao Em Fisica,5,Doutorado Em Ciencias-Fisica,Andarai,Rio De Janeiro,RJ,30+,S,2024-04
ALU_f4a2279302,Psicologia,7,Bacharelado Em Psicologia,Marechal Hermes,Rio De Janeiro,RJ,23-25,S,2024-04
ALU_0c3556dab2,Direito,6,Bacharelado Em Direito,Mare,Rio De Janeiro,RJ,,S,2024-04
ALU_163ae7d687,Psicologia,7,Bacharelado Em Psicologia,Barra Da Tijuca,Rio De Janeiro,RJ,23-25,S,2024-04
ALU_3d8a12abcd,Design,13,Bacharelado Em Design,Gávea,Rio De Janeiro,RJ,26-30,S,2024-04
ALU_fd6b87b40e,Direito,7,Bacharelado Em Direito,,Rio De Janeiro,RJ,,S,2024-04
ALU_07bec458e5,Arquitetura E Urbanismo,9,Bac Arquitetura E Urbanismo,Barra Da Tijuca,Rio De Janeiro,RJ,23-25,S,2024-04
ALU_519dc84e15,Relacões Internacionais,7,Bac Relacões Internacionais,Vargem Pequena,Rio De Janeiro,RJ,20-22,S,2024-04
ALU_c2aefe3302,Direito,5,Bacharelado Em Direito,Botafogo,Rio De Janeiro,RJ,23-25,S,2024-04
ALU_d9b4515013,Design,9,Bacharelado Em Design,Botafogo,Rio De Janeiro,RJ,23-25,S,2024-04
ALU_75f172cfb3,Relacões Internacionais,9,Bac Relacões Internacionais,Barra Da Tijuca,Rio De Janeiro,RJ,,S,2024-04
ALU_4bf1a8340a,Relacões Internacionais,11,Bac Relacões Internacionais,Botafogo,Rio De Janeiro,RJ,23-25,S,2024-04
ALU_9f52c04dd5,Administração,9,Bacharelado Em Administração,Leblon,Rio De Janeiro,RJ,23-25,S,2024-04
ALU_82e849a9c4,Arquitetura E Urbanismo,9,Bac Arquitetura E Urbanismo,Barra Da Tijuca,Rio De Janeiro,RJ,20-22,S,2024-04
ALU_b8fffad8aa,Administração,5,Bacharelado Em Administração,Jacarepagua,Rio De Janeiro,RJ,23-25,S,2024-05
ALU_3c69e6d5c5,Direito,7,Bacharelado Em Direito,Jardim Jose Bonifacio,Sao Joao De Meriti,RJ,20-22,S,2024-05
ALU_84710ff3c9,Engenharia,11,Bac Em Engenharia Civil,Tijuca,Rio De Janeiro,RJ,23-25,S,2024-05
ALU_14b9570069,Engenharia,11,Bac Em Engenharia De Produção,Botafogo,Rio De Janeiro,RJ,,N,2024-05
ALU_4a3f983d2d,Ciência Da Computação,7,Bac Ciência Da Computação,Rocinha,Rio De Janeiro,RJ,23-25,S,2024-05
ALU_05a7452cbe,Psicologia,5,Bacharelado Em Psicologia,Recreio Dos Bandeirantes,Rio De Janeiro,RJ,20-22,S,2024-05
ALU_ea38e29360,Engenharia,11,Bac Em Engenharia De Produção,Barra Da Tijuca,Rio De Janeiro,RJ,23-25,S,2024-05
ALU_f80b60c21c,Engenharia,13,Bac Em Engenharia De Produção,Barra Da Tijuca,Rio De Janeiro,RJ,23-25,S,2024-05
ALU_8f0f7e49ca,Ciência Da Computação,11,Bac Ciência Da Computação,Tanque,Rio De Janeiro,RJ,,S,2024-05
ALU_731807378a,Arquitetura E Urbanismo,13,Bac Arquitetura E Urbanismo,Gávea,Rio De Janeiro,RJ,,S,2024-05
ALU_e389275441,Ciências Econômicas,7,Bac Em Ciências Econômicas,Freguesia,Rio De Janeiro,RJ,,N,2024-05
ALU_f791e32cf4,Jornalismo,13,Bacharelado Em Jornalismo,Ipanema,Rio De Janeiro,RJ,23-25,S,2024-05
ALU_1272a07e53,Administração,7,Bacharelado Em Administração,Sao Conrado,Rio De Janeiro,RJ,20-22,S,2024-05
ALU_c3c442e283,Relacões Internacionais,6,Bac Relacões Internacionais,Penha Circular,Rio De Janeiro,RJ,23-25,S,2024-05
ALU_191d1d9cfb,Ciências Econômicas,9,Bac Em Ciências Econômicas,Jardim Botanico,Rio De Janeiro,RJ,,S,2024-05
ALU_e52f4e8916,Design,6,Bacharelado Em Design,Barra Da Tijuca,Rio De Janeiro,RJ,23-25,N,2024-05
ALU_53b3647c79,Pos-Graduacao Em Fisica,8,Doutorado Em Ciencias-Fisica,Gávea,Rio De Janeiro,RJ,26-30,S,2024-05
ALU_2108caabc0,Administração,6,Bacharelado Em Administração,Parque Lafaiete,Duque De Caxias,RJ,,S,2024-05
ALU_0712e1202b,Direito,12,Bacharelado Em Direito,Barra Da Tijuca,Rio De Janeiro,RJ,,S,2024-05
ALU_dd13ca2fab,Psicologia,15,Bacharelado Em Psicologia,Copacabana,Rio De Janeiro,RJ,23-25,S,2024-05
ALU_276a8a816e,Design,9,Bacharelado Em Design,Tijuca,Rio De Janeiro,RJ,23-25,S,2024-05
ALU_a29366d4e0,Design,11,Bacharelado Em Design,Botafogo,Rio De Janeiro,RJ,23-25,S,2024-05
ALU_573cc816f8,Ciências Econômicas,13,Bac Em Ciências Econômicas,Lagoa,Rio De Janeiro,RJ,23-25,S,2024-05
ALU_d5216afd4a,Psicologia,12,Bacharelado Em Psicologia,Copacabana,Rio De Janeiro,RJ,23-25,S,2024-05
ALU_062b6be7af,Teologia,10,Bacharelado Em Teologia,Leblon,Rio De Janeiro,RJ,30+,S,2024-05
ALU_5b354c5074,Administração,11,Bacharelado Em Administração,Lagoa,Rio De Janeiro,RJ,23-25,S,2024-05
ALU_71469e3547,Administração,8,Bacharelado Em Administração,Sao Conrado,Rio De Janeiro,RJ,20-22,S,2024-05
ALU_0b15a15cca,Filosofia,9,Licenciatura Em Filosofia,Campo Grande,Rio De Janeiro,RJ,30+,S,2024-05
ALU_c787c09a98,Ciências Econômicas,6,Bac Em Ciências Econômicas,Botafogo,Rio De Janeiro,RJ,,S,2024-05
ALU_ff6ea1ee03,Ciência Da Computação,11,Bac Ciência Da Computação,Copacabana,Rio De Janeiro,RJ,23-25,S,2024-05
ALU_5ac953866d,Arquitetura E Urbanismo,7,Bac Arquitetura E Urbanismo,Humaita,Rio De Janeiro,RJ,30+,S,2024-05
ALU_bbb1e3a9b6,Engenharia,11,Bac Em Engenharia De Produção,Leme,Rio De Janeiro,RJ,,S,2024-05
ALU_33a0aad7d8,Psicologia,8,Bacharelado Em Psicologia,Botafogo,Rio De Janeiro,RJ,23-25,S,2024-05
ALU_22f182f9bd,Engenharia,13,Bac Em Engenharia De Produção,Botafogo,Rio De Janeiro,RJ,23-25,S,2024-05
ALU_5f97af6e7b,Arquitetura E Urbanismo,8,Bac Arquitetura E Urbanismo,Joa,Rio De Janeiro,RJ,,S,2024-06
ALU_86a2b3275d,Administração,7,Bacharelado Em Administração,Ipanema,Rio De Janeiro,RJ,20-22,S,2024-06
ALU_9e5e30c688,Jornalismo,9,Bacharelado Em Jornalismo,Meier,Rio De Janeiro,RJ,23-25,S,2024-06
ALU_ee461e0269,Engenharia,7,Bac Em Engenharia De Produção,Charitas,Niteroi,RJ,20-22,S,2024-06
ALU_23c0341d83,Estudos De Mídia,7,Bacharelado Estudos De Mídia,Gavea,Rio De Janeiro,RJ,20-22,S,2024-06
ALU_cad436b2ff,Estudos De Mídia,5,Bacharelado Estudos De Mídia,Ipanema,Rio De Janeiro,RJ,20-22,N,2024-06
ALU_3685cf8b73,Administração,9,Bacharelado Em Administração,Barra Da Tijuca,Rio De Janeiro,RJ,23-25,S,2024-06
ALU_783b3b4549,Ciências Econômicas,8,Bac Em Ciências Econômicas,Barra Da Tijuca,Rio De Janeiro,RJ,20-22,S,2024-06
ALU_f2a620b408,Design,5,Bacharelado Em Design,Copacabana,Rio De Janeiro,RJ,20-22,S,2024-06
ALU_074abcf06a,Administração,8,Bacharelado Em Administração,Lagoa,Rio De Janeiro,RJ,<=19,S,2024-06
ALU_5187c40906,Ciência Da Computação,9,Bac Ciência Da Computação,Tijuca,Rio De Janeiro,RJ,23-25,S,2024-06
ALU_9e175007c4,Administração,9,Bacharelado Em Administração,Botafogo,Rio De Janeiro,RJ,23-25,S,2024-06
ALU_c44fdcd334,Ciências Econômicas,7,Bac Em Ciências Econômicas,Botafogo,Rio De Janeiro,RJ,20-22,S,2024-06
ALU_a4d20824e9,Engenharia,9,Bac Em Engenharia De Produção,Humaita,Rio De Janeiro,RJ,23-25,S,2024-06
ALU_e4bc47d1ea,Design,9,Bacharelado Em Design,Barra Da Tijuca,Rio De Janeiro,RJ,23-25,S,2024-06
ALU_357249822a,Engenharia,6,Bac Em Engenharia Elétrica,Jacarepagua,Rio De Janeiro,RJ,23-25,S,2024-06
ALU_218e37b2fc,Engenharia,7,Bac Em Engenharia De Produção,Barra Da Tijuca,Rio De Janeiro,RJ,20-22,S,2024-06
ALU_93d1efc736,Administração,11,Bacharelado Em Administração,Jardim Botanico,Rio De Janeiro,RJ,23-25,S,2024-06
ALU_67e07dc48e,Direito,9,Bacharelado Em Direito,Recreio Dos Bandeirantes,Rio De Janeiro,RJ,,S,2024-06
ALU_55ea0fd166,Engenharia,7,Bac Eng Mat Nano,Barra,Rio De Janeiro,RJ,,S,2024-06
ALU_3cabadd801,Administração,9,Bacharelado Em Administração,Lagoa,Rio De Janeiro,RJ,23-25,N,2024-06
ALU_8730a747b2,Relacões Internacionais,7,Bac Relacões Internacionais,Parque Maita,Mage,RJ,20-22,S,2024-06
ALU_107b8e4278,Engenharia,11,Bac Em Engenharia De Produção,Humaita,Rio De Janeiro,RJ,23-25,S,2024-06
ALU_7976db8986,Engenharia,11,Bac Em Engenharia Mecânica,Ipanema,Rio De Janeiro,RJ,23-25,S,2024-06
ALU_2bebd12381,Ciências Econômicas,9,Bac Em Ciências Econômicas,Botafogo,Rio De Janeiro,RJ,23-25,S,2024-06
ALU_72c0ac39d0,Engenharia,16,Bac Em Engenharia Civil,Praca Seca,Rio De Janeiro,RJ,26-30,S,2024-06
ALU_7762ac4918,Design,7,Bacharelado Em Design,São Conrado,Rio De Janeiro,RJ,20-22,S,2024-06
ALU_d792a46149,Psicologia,6,Bacharelado Em Psicologia,Copacabana,Rio De Janeiro,RJ,20-22,S,2024-06
ALU_9ae0762c94,Relacões Internacionais,5,Bac Relacões Internacionais,Jardim Botanico,Rio De Janeiro,RJ,20-22,S,2024-06
ALU_dc5e74e998,Relacões Internacionais,5,Bac Relacões Internacionais,Copacabana,Rio De Janeiro,RJ,20-22,S,2024-06
ALU_ff7342ea37,Relacões Internacionais,7,Bac Relacões Internacionais,Icarai,Niteroi,RJ,20-22,S,2024-06
ALU_95a43a4559,Estudos De Mídia,5,Bacharelado Estudos De Mídia,Gavea,Rio De Janeiro,RJ,20-22,S,2024-06
ALU_6ba2040039,Engenharia,15,Bac Em Engenharia De Produção,Copacabana,Rio De Janeiro,RJ,26-30,S,2024-06
ALU_c896bb717b,Engenharia,5,Bac Engenharia De Computação,Inga,Niteroi,RJ,23-25,S,2024-06
ALU_5e6d85a28b,Design,6,Bacharelado Em Design,Centro,Rio De Janeiro,RJ,20-22,S,2024-06
ALU_7bf857bea3,Engenharia,11,Bac Em Engenharia Química,Copacabana,Rio De Janeiro,RJ,,S,2024-06
ALU_ff3ca72363,Geografia,13,Licenciatura Em Geografia,Rocinha,Rio De Janeiro,RJ,,S,2024-06
ALU_b3941939c6,Engenharia,7,Bac Engenharia De Computação,Leblon,Rio De Janeiro,RJ,20-22,S,2024-07
ALU_81f0c6a726,Engenharia,11,Bac Em Engenharia De Produção,Copacabana,Rio De Janeiro,RJ,23-25,S,2024-07
ALU_71d2b4ea3f,Estudos De Mídia,4,Bacharelado Estudos De Mídia,Inga,Niteroi,RJ,20-22,S,2024-07
ALU_c57601bbdb,Design,9,Bacharelado Em Design,Tijuca,Rio De Janeiro,RJ,23-25,S,2024-07
ALU_b22a453765,Ciências Econômicas,11,Bac Em Ciências Econômicas,Jardim Botanico,Rio De Janeiro,RJ,23-25,S,2024-07
ALU_0917cdb5be,Ciências Econômicas,9,Bac Em Ciências Econômicas,Sao Conrado,Rio De Janeiro,RJ,23-25,S,2024-07
ALU_fbd1547231,Psicologia,6,Bacharelado Em Psicologia,Inga,Niteroi,RJ,23-25,S,2024-07
ALU_c957094dec,Pos-Graduacao Relacoes Internacionais,5,Mestrado Relacoes Internac,Recreio Dos Bandeirantes,Rio De Janeiro,RJ,23-25,S,2024-07
ALU_ea020d8766,Administração,5,Bacharelado Em Administração,Jardim Botânico,Rio De Janeiro,RJ,20-22,S,2024-07
ALU_5ea01d11d5,Ciência Da Computação,6,Bac Ciência Da Computação,Freguesia De Jacarepagua,Rio De Janeiro,RJ,,S,2024-07
ALU_7cb8349075,Engenharia,11,Bac Engenharia De Computação,Barra Da Tijuca,Rio De Janeiro,RJ,23-25,S,2024-07
ALU_be340871f9,Jornalismo,6,Bacharelado Em Jornalismo,Anil,Rio De Janeiro,RJ,26-30,S,2024-07
ALU_bfa0ff09a1,Engenharia,12,Bac Em Engenharia Química,Ilha Do Governador,Rio De Janeiro,RJ,23-25,S,2024-07
ALU_545aac9eee,Engenharia,7,Bac Em Engenharia Mecânica,Recreio Dos Bandeirantes,Rio De Janeiro,RJ,20-22,S,2024-07
ALU_6855ded63a,Administração,7,Bacharelado Em Administração,Copacabana,Rio De Janeiro,RJ,23-25,S,2024-07
ALU_cd6bb671ee,Direito,6,Bacharelado Em Direito,Austin,Nova Iguaçu,RJ,30+,S,2024-07
ALU_0d8f62950e,Engenharia,5,Bac Engenharia De Computação,Barra Da Tijuca,Rio De Janeiro,RJ,,S,2024-07
ALU_56a23bdc92,Geografia,5,Bacharelado Em Geografia,Andarai,Rio De Janeiro,RJ,20-22,S,2024-07
ALU_8c5c77388d,Psicologia,9,Bacharelado Em Psicologia,Jardim Viana,Sao Paulo,SP,30+,S,2024-07
ALU_ab96a51cf5,Engenharia,7,Bac Em Engenharia Civil,Jardim Primavera,Duque De Caxias,RJ,20-22,S,2024-07
ALU_eca13d2914,Ciência Da Computação,6,Bac Ciência Da Computação,Méier,Rio De Janeiro,RJ,20-22,S,2024-07
ALU_d120e9ff74,Direito,7,Bacharelado Em Direito,Humaita,Rio De Janeiro,RJ,20-22,S,2024-07
ALU_40332afa4d,Relacões Internacionais,5,Bac Relacões Internacionais,Guaratiba,Rio De Janeiro,RJ,20-22,S,2024-07
ALU_3b775e32d6,Engenharia,5,Bac Em Engenharia De Produção,Piratininga,Niteroi,RJ,23-25,S,2024-07
ALU_cdfa90062c,Psicologia,6,Bacharelado Em Psicologia,Engenheiro Pedreira,Japeri,RJ,<=19,S,2024-07
ALU_628082830a,Estudos De Mídia,7,Bacharelado Estudos De Mídia,Gavea,Rio De Janeiro,RJ,20-22,S,2024-07
ALU_1ef2caeefc,Ciências Econômicas,7,Bac Em Ciências Econômicas,Jardim Botanico,Rio De Janeiro,RJ,20-22,S,2024-07
ALU_8206fd4d88,Ciência Da Computação,13,Bac Ciência Da Computação,Barra Da Tijuca,Rio De Janeiro,RJ,23-25,S,2024-07
ALU_ebdf8ac0e0,Psicologia,7,Bacharelado Em Psicologia,Rocinha,Rio De Janeiro,RJ,20-22,S,2024-07
ALU_b1fe0d849a,Administração,12,Bacharelado Em Administração,Ramos,Rio De Janeiro,RJ,23-25,S,2024-07
ALU_50ad3c748f,Engenharia,5,Bac Em Engenharia De Produção,Barra Da Tijuca,Rio De Janeiro,RJ,20-22,S,2024-07
ALU_2f66944a4e,Engenharia,5,Bac Em Engenharia De Produção,Ipanema,Rio De Janeiro,RJ,20-22,S,2024-07
ALU_e53eef30dc,Pos-Graduacao Em Estudos Da Linguagem,5,Doutorado Em Letras,Vila Isabel,Rio De Janeiro,RJ,,S,2024-07
ALU_0b744b138d,Design,7,Bacharelado Em Design,Ipanema,Rio De Janeiro,RJ,20-22,S,2024-07
ALU_138be98086,Engenharia,13,Bac Em Engenharia Civil,Recreio Dos Bandeirantes,Rio De Janeiro,RJ,23-25,S,2024-07
ALU_9e49b76b4d,História,11,Licenciatura Em História,Tijuca,Rio De Janeiro,RJ,,S,2024-07
ALU_df70c85a7e,Psicologia,7,Bacharelado Em Psicologia,Rocinha,Rio De Janeiro,RJ,,S,2024-07
ALU_292a9cfb7c,Administração,7,Bacharelado Em Administração,Barra Da Tijuca,Rio De Janeiro,RJ,,S,2024-08
ALU_b698e34d71,Psicologia,6,Bacharelado Em Psicologia,Jacarepagua,Rio De Janeiro,RJ,23-25,S,2024-08
ALU_f501935d2a,Direito,9,Bacharelado Em Direito,Barra Da Tijuca,Rio De Janeiro,RJ,,S,2024-08
ALU_80c29ec29c,Engenharia,12,Bac Em Engenharia De Produção,Barra Da Tijuca,Rio De Janeiro,RJ,,S,2024-08
ALU_ecc9a134f6,Ciência Da Computação,7,Bac Ciência Da Computação,Barra Da Tijuca,Rio De Janeiro,RJ,20-22,S,2024-08
ALU_1a7ceca93e,Engenharia,16,Bac Eng Controle E Automação,Barra Da Tijuca,Rio De Janeiro,RJ,26-30,S,2024-08
ALU_ec73e2a2f1,Arquitetura E Urbanismo,9,Bac Arquitetura E Urbanismo,Praia Do Pecado,Macae,RJ,,S,2024-08
ALU_cb22d6deaf,Engenharia,11,Bac Em Engenharia De Produção,Jardim Botancio,Rio De Janeiro,RJ,23-25,S,2024-08
ALU_979bc3b629,Design,8,Bacharelado Em Design,Botafogo,Rio De Janeiro,RJ,23-25,S,2024-08
ALU_093b6a95c6,Engenharia,13,Bac Em Engenharia Química,Rocinha,Rio De Janeiro,RJ,23-25,S,2024-08
ALU_8c26dfefed,Jornalismo,6,Bacharelado Em Jornalismo,Gavea,Rio De Janeiro,RJ,20-22,S,2024-08
ALU_cf29ad74e4,Design,5,Bacharelado Em Design,Gavea,Rio De Janeiro,RJ,20-22,S,2024-08
ALU_b7e86547bd,Psicologia,7,Bacharelado Em Psicologia,Jacarepagua,Rio De Janeiro,RJ,30+,S,2024-08
ALU_9075ffed72,Direito,9,Bacharelado Em Direito,Gávea,Rio De Janeiro,RJ,23-25,S,2024-08
ALU_731adbe12a,Estudos De Mídia,7,Bacharelado Estudos De Mídia,Barra Da Tijuca,Rio De Janeiro,RJ,20-22,S,2024-08
ALU_375e56dda3,Engenharia,9,Bac Em Engenharia De Produção,Ipanema,Rio De Janeiro,RJ,20-22,S,2024-08
ALU_f284a36c45,Ciências Econômicas,6,Bac Em Ciências Econômicas,Leblon,Rio De Janeiro,RJ,20-22,S,2024-08
ALU_538133db7d,Ciência Da Computação,11,Bac Ciência Da Computação,Barra Da Tijuca,Rio De Janeiro,RJ,23-25,S,2024-08
ALU_38d7aec3e3,Direito,4,Bacharelado Em Direito,Portuguesa,Rio De Janeiro,RJ,30+,S,2024-08
ALU_7d53a319d9,Filosofia,4,Licenciatura Em Filosofia,Leblon,Rio De Janeiro,RJ,30+,S,2024-08
ALU_3a87c3cd14,Psicologia,7,Bacharelado Em Psicologia,Ipanema,Rio De Janeiro,RJ,20-22,S,2024-08
ALU_95f3f81947,Engenharia,6,Bac Em Engenharia De Produção,Leblon,Rio De Janeiro,RJ,20-22,N,2024-08
ALU_8cc31a7a55,Administração,11,Bacharelado Em Administração,Barra Da Tijuca,Rio De Janeiro,RJ,30+,S,2024-08
ALU_e310d24670,Engenharia,15,Bac Em Engenharia Civil,Copacabana,Rio De Janeiro,RJ,,S,2024-08
ALU_ea55953de6,Engenharia,9,Bac Em Engenharia De Produção,Tijuca,Rio De Janeiro,RJ,23-25,S,2024-08
ALU_3efdc06e04,Administração,5,Bacharelado Em Administração,Gavea,Rio De Janeiro,RJ,20-22,S,2024-08
ALU_555e87e66c,Direito,6,Bacharelado Em Direito,Barra Da Tijuca,Rio De Janeiro,RJ,23-25,S,2024-08
ALU_7d7b64e36c,Direito,4,Bacharelado Em Direito,Copacabana,Rio De Janeiro,RJ,20-22,S,2024-08
ALU_7aecca3227,Jornalismo,11,Bacharelado Em Jornalismo,Lagoa,Rio De Janeiro,RJ,23-25,S,2024-08
ALU_142459d699,Ciências Sociais,9,Bac Em Ciências Sociais,Lagoa,Rio De Janeiro,RJ,23-25,S,2024-08
ALU_96d3401f36,Ciências Econômicas,9,Bac Em Ciências Econômicas,Barra Da Tijuca,Rio De Janeiro,RJ,20-22,S,2024-08
ALU_b1ca1e4d96,Estudos De Mídia,4,Bacharelado Estudos De Mídia,Engenho Novo,Rio De Janeiro,RJ,,S,2024-08
ALU_0d1330d9c4,Ciências Econômicas,9,Bac Em Ciências Econômicas,Jardim Guanabara,Rio De Janeiro,RJ,23-25,S,2024-08
ALU_a613da961f,Ciências Econômicas,9,Bac Em Ciências Econômicas,Laranjeiras,Rio De Janeiro,RJ,,S,2024-08
ALU_aa0e2bc59d,Estudos De Mídia,13,Bacharelado Estudos De Mídia,Barra Da Tijuca,Rio De Janeiro,RJ,23-25,S,2024-08
ALU_7ca674cc9c,Estudos De Mídia,6,Bacharelado Estudos De Mídia,Rocinha,Rio De Janeiro,RJ,20-22,S,2024-08
ALU_183b21555d,Administração,5,Bacharelado Em Administração,Botafogo,Rio De Janeiro,RJ,,S,2024-08
ALU_2dd9b93228,Engenharia,12,Bac Engenharia De Computação,Leblon,Rio De Janeiro,RJ,,S,2024-08
ALU_b629d82ca2,Ciências Econômicas,9,Bac Em Ciências Econômicas,Lagoa,Rio De Janeiro,RJ,23-25,S,2024-08
ALU_7766e2a7a6,Estudos De Mídia,13,Bacharelado Estudos De Mídia,Anil,Rio De Janeiro,RJ,<=19,S,2024-08
ALU_1fc6ec5214,Administração,5,Bacharelado Em Administração,Gavea,Rio De Janeiro,RJ,23-25,S,2024-08
ALU_3750515408,Relacões Internacionais,7,Bac Relacões Internacionais,Sao Lourenco,Niteroi,RJ,23-25,S,2024-08
ALU_3bb53fca18,Engenharia,7,Bac Em Engenharia De Produção,Barra Da Tijuca,Rio De Janeiro,RJ,20-22,S,2024-08
ALU_2d24803c30,Letras,6,Bac Let Port Ing Resp Lit,Itanhanga,Rio De Janeiro,RJ,30+,S,2024-08
ALU_075d8423f4,Estudos De Mídia,9,Bacharelado Estudos De Mídia,Barra Da Tijuca,Rio De Janeiro,RJ,23-25,S,2024-08
ALU_38f2dfae80,Nutriçao,5,Bacharelado Em Nutriçao,Lagoa,Rio De Janeiro,RJ,20-22,N,2024-08
ALU_710f60e09a,Engenharia,9,Bac Em Engenharia De Produção,Anil,Rio De Janeiro,RJ,30+,S,2024-08
ALU_4279a1181e,Ciências Econômicas,9,Bac Em Ciências Econômicas,Ipanema,Rio De Janeiro,RJ,30+,S,2024-08
ALU_e99834fbb9,Direito,9,Bacharelado Em Direito,Barra Da Tijuca,Rio De Janeiro,RJ,,S,2024-08
ALU_be1915d652,Estudos De Mídia,4,Bacharelado Estudos De Mídia,Vila Isabel,Rio De Janeiro,RJ,20-22,S,2024-08
ALU_e322a49678,Direito,4,Bacharelado Em Direito,Freguesia (Ilha Do Governador),Rio De Janeiro,RJ,20-22,S,2024-08
ALU_26e794b6f3,Ciência Da Computação,5,Bac Ciência Da Computação,Barra Da Tijuca,Rio De Janeiro,RJ,20-22,S,2024-08
ALU_1d124ac85b,Estudos De Mídia,7,Bacharelado Estudos De Mídia,Barra Da Tijuca,Rio De Janeiro,RJ,20-22,S,2024-08
ALU_983051705a,Administração,6,Bacharelado Em Administração,Vidigal,Rio De Janeiro,RJ,23-25,S,2024-08
ALU_d153011719,Ciências Econômicas,7,Bac Em Ciências Econômicas,Leblon,Rio De Janeiro,RJ,20-22,S,2024-08
ALU_2d43925354,Administração,9,Bacharelado Em Administração,Gavea,Rio De Janeiro,RJ,20-22,S,2024-08
ALU_bca48eb43d,Engenharia,11,Bac Engenharia De Computação,Vila Isabel,Rio De Janeiro,RJ,23-25,S,2024-08
ALU_d5068ac3f0,Administração,5,Bacharelado Em Administração,Vila Sao Luiz,Nova Iguacu,RJ,,S,2024-08
ALU_d2ad1f0ede,Jornalismo,6,Bacharelado Em Jornalismo,Alto Da Boa Vista,Rio De Janeiro,RJ,,S,2024-08
ALU_70fb8bcbe3,Psicologia,11,Bacharelado Em Psicologia,Botafogo,Rio De Janeiro,RJ,23-25,S,2024-08
ALU_6f26178960,Direito,7,Bacharelado Em Direito,Bento Ribeiro,Rio De Janeiro,RJ,23-25,S,2024-09
ALU_df48b17cf5,Geografia,11,Licenciatura Em Geografia,Icaraí,Niterói,RJ,23-25,S,2024-09
ALU_2049b5d049,Ciências Econômicas,5,Bac Em Ciências Econômicas,Copacabana,Rio De Janeiro,RJ,20-22,S,2024-09
ALU_30b53654f2,Administração,6,Bacharelado Em Administração,Cabuis,Nilopolis,RJ,,S,2024-09
ALU_9e60ef9e00,Estudos De Mídia,6,Bacharelado Estudos De Mídia,Itanhanga,Rio De Janeiro,RJ,20-22,S,2024-09
ALU_365d641324,Arquitetura E Urbanismo,13,Bac Arquitetura E Urbanismo,Jardim Botanico,Rio De Janeiro,RJ,,S,2024-09
ALU_a86d24eeda,Direito,7,Bacharelado Em Direito,Humaita,Rio De Janeiro,RJ,,S,2024-09
ALU_f734a226b9,Arquitetura E Urbanismo,6,Bac Arquitetura E Urbanismo,Vargem Grande,Rio De Janeiro,RJ,20-22,S,2024-09
ALU_eb9dd131a7,Administração,5,Bacharelado Em Administração,Santa Eugenia,Nova Iguacu,RJ,20-22,S,2024-09
ALU_de1491c0f6,Ciências Econômicas,6,Bac Em Ciências Econômicas,Laranjeiras,Rio De Janeiro,RJ,26-30,S,2024-09
ALU_8278a30c6e,Jornalismo,7,Bacharelado Em Jornalismo,Gavea,Rio De Janeiro,RJ,23-25,S,2024-09
ALU_0ab48e35ca,Psicologia,4,Bacharelado Em Psicologia,Gávea ,Rio De Janeiro,RJ,20-22,S,2024-09
ALU_9f0de333d6,Engenharia,15,Bac Em Engenharia Mecânica,Barra Da Tijuca,Rio De Janeiro,RJ,23-25,S,2024-09
ALU_172c80d865,Engenharia,4,Bac Eng Controle E Automação,Gavea,Rio De Janeiro,RJ,20-22,S,2024-09
ALU_8c1e0d7a3d,Jornalismo,6,Bacharelado Em Jornalismo,Copacabana,Rio De Janeiro,RJ,20-22,S,2024-09
ALU_f7fc717770,Química,9,Bacharelado Em Química,Vila Isabel,Rio De Janeiro,RJ,20-22,S,2024-09
ALU_61252ed6b4,Engenharia,18,Bac Em Engenharia Civil,Sao Conrado,Rio De Janeiro,RJ,,S,2024-09
ALU_54efc5c002,Psicologia,5,Bacharelado Em Psicologia,Gavea,Rio De Janeiro,RJ,<=19,S,2024-09
ALU_104602d93a,Engenharia,6,Bac Eng Controle E Automação,Barra Da Tijuca,Rio De Janeiro,RJ,23-25,S,2024-09
ALU_7aeb5c7b56,Administração,6,Bacharelado Em Administração,Rocinha,Rio De Janeiro,RJ,26-30,S,2024-09
ALU_98d57332dc,Ciências Econômicas,9,Bac Em Ciências Econômicas,Barra Da Tijuca,Rio De Janeiro,RJ,23-25,S,2024-09
ALU_ff722627e5,Direito,5,Bacharelado Em Direito,Gávea,Rio De Janeiro ,RJ,20-22,S,2024-09
ALU_618f4d3822,Ciências Econômicas,9,Bac Em Ciências Econômicas,Barra Da Tijuca,Rio De Janeiro,RJ,23-25,S,2024-09
ALU_866f320de7,Ciência Da Computação,6,Bac Ciência Da Computação,Recreio Dos Bandeirantes,Rio De Janeiro,RJ,20-22,S,2024-09
ALU_5c0081f158,Serviço Social,6,Bac Serviço Social,Vila Sao Luis,Duque De Caxias,RJ,20-22,S,2024-09
ALU_a6de9aa853,Direito,9,Bacharelado Em Direito,Barra Da Tijuca,Rio De Janeiro,RJ,23-25,S,2024-09
ALU_329fc2494e,Arquitetura E Urbanismo,7,Bac Arquitetura E Urbanismo,Urca,Rio De Janeiro,RJ,20-22,S,2024-09
ALU_d54fd9118f,Engenharia,10,Bac Em Engenharia De Produção,Barra Da Tijuca,Rio De Janeiro,RJ,23-25,S,2024-09
ALU_40bfa4d457,Jornalismo,4,Bacharelado Em Jornalismo,Centro,Nilopolis,RJ,20-22,S,2024-09
ALU_fd3a71afba,Psicologia,6,Bacharelado Em Psicologia,Sao Cristovao,Rio De Janeiro,RJ,23-25,S,2024-09
ALU_43260c891b,Direito,5,Bacharelado Em Direito,Barra Da Tijuca,Rio De Janeiro,RJ,20-22,S,2024-09
ALU_1efec1a487,Ciências Econômicas,11,Bac Em Ciências Econômicas,Barra Da Tijuca,Rio De Janeiro,RJ,23-25,S,2024-09
ALU_c3a4b7b41f,Teologia,5,Bacharelado Em Teologia,Coelho Neto,Rio De Janeiro,RJ,30+,S,2024-09
ALU_a4a5a9942a,Estudos De Mídia,5,Bacharelado Estudos De Mídia,Copacabana,Rio De Janeiro,RJ,20-22,S,2024-10
ALU_7c4c21c46c,Administração,6,Bacharelado Em Administração,Parque Columbia,Rio De Janeiro,RJ,,S,2024-10
ALU_8ca7df6ff2,Jornalismo,9,Bacharelado Em Jornalismo,Gavea,Rio De Janeiro,RJ,23-25,S,2024-10
ALU_b8f7ad8cf0,Ciência Da Computação,6,Bac Ciência Da Computação,Rocinha,Rio De Janeiro,RJ,26-30,S,2024-10
ALU_c254a55ab7,Engenharia,6,Bac Engenharia De Computação,Rocinha,Rio De Janeiro,RJ,26-30,S,2024-10
ALU_90c410325f,Design,7,Bacharelado Em Design,Gavea,Rio De Janeiro,RJ,,S,2024-10
ALU_27a5b02cd0,Psicologia,4,Bacharelado Em Psicologia,Rio Das Pedras,Rio De Janeiro,RJ,20-22,S,2024-10
ALU_bf12c7152c,Design,5,Bacharelado Em Design,Mangalarga,Petropolis,RJ,20-22,S,2024-10
ALU_fb3e3f2feb,Direito,5,Bacharelado Em Direito,Barra Da Tijuca,Rio De Janeiro,RJ,20-22,S,2024-10
ALU_0e71c736ed,Pos-Graduacao Relacoes Internacionais,4,Mest Anali Gestao Pol Interna,Botafogo,Rio De Janeiro,RJ,23-25,S,2024-10
ALU_a0ffb5000d,Engenharia,12,Bac Em Engenharia De Produção,Barra Da Tijuca,Rio De Janeiro,RJ,,S,2024-10
ALU_7546ab43de,Psicologia,11,Bacharelado Em Psicologia,Retiro,Petropolis,RJ,,S,2024-10
ALU_19aff46dc0,Ciências Econômicas,7,Bac Em Ciências Econômicas,Leblon,Rio De Janeiro,RJ,,S,2024-10
ALU_8ba5aabcce,Direito,7,Bacharelado Em Direito,Barra Da Tijuca,Rio De Janeiro,RJ,,S,2024-10
ALU_88e9af1977,Ciência Da Computação,7,Bac Ciência Da Computação,Sao Conrado,Rio De Janeiro,RJ,20-22,S,2024-10
ALU_dbb3b2690a,Ciências Biológicas,4,Bac Em Ciências Biológicas,Leme,Rio De Janeiro,RJ,20-22,S,2024-10
ALU_e16789887a,Engenharia,7,Bac Em Engenharia De Produção,Ipanema,Rio De Janeiro,RJ,,S,2024-10
ALU_4780ab5cd3,Ciências Econômicas,9,Bac Em Ciências Econômicas,Flamengo,Rio De Janeiro,RJ,23-25,S,2024-10
ALU_d1e9cfe76d,Estudos De Mídia,7,Bacharelado Estudos De Mídia,Leme,Rio De Janeiro,RJ,20-22,S,2024-10
ALU_1afab74fa5,Engenharia,11,Bac Em Engenharia Mecânica,Ipanema,Rio De Janeiro,RJ,23-25,S,2024-10
ALU_554bef9fc7,Engenharia,6,Bac Em Engenharia De Produção,Itanhanga,Rio De Janeiro,RJ,23-25,S,2024-10
ALU_162e34863d,Direito,6,Bacharelado Em Direito,Maracana,Rio De Janeiro,RJ,,N,2024-10
ALU_ef1b9e2056,Estudos De Mídia,6,Bacharelado Estudos De Mídia,Jacarepaguá,Rio De Janeiro,RJ,,S,2024-10
ALU_44be9b6134,Ciências Econômicas,9,Bac Em Ciências Econômicas,Leblon,Rio De Janeiro,RJ,20-22,S,2024-10
ALU_aa180c2426,Estudos De Mídia,7,Bacharelado Estudos De Mídia,Tijuca,Rio De Janeiro,RJ,20-22,S,2024-10
ALU_e024670b1d,Ciência Da Computação,5,Bac Ciência Da Computação,Benfica,Rio De Janeiro,RJ,23-25,N,2024-10
ALU_d1226ae55d,Estudos De Mídia,7,Bacharelado Estudos De Mídia,Gávea,Rio De Janeiro,RJ,20-22,S,2024-10
ALU_174c87c946,Ciências Econômicas,9,Bac Em Ciências Econômicas,Barra Da Tijuca,Rio De Janeiro,RJ,23-25,S,2024-10
ALU_7f9430ace8,Direito,5,Bacharelado Em Direito,Sao Cristovao,Rio De Janeiro,RJ,23-25,S,2024-10
ALU_f4a31827a9,Ciências Econômicas,8,Bac Em Ciências Econômicas,Jacarepaguá,Rio De Janeiro,RJ,23-25,S,2024-11
ALU_04211b2ca8,Administração,7,Bacharelado Em Administração,Barra Da Tijuca,Rio De Janeiro,RJ,20-22,S,2024-11
ALU_3a142aa464,Engenharia,6,Bac Engenharia De Computação,Wona,Belford Roxo,RJ,20-22,S,2024-11
ALU_4ee808c823,Pos-Graduacao Em Informatica,4,Mestrado Em Informatica,Gavea,Rio De Janeiro,RJ,,S,2024-11
ALU_7b463e7296,Administração,17,Bacharelado Em Administração,Freguesia,Rio De Janeiro,RJ,,S,2024-11
ALU_812d8c85ca,Estudos De Mídia,5,Bacharelado Estudos De Mídia,Gavea,Rio De Janeiro,RJ,20-22,S,2024-11
ALU_6d7ff8161e,Jornalismo,7,Bacharelado Em Jornalismo,Barra Da Tijuca ,Rio De Janeiro,RJ,20-22,S,2024-11
ALU_51e4c34d58,Design,6,Bacharelado Em Design,Jacarepagua,Rio De Janeiro,RJ,23-25,S,2024-11
ALU_33a39a79dd,Ciência Da Computação,9,Bac Ciência Da Computação,Tijuca,Rio De Janeiro,RJ,23-25,S,2024-11
ALU_890fa19aea,Design,6,Bacharelado Em Design,Nossa Senhora Do Carmo,Duque De Caxias,RJ,20-22,S,2024-11
ALU_f3b953220c,Engenharia,7,Bac Engenharia De Computação,Jacarepagua,Rio De Janeiro,RJ,20-22,S,2024-11
ALU_14287b0646,Engenharia,7,Bac Em Engenharia De Produção,Barra Da Tijuca,Rio De Janeiro,RJ,20-22,S,2024-11
ALU_be60092000,Ciências Econômicas,7,Bac Em Ciências Econômicas,Lagoa,Rio De Janeiro,RJ,20-22,S,2024-11
ALU_e52a9bda84,Ciência Da Computação,5,Bac Ciência Da Computação,Agua Santa,Rio De Janeiro,RJ,20-22,S,2024-11
ALU_3e9f962668,Relacões Internacionais,9,Bac Relacões Internacionais,Barra Da Tijuca,Rio De Janeiro,RJ,23-25,S,2024-11
ALU_b97f42565d,Engenharia,7,Bac Engenharia De Computação,Botafogo,Rio De Janeiro,RJ,,S,2024-11
ALU_b2cf578abe,Relacões Internacionais,5,Bac Relacões Internacionais,Lagoa,Rio De Janeiro,RJ,20-22,S,2024-11
ALU_85bbf8ac44,Psicologia,5,Bacharelado Em Psicologia,Lagoa,Rio De Janeiro,RJ,,S,2024-11
ALU_487c4299d7,Engenharia,6,Bac Em Engenharia Mecânica,Campo Grande,Rio De Janeiro,RJ,20-22,S,2024-11
ALU_65c579a1a3,Design,6,Bacharelado Em Design,Cosmos,Rio De Janeiro,RJ,23-25,S,2024-11
ALU_7062f900f2,Psicologia,5,Bacharelado Em Psicologia,Jardim Guanabara,Rio De Janeiro,RJ,,S,2024-11
ALU_e08f23e410,S/E - Sem Especificacao,4,,,Rio De Janeiro ,RJ,26-30,S,2024-11
ALU_b83ce3cdc0,Relacões Internacionais,7,Bac Relacões Internacionais,Barra Da Tijuca,Rio De Janeiro,RJ,,S,2024-11
ALU_29f7c87837,Design,6,Bacharelado Em Design,Jacarepagua,Rio De Janeiro,RJ,20-22,S,2024-11
ALU_86df7b4d49,Relacões Internacionais,6,Bac Relacões Internacionais,"Parque Da Cidade, Gavea",Rio De Janeiro,RJ,26-30,S,2024-11
ALU_a4298ace35,Ciências Econômicas,7,Bac Em Ciências Econômicas,Jardim Botanico,Rio De Janeiro,RJ,20-22,S,2024-11
ALU_0aca9fca75,Engenharia,7,Bac Em Engenharia De Produção,Leme,Rio De Janeiro,RJ,20-22,S,2024-11
ALU_83cea56f5d,Engenharia,7,Bac Em Engenharia De Produção,Barra Da Tijuca,Rio De Janeiro,RJ,20-22,S,2024-11
ALU_dbdf97856e,Direito,4,Bacharelado Em Direito,Campo Grande,Rio De Janeiro,RJ,20-22,S,2024-11
ALU_15c1580601,Estudos De Mídia,3,Bacharelado Estudos De Mídia,Catete,Rio De Janeiro,RJ,23-25,S,2024-11
ALU_e78ba4d268,Estudos De Mídia,4,Bacharelado Estudos De Mídia,Sao Domingos,Niteroi,RJ,20-22,S,2024-11
ALU_99453fb6ef,Direito,15,Bacharelado Em Direito,Ipanema,Rio De Janeiro,RJ,,S,2024-11
ALU_32b7663ac5,Engenharia,4,Bac Engenharia De Computação,Centro,Rio De Janeiro,RJ,20-22,S,2024-11
ALU_b73cebbd5c,Design,8,Bacharelado Em Design,São Conrado,Rio De Janeiro,RJ,23-25,S,2024-12
ALU_7021d55be1,Ciências Econômicas,7,Bac Em Ciências Econômicas,Recreio Dos Bandeirantes,Rio De Janeiro,RJ,20-22,S,2024-12
ALU_47eb28c012,Ciências Econômicas,7,Bac Em Ciências Econômicas,Leblon,Rio De Janeiro,RJ,20-22,S,2024-12
ALU_0cebc3b776,Administração,7,Bacharelado Em Administração,Laranjeiras,Rio De Janeiro,RJ,20-22,S,2024-12
ALU_d3be5cb78e,Ciência Da Computação,3,Bac Ciência Da Computação,Freguesia,Rio De Janeiro,RJ,20-22,S,2024-12
ALU_935b3875a0,Direito,7,Bacharelado Em Direito,Camorim,Rio De Janeiro,RJ,,S,2024-12
ALU_5950e57340,Comunicação Social,12,"Com Social-Jornalismo, Bachar",Santa Teresa,Rio De Janeiro,RJ,,S,2024-12
ALU_76aec64643,Ciências Econômicas,4,Bac Em Ciências Econômicas,Barra Da Tijuca,Rio De Janeiro,RJ,20-22,S,2024-12
ALU_4d02e1944f,Letras,3,"Lic Let, Port Inglês Resp Lit",Realengo,Rio De Janeiro,RJ,23-25,S,2024-12
ALU_1fd678ad1d,Engenharia,7,Bac Em Engenharia Química,Botafogo,Rio De Janeiro,RJ,20-22,S,2024-12
ALU_c4eb6e4fc4,Engenharia,8,Bac Engenharia De Computação,Leblon,Rio De Janeiro,RJ,23-25,S,2024-12
ALU_ebf709debd,Estudos De Mídia,3,Bacharelado Estudos De Mídia,Jardim Botanico,Rio De Janeiro,RJ,23-25,S,2024-12
ALU_d198419bba,Design,7,Bacharelado Em Design,Lagoa,Rio De Janeiro,RJ,20-22,S,2024-12
ALU_f8c787761e,Artes Cênicas,10,Bac Art Cênicas,Tijuca,Rio De Janeiro,RJ,23-25,S,2024-12
ALU_b2245b4540,Direito,12,Bacharelado Em Direito,Barra Da Tijuca,Rio De Janeiro,RJ,,S,2024-12
ALU_7fd37ecb48,Engenharia,7,Bac Engenharia De Computação,Ramos,Rio De Janeiro,RJ,23-25,S,2024-12
ALU_a721dbab5b,Direito,5,Bacharelado Em Direito,Tijuca,Rio De Janeiro,RJ,20-22,S,2024-12
ALU_2109d9474c,Engenharia,5,Bac Em Engenharia Civil,Tijuca,Rio De Janeiro,RJ,23-25,S,2024-12
ALU_0f5698580c,Direito,9,Bacharelado Em Direito,Leblon,Rio De Janeiro,RJ,,S,2024-12
ALU_fa10b628c6,Serviço Social,6,Bac Serviço Social,Glória,Rio De Janeiro,RJ,30+,S,2024-12
ALU_102bc8cd45,Ciências Econômicas,9,Bac Em Ciências Econômicas,Gavea,Rio De Janeiro,RJ,20-22,S,2024-12
ALU_494cd46b3b,Ciência Da Computação,13,Bac Ciência Da Computação,Tijuca,Rio De Janeiro,RJ,23-25,S,2024-12
ALU_5c43282883,Pos-Graduacao Em Design,11,Doutorado Em Design,Vidigal,Rio De Janeiro,RJ,30+,N,2024-12
ALU_de7fc14ce3,Engenharia,5,Bac Engenharia De Computação,Flamengo,Rio De Janeiro,RJ,20-22,S,2024-12
ALU_be9f9f4383,Nutriçao,7,Bacharelado Em Nutriçao,Tijuca,Rio De Janeiro,RJ,20-22,S,2024-12
ALU_ad7ed85058,Pos-Graduacao Em Informatica,7,Mestrado Em Informatica,Gávea,Rio De Janeiro,RJ,,S,2024-12
ALU_4f0fa4c7b5,Pos-Grad Eng Quim Mater E Proc Ambie,5,Dout Eng Quim Mater E Pro Amb,Austin,Nova Iguacu,RJ,,S,2024-12
ALU_f32433ef1e,Psicologia,6,Bacharelado Em Psicologia,Vila Columbia,Rio De Janeiro,RJ,23-25,S,2024-12
ALU_299cb7a4f5,Psicologia,3,Bacharelado Em Psicologia,Alto Da Boa Vista,Rio De Janeiro,RJ,30+,S,2024-12
ALU_65b689c55e,Engenharia,5,Bac Engenharia De Computação,Barra Olimpica,Rio De Janeiro,RJ,20-22,S,2024-12
ALU_48f0551b80,Ciência Da Computação,4,Bac Ciência Da Computação,Taquara,Rio De Janeiro,RJ,20-22,S,2025-01
ALU_c83f0d311e,Filosofia,13,Bacharelado Em Filosofia,Campo Grande,Rio De Janeiro,RJ,23-25,N,2025-01
ALU_9aa1838ecf,Ciência Da Computação,12,Bac Ciência Da Computação,Barra Da Tijuca,Rio De Janeiro,RJ,23-25,S,2025-01
ALU_dc4d46a3e5,Design,5,Bacharelado Em Design,Barra Da Tijuca,Rio De Janeiro,RJ,20-22,S,2025-01
ALU_a5151ecd7d,Direito,7,Bacharelado Em Direito,Ipanema,Rio De Janeiro,RJ,<=19,S,2025-01
ALU_ca29c3ec27,Ciência Da Computação,7,Bac Ciência Da Computação,Botafogo,Rio De Janeiro,RJ,23-25,S,2025-01
ALU_acd3fd50a2,Design,7,Bacharelado Em Design,Barra Da Tijuca,Rio De Janeiro,RJ,20-22,S,2025-01
ALU_86f66564a6,Direito,15,Bacharelado Em Direito,Penha Circular,Rio De Janeiro,RJ,30+,N,2025-01
ALU_51a93ca547,Design,7,Bacharelado Em Design,Tijuca,Rio De Janeiro,RJ,23-25,S,2025-01
ALU_6e3c0e4710,Design,11,Bacharelado Em Design,Bangu,Rio De Janeiro,RJ,26-30,S,2025-01
ALU_57bc3471b9,Direito,8,Bacharelado Em Direito,Lagoa,Rio De Janeiro,RJ,23-25,S,2025-01
ALU_c87813eb23,Engenharia,11,Bac Em Engenharia De Produção,Urca,Rio De Janeiro,RJ,23-25,S,2025-01
ALU_179993f337,Engenharia,20,Bac Em Engenharia Mecânica,"Monero, Ilha Do Governador",Rio De Janeiro,RJ,,S,2025-01
ALU_f43a06b968,Filosofia,7,Licenciatura Em Filosofia,Flamengo,Rio De Janeiro,RJ,,N,2025-01
ALU_26caff876e,Geografia,3,Bacharelado Em Geografia,Flamengo,Rio De Janeiro,RJ,20-22,S,2025-01
ALU_a1eeede170,Arquitetura E Urbanismo,7,Bac Arquitetura E Urbanismo,Jardim Guanabara,Rio De Janeiro,RJ,26-30,S,2025-01
ALU_7615c5ba91,Psicologia,5,Bacharelado Em Psicologia,Barra Da Tijuca,Rio De Janeiro,RJ,20-22,S,2025-01
ALU_7881bec734,Psicologia,11,Bacharelado Em Psicologia,Anil,Rio De Janeiro,RJ,,S,2025-01
ALU_532d29774f,Nutriçao,5,Bacharelado Em Nutriçao,Itanhanga,Rio De Janeiro,RJ,,S,2025-01
ALU_22e86c06ad,Administração,7,Bacharelado Em Administração,Itanhanga,Rio De Janeiro,RJ,30+,S,2025-01
ALU_e08de86f3e,Relacões Internacionais,11,Bac Relacões Internacionais,Barra Da Tijuca,Rio De Janeiro,RJ,,S,2025-01
ALU_349599d033,Teologia,3,Bacharelado Em Teologia,Penha,Rio De Janeiro,RJ,,S,2025-01
ALU_7cbf31e899,Ciências Econômicas,10,Bac Em Ciências Econômicas,Copacabana,Rio De Janeiro,RJ,26-30,S,2025-01
ALU_31f17f9fbd,Design,3,Bacharelado Em Design,Tijuca,Rio De Janeiro,RJ,,S,2025-01
ALU_12339ef9f0,Direito,6,Bacharelado Em Direito,Copacabana,Rio De Janeiro,RJ,23-25,S,2025-01
ALU_51828b1772,Design,9,Bacharelado Em Design,Curicica,Rio De Janeiro,RJ,20-22,S,2025-01
ALU_3ec578dd9e,Letras,3,"Tradutor Inglês, Bacharelado",Bangu,Rio De Janeiro,RJ,20-22,S,2025-01
ALU_4b1e1feeb9,Design,9,Bacharelado Em Design,Ipanema,Rio De Janeiro,RJ,,S,2025-01
ALU_92481a33bc,Direito,5,Bacharelado Em Direito,Copacabana,Rio De Janeiro,RJ,,S,2025-01
ALU_ad8f38a8e4,Nutriçao,3,Bacharelado Em Nutriçao,Gavea,Rio De Janeiro,RJ,30+,S,2025-01
ALU_2fb9006cfa,Serviço Social,3,Bac Serviço Social,Laranjeiras,Rio De Janeiro,RJ,20-22,S,2025-01
ALU_444a1c7b9b,Estudos De Mídia,3,Bacharelado Estudos De Mídia,Botafogo,Rio De Janeiro,RJ,20-22,S,2025-01
ALU_c2a9b2e321,Neurociências,7,Bacharelado Em Neurociências,Humaita,Rio De Janeiro,RJ,20-22,S,2025-01
ALU_951a5e3922,Direito,5,Bacharelado Em Direito,Barra Da Tijuca,Rio De Janeiro,RJ,23-25,S,2025-01
ALU_85cbd16f99,Administração,6,Bacharelado Em Administração,Parque Das Missoes,Duque De Caxias,RJ,,S,2025-01
ALU_81ab1f96ea,Psicologia,9,Bacharelado Em Psicologia,Andarai,Rio De Janeiro,RJ,23-25,S,2025-01
ALU_9575b86b4e,Arquitetura E Urbanismo,8,Bac Arquitetura E Urbanismo,Tijuca,Rio De Janeiro,RJ,23-25,S,2025-01
ALU_9025786884,Engenharia,9,Bac Em Engenharia De Produção,Gavea,Rio De Janeiro,RJ,,S,2025-01
ALU_10d8276d67,Letras,5,Bac Let Port Ing Resp Lit,Rocha Miranda,Rio De Janeiro,RJ,30+,S,2025-01
ALU_9ac76cbf5b,Administração,9,Bacharelado Em Administração,Ipanema,Rio De Janeiro,RJ,20-22,S,2025-01
ALU_172fb39a59,Engenharia,11,Bac Em Engenharia De Produção,Lagoa,Rio De Janeiro,RJ,23-25,S,2025-01
ALU_3b86622df0,Engenharia,6,Bac Em Engenharia De Produção,Manguinhos,Rio De Janeiro,RJ,26-30,S,2025-01
ALU_b7ab77a859,Direito,9,Bacharelado Em Direito,Sao Francisco,Niteroi,RJ,,S,2025-01
ALU_cf14e5631f,Administração,6,Bacharelado Em Administração,Lagoa,Rio De Janeiro,RJ,20-22,S,2025-01
ALU_b6eab1142a,Psicologia,6,Bacharelado Em Psicologia,Tijuca,Rio De Janeiro,RJ,,S,2025-01
ALU_c87307881d,Psicologia,7,Bacharelado Em Psicologia,Maracana,Rio De Janeiro,RJ,,S,2025-01
ALU_0f507d4d5a,Direito,7,Bacharelado Em Direito,Tijuca,Rio De Janeiro,RJ,23-25,S,2025-01
ALU_bff8805abd,Psicologia,5,Bacharelado Em Psicologia,Laranjeiras,Rio De Janeiro,RJ,,S,2025-01
ALU_f3529ff018,Administração,9,Bacharelado Em Administração,Barra Da Tijuca,Rio De Janeiro,RJ,,S,2025-01
ALU_ee7c16d79e,Serviço Social,3,Bac Serviço Social,Rocinha,Rio De Janeiro,RJ,20-22,S,2025-01
ALU_c0db486879,Ciências Econômicas,4,Bac Em Ciências Econômicas,Ilha Do Governador,Rio De Janeiro,RJ,20-22,S,2025-01
ALU_30deae15f0,Direito,3,Bacharelado Em Direito,Barra Da Tijuca,Rio De Janeiro,RJ,20-22,S,2025-01
ALU_e52ca7dfc9,Psicologia,6,Bacharelado Em Psicologia,Tijuca,Rio De Janeiro,RJ,26-30,S,2025-01
ALU_c90a3e287c,Engenharia,5,Bac Engenharia De Computação,Tijuca,Rio De Janeiro,RJ,,S,2025-01
ALU_2451fa89b6,Ciências Econômicas,7,Bac Em Ciências Econômicas,Ipanema,Rio De Janeiro,RJ,20-22,S,2025-01
ALU_0c44d61443,Engenharia,9,Bac Em Engenharia Química,Gavea,Rio De Janeiro,RJ,23-25,S,2025-01
ALU_3900272506,Letras,3,"Lic Let,Ling Port Resp Lit",Vidigal,Rio De Janeiro,RJ,,S,2025-01
ALU_a2102abe31,Pos-Graduacao Em Psicologia,5,Mestrado Em Psicologia,Riachuelo,Rio De Janeiro,RJ,,S,2025-01
ALU_f34fb4a7b1,Ciências Econômicas,5,Bac Em Ciências Econômicas,Barra Da Tijuca,Rio De Janeiro,RJ,20-22,S,2025-02
ALU_1407ad104a,Psicologia,8,Bacharelado Em Psicologia,Leblon,Rio De Janeiro,RJ,20-22,S,2025-02
ALU_a132ec3722,Arquitetura E Urbanismo,9,Bac Arquitetura E Urbanismo,Albuquerque,Teresopolis,RJ,,S,2025-02
ALU_dd93b0a4e5,Engenharia,9,Bac Em Engenharia De Produção,Barra Da Tijuca,Rio De Janeiro,RJ,20-22,S,2025-02
ALU_77234112fc,Ciências Econômicas,11,Bac Em Ciências Econômicas,Barra Da Tijuca,Rio De Janeiro,RJ,,S,2025-02
ALU_9db6010126,Psicologia,7,Bacharelado Em Psicologia,Leblon,Rio De Janeiro,RJ,20-22,S,2025-02
ALU_c7948497ed,Psicologia,7,Bacharelado Em Psicologia,Barra Da Tijuca,Rio De Janeiro,RJ,,S,2025-02
ALU_bf612e5b7f,Administração,9,Bacharelado Em Administração,Sao Francisco,Niteroi,RJ,20-22,S,2025-02
ALU_8b4009f15a,Jornalismo,5,Bacharelado Em Jornalismo,Centro,Nova Iguaçu,RJ,20-22,S,2025-02
ALU_15267533ff,Engenharia,6,Bac Em Engenharia Química,Leblon,Rio De Janeiro,RJ,23-25,S,2025-02
ALU_2972747f67,Ciências Econômicas,11,Bac Em Ciências Econômicas,Jardim Oceanico,Rio De Janeiro,RJ,,S,2025-02
ALU_17a77ce959,Psicologia,11,Bacharelado Em Psicologia,Catete,Rio De Janeiro,RJ,,S,2025-02
ALU_bce9eb36ad,Relacões Internacionais,7,Bac Relacões Internacionais,Gavea,Rio De Janeiro,RJ,20-22,S,2025-02
ALU_66c8716f84,Direito,6,Bacharelado Em Direito,Santa Lucia,Duque De Caxias,RJ,23-25,S,2025-02
ALU_974bbe0274,Engenharia,3,Bac Engenharia De Computação,Jardim Primavera,Duque De Caxias,RJ,20-22,S,2025-02
ALU_e93501ec5f,Ciências Econômicas,5,Bac Em Ciências Econômicas,Ipanema,Rio De Janeiro,RJ,20-22,S,2025-02
ALU_1a62429de5,Estudos De Mídia,3,Bacharelado Estudos De Mídia,Covanca,Sao Goncalo,RJ,20-22,S,2025-02
ALU_f12a7e66f1,Direito,3,Bacharelado Em Direito,Botafogo,Rio De Janeiro,RJ,20-22,S,2025-02
ALU_0f4a3bb4b8,Psicologia,6,Bacharelado Em Psicologia,Maracanã,Rio De Janeiro,RJ,30+,S,2025-02
ALU_35d3f6824d,Ciências Econômicas,11,Bac Em Ciências Econômicas,Copacabana,Rio De Janeiro,RJ,23-25,S,2025-02
ALU_5bde1d3c4e,Engenharia,9,Bac Engenharia De Computação,Tijuca,Rio De Janeiro,RJ,20-22,S,2025-02
ALU_818d966d4c,Ciência Da Computação,9,Bac Ciência Da Computação,Barra Da Tijuca,Rio De Janeiro,RJ,23-25,S,2025-02
ALU_1eaab017c6,Estudos De Mídia,13,Bacharelado Estudos De Mídia,Barra Da Tijuca,Rio De Janeiro,RJ,,S,2025-02
ALU_9084601907,Ciências Econômicas,10,Bac Em Ciências Econômicas,Penha,Rio De Janeiro,RJ,,S,2025-02
ALU_f77e42f610,Jornalismo,7,Bacharelado Em Jornalismo,Laranjeiras,Rio De Janeiro,RJ,,S,2025-02
ALU_b2b8833641,Engenharia,5,Bac Engenharia De Computação,Barra Da Tijuca,Rio De Janeiro,RJ,20-22,S,2025-02
ALU_ad3195a38f,Estudos De Mídia,4,Bacharelado Estudos De Mídia,Leblon,Rio De Janeiro,RJ,23-25,S,2025-02
ALU_532bfce150,Estudos De Mídia,7,Bacharelado Estudos De Mídia,Humaita,Rio De Janeiro,RJ,20-22,S,2025-02
ALU_59f23b41ee,Administração,6,Bacharelado Em Administração,25 De Agosto,Duque De Caxias,RJ,20-22,S,2025-02
ALU_b340ef131c,Design,7,Bacharelado Em Design,Barra Da Tijuca,Rio De Janeiro,RJ,20-22,S,2025-02
ALU_c550a509ce,Design,7,Bacharelado Em Design,Tijuca,Rio De Janeiro,RJ,23-25,S,2025-02
ALU_55e4083716,Estudos De Mídia,5,Bacharelado Estudos De Mídia,Gavea,Rio De Janeiro,RJ,23-25,S,2025-02
ALU_980fe84a04,Design,3,Bacharelado Em Design,Mangueira,Rio De Janeiro,RJ,20-22,S,2025-02
ALU_641ed0305b,Administração,7,Bacharelado Em Administração,Lagoa,Rio De Janeiro,RJ,,N,2025-02
ALU_c998c25953,Estudos De Mídia,7,Bacharelado Estudos De Mídia,Copacabana,Rio De Janeiro,RJ,20-22,S,2025-02
ALU_274f81cad3,Psicologia,6,Bacharelado Em Psicologia,Botafogo,Rio De Janeiro,RJ,,S,2025-02
ALU_f1fbcaa8c6,Ciência Da Computação,18,Bac Ciência Da Computação,Barra,Rio De Janeiro,RJ,26-30,N,2025-02
ALU_5cdd2a02dc,Ciências Econômicas,6,Bac Em Ciências Econômicas,Bento Ribeiro,Rio De Janeiro,RJ,20-22,S,2025-02
ALU_9e8951fe3a,Administração,3,Bacharelado Em Administração,Leblon,Rio De Janeiro,RJ,,S,2025-02
ALU_ad6457b502,Engenharia,9,Bac Em Engenharia De Produção,Ipanema,Rio De Janeiro,RJ,23-25,S,2025-02
ALU_20241f715c,Engenharia,13,Bac Em Engenharia De Produção,Cidadr De Deus - Jacarepaguá ,Rio De Janeiro,RJ,23-25,S,2025-02
ALU_6f69491b68,Design,3,Bacharelado Em Design,Icarai,Niteroi,RJ,,S,2025-02
ALU_0ce0a140da,Ciências Econômicas,6,Bac Em Ciências Econômicas,Jardim Meriti,Sao Joao De Meriti,RJ,26-30,S,2025-02
ALU_e2a5d93b12,Ciência Da Computação,6,Bac Ciência Da Computação,Jacarepagua,Rio De Janeiro,RJ,23-25,S,2025-02
ALU_b246dd56b2,Psicologia,6,Bacharelado Em Psicologia,Andarai,Rio De Janeiro,RJ,20-22,S,2025-02
ALU_aa4ec4e051,Psicologia,8,Bacharelado Em Psicologia,Barra Da Tijuca,Rio De Janeiro,RJ,20-22,S,2025-02
ALU_e9bd2cd45c,Administração,11,Bacharelado Em Administração,Tijuca,Rio De Janeiro,RJ,,S,2025-02
ALU_8ba875184a,Direito,3,Bacharelado Em Direito,Copacabana,Rio De Janeiro,RJ,20-22,S,2025-02
ALU_60cf6c5f3b,Engenharia,7,Bac Em Engenharia Civil,Catete,Rio De Janeiro,RJ,20-22,S,2025-02
ALU_eea5b3390a,Relacões Internacionais,3,Bac Relacões Internacionais,Humaitá,Rio De Janeiro,RJ,<=19,N,2025-02
ALU_c0c81d8473,Estudos De Mídia,4,Bacharelado Estudos De Mídia,Tijuca,Rio De Janeiro,RJ,20-22,S,2025-02
ALU_65207537b3,Pos-Graduacao Em Informatica,5,Mestrado Em Informatica,Agua Limpa,Volta Redonda,RJ,,S,2025-02
ALU_5d91b1e7f1,Ciência Da Computação,4,Bac Ciência Da Computação,Copacabana,Rio De Janeiro,RJ,20-22,S,2025-02
ALU_1daec5122c,Estudos De Mídia,11,Bacharelado Estudos De Mídia,Flamengo,Rio De Janeiro,RJ,23-25,S,2025-02
ALU_4d872c77f0,Pos-Graduacao Em Administracao,3,Mest Em Adm De Empresas,Ipanema,Rio De Janeiro,RJ,30+,N,2025-02
ALU_4bc36d08ad,Psicologia,7,Bacharelado Em Psicologia,Gavea,Rio De Janeiro,RJ,20-22,S,2025-02
ALU_5c3686be01,Engenharia,4,Bac Engenharia De Computação,Leblon,Rio De Janeiro,RJ,,S,2025-02
ALU_ddf0e474f3,Engenharia,9,Bac Em Engenharia De Produção,Barra Da Tijuca,Rio De Janeiro,RJ,20-22,S,2025-02
ALU_cdcbd6f8ed,Direito,5,Bacharelado Em Direito,Recreio Dos Bandeirantes,Rio De Janeiro,RJ,20-22,S,2025-02
ALU_0eb279fcad,Ciências Econômicas,11,Bac Em Ciências Econômicas,Copacabana,Rio De Janeiro,RJ,23-25,S,2025-02
ALU_a50bcc65d0,Jornalismo,3,Bacharelado Em Jornalismo,Camboinhas,Niteroi,RJ,20-22,S,2025-02
ALU_0454d6eb9b,Direito,5,Bacharelado Em Direito,Barra Da Tijuca,Rio De Janeiro,RJ,,S,2025-02
ALU_bbbf7b5e56,Jornalismo,4,Bacharelado Em Jornalismo,Itanhangá,Rio De Janeiro,RJ,20-22,S,2025-02
ALU_db794b9f55,Ciência Da Computação,9,Bac Ciência Da Computação,Olaria,Rio De Janeiro,RJ,23-25,S,2025-02
ALU_e8119b6b59,Pos-Graduacao Em Historia,3,Mestrado Em Historia,Vila Gabriela (Manilha),Itaboraí,RJ,23-25,S,2025-02
ALU_a9ce381419,Engenharia,14,Bac Em Engenharia Civil,Barra Da Tijuca,Rio De Janeiro,RJ,,S,2025-02
ALU_4cd5f86f3d,Direito,7,Bacharelado Em Direito,Recreio,Rio De Janeiro,RJ,,S,2025-02
ALU_5f050ca268,Direito,7,Bacharelado Em Direito,Botafogo,Rio De Janeiro,RJ,20-22,S,2025-02
ALU_822cf47e8f,Direito,5,Bacharelado Em Direito,Leblon,Rio De Janeiro,RJ,20-22,S,2025-02
ALU_987f0325fd,Psicologia,3,Bacharelado Em Psicologia,Jardim Icarai,Niteroi,RJ,20-22,S,2025-02
ALU_c6096d7f1f,Direito,14,Bacharelado Em Direito,Parque Dos Laranjais,Campo Grande,MS,,S,2025-02
ALU_9230187c39,Direito,9,Bacharelado Em Direito,Lagoa,Rio De Janeiro,RJ,,S,2025-02
ALU_e1c6e3b024,Direito,3,Bacharelado Em Direito,Tijuca,Rio De Janeiro,RJ,20-22,S,2025-02
ALU_03fa3e1cd3,Ciências Econômicas,6,Bac Em Ciências Econômicas,Barra Da Tijuca,Rio De Janeiro,RJ,23-25,N,2025-02
ALU_1096d4196f,Estudos De Mídia,4,Bacharelado Estudos De Mídia,Meier,Rio De Janeiro,RJ,20-22,S,2025-02
ALU_e9c8233ce9,Design,4,Bacharelado Em Design,Urca,Rio De Janeiro,RJ,20-22,S,2025-03
ALU_7af2127cd9,Arquitetura E Urbanismo,3,Bac Arquitetura E Urbanismo,Todos Os Santos,Rio De Janeiro,RJ,<=19,S,2025-03
ALU_c1a51bb918,Estudos De Mídia,8,Bacharelado Estudos De Mídia,Barra Da Tijuca,Rio De Janeiro,RJ,23-25,S,2025-03
ALU_9ea4f858b3,Engenharia,11,Bac Eng Mat Nano,Barra Da Tijuca,Rio De Janeiro,RJ,,N,2025-03
ALU_09710ee3c6,Psicologia,3,Bacharelado Em Psicologia,Penha,Rio De Janeiro,RJ,26-30,S,2025-03
ALU_0b039ff340,Design,7,Bacharelado Em Design,Flamengo,Rio De Janeiro,RJ,,S,2025-03
ALU_0f29592449,Ciência Da Computação,3,Bac Ciência Da Computação,Barra Da Tijuca,Rio De Janeiro,RJ,<=19,S,2025-03
ALU_cdd86f8161,Ciência Da Computação,3,Bac Ciência Da Computação,Bangu,Rio De Janeiro,RJ,20-22,S,2025-03
ALU_8b9860b9fa,Jornalismo,5,Bacharelado Em Jornalismo,Copacabana,Rio De Janeiro,RJ,20-22,S,2025-03
ALU_e364b73f62,Ciência Da Computação,3,Bac Ciência Da Computação,Flamengo,Rio De Janeiro,RJ,23-25,S,2025-03
ALU_78c572b40e,Direito,5,Bacharelado Em Direito,Gavea,Rio De Janeiro,RJ,,S,2025-03
ALU_5d4b7b17e7,Design,9,Bacharelado Em Design,Pechincha,Rio De Janeiro,RJ,,S,2025-03
ALU_0fe05c66fd,Design,9,Bacharelado Em Design,Humaita,Rio De Janeiro,RJ,,S,2025-03
ALU_6994941556,Psicologia,5,Bacharelado Em Psicologia,Icarai,Niteroi,RJ,,S,2025-03
ALU_7d52cf627e,Direito,9,Bacharelado Em Direito,Barra Da Tijuca,Rio De Janeiro,RJ,,S,2025-03
ALU_7d69a764c5,Arquitetura E Urbanismo,10,Bac Arquitetura E Urbanismo,Realengo,Rio De Janeiro,RJ,23-25,S,2025-03
ALU_f84ceff8d2,Direito,5,Bacharelado Em Direito,Botafogo,Rio De Janeiro,RJ,20-22,S,2025-03
ALU_0c5b31d7e0,Design,6,Bacharelado Em Design,Centro,Rio De Janeiro,RJ,,S,2025-03
ALU_24a6bf1cf5,Ciência Da Computação,3,Bac Ciência Da Computação,Vila Isabel,Rio De Janeiro,RJ,20-22,S,2025-03
ALU_bd8b83a814,Administração,3,Bacharelado Em Administração,Vidigal,Rio De Janeiro,RJ,30+,S,2025-03
ALU_a40b1b8938,Design,12,Bacharelado Em Design,Lagoa,Rio De Janeiro,RJ,,S,2025-03
ALU_02ce919f57,Ciências Econômicas,9,Bac Em Ciências Econômicas,Gavea,Rio De Janeiro,RJ,,S,2025-03
ALU_678855642f,Engenharia,9,Bac Engenharia De Computação,Barra Da Tijuca,Rio De Janeiro,RJ,23-25,S,2025-03
ALU_276d726e3a,Engenharia,3,Bac Em Engenharia De Produção,Botafogo,Rio De Janeiro,RJ,20-22,S,2025-03
ALU_d00e2c4e96,S/E - Sem Especificacao,3,,Copacabana,Rio De Janeiro,RJ,23-25,S,2025-03
ALU_593e23db43,Engenharia,3,Bac Engenharia De Computação,Parque Nova Esperanca,Duque De Caxias,RJ,,S,2025-03
ALU_477fb74d54,Psicologia,7,Bacharelado Em Psicologia,Taquara,Rio De Janeiro,RJ,23-25,S,2025-03
ALU_d72c343a0f,Engenharia,3,Bac Eng Controle E Automação,Botafogo,Rio De Janeiro,RJ,20-22,S,2025-03
ALU_02fbee8495,Ciências Biológicas,7,Bac Em Ciências Biológicas,Acari,Rio De Janeiro,RJ,,S,2025-03
ALU_b8479c8585,Ciências Econômicas,7,Bac Em Ciências Econômicas,Copacabana,Rio De Janeiro,RJ,20-22,S,2025-03
ALU_0d2e08b6a1,Arquitetura E Urbanismo,8,Bac Arquitetura E Urbanismo,Copacabana,Rio De Janeiro,RJ,23-25,S,2025-03
ALU_72fbb58eef,Design,8,Bacharelado Em Design,Tijuca,Rio De Janeiro,RJ,20-22,S,2025-03
ALU_1c248c7f1c,Engenharia,9,Bac Eng Controle E Automação,Leblon,Rio De Janeiro,RJ,,N,2025-03
ALU_3d97e4cbc1,Ciências Biológicas,3,Lic Em Ciências Biológicas,Tijuca,Rio De Janeiro,RJ,26-30,S,2025-03
ALU_cc1793506c,Administração,9,Bacharelado Em Administração,Iraja,Rio De Janeiro,RJ,23-25,S,2025-03
ALU_e90ed0f82e,Estudos De Mídia,9,Bacharelado Estudos De Mídia,Ipanema,Rio De Janeiro,RJ,23-25,S,2025-03
ALU_aad48b39c4,Estudos De Mídia,5,Bacharelado Estudos De Mídia,Rio Comprido,Rio De Janeiro,RJ,20-22,S,2025-03
ALU_523e339e2a,Pos-Graduacao Em Administracao,3,Mest Em Adm De Empresas,Engenho Novo,Rio De Janeiro,RJ,26-30,S,2025-03
ALU_ae8d80c467,Engenharia,9,Bac Em Engenharia De Produção,Grajau,Rio De Janeiro,RJ,20-22,S,2025-03
ALU_c42d3fdaf1,Direito,11,Bacharelado Em Direito,Gavea,Rio De Janeiro,RJ,,S,2025-03
ALU_83f17d37ff,Engenharia,7,Bac Em Engenharia De Produção,Lagoa,Rio De Janeiro,RJ,20-22,S,2025-03
ALU_40f4c12110,Administração,11,Bacharelado Em Administração,Barra Da Tijuca,Rio De Janeiro,RJ,,S,2025-03
ALU_0dcfa4db01,Ciências Econômicas,3,Bac Em Ciências Econômicas,Icarai,Niteroi,RJ,,S,2025-03
ALU_f9b6678ed3,Relacões Internacionais,5,Bac Relacões Internacionais,Flamengo,Rio De Janeiro,RJ,20-22,S,2025-03
ALU_09b9a033e5,Administração,17,Bacharelado Em Administração,Gavea,Rio De Janeiro,RJ,,S,2025-03
ALU_48c5fa9db1,Ciências Biológicas,3,Bac Em Ciências Biológicas,Barra Da Tijuca,Rio De Janeiro,RJ,,S,2025-03
ALU_52c77af41d,Pos-Graduacao Em Geografia,3,Mestrado Em Geografia,Nova Piam,Belford Roxo,RJ,23-25,S,2025-03
ALU_765c9b78c6,Estudos De Mídia,13,Bacharelado Estudos De Mídia,Leblon,Rio De Janeiro,RJ,23-25,S,2025-03
ALU_1147777dfe,Direito,3,Bacharelado Em Direito,Botafogo,Rio De Janeiro,RJ,20-22,S,2025-03
ALU_bc5e8ce879,Pos-Graduacao Em Historia,3,Mestrado Em Historia,Botafogo,Rio De Janeiro,RJ,,S,2025-03
ALU_0b0059e938,Design,3,Bacharelado Em Design,Catete,Rio De Janeiro,RJ,,S,2025-03
ALU_c9e63efe0e,Engenharia,11,Bac Engenharia De Computação,Barra Da Tijuca,Rio De Janeiro,RJ,23-25,S,2025-03
ALU_ce36f877f3,Design,6,Bacharelado Em Design,Tomazinho,Sao Joao De Meriti,RJ,23-25,S,2025-03
ALU_c1e84c934e,Administração,7,Bacharelado Em Administração,Leblon,Rio De Janeiro,RJ,,S,2025-03
ALU_15dd6f8f4b,Engenharia,13,Bac Em Engenharia De Produção,Botafogo,Rio De Janeiro,RJ,,S,2025-03
ALU_8617938d2e,Pos-Graduacao Em Informatica,3,Mestrado Em Informatica,Centro,Belford Roxo,RJ,26-30,S,2025-03
ALU_d1281f82a4,Ciência Da Computação,9,Bac Ciência Da Computação,Icarai,Niteroi,RJ,23-25,S,2025-03
ALU_4f321a9cfb,Administração,5,Bacharelado Em Administração,Ipanema,Rio De Janeiro,RJ,20-22,S,2025-03
ALU_7b663e33db,Relacões Internacionais,9,Bac Relacões Internacionais,Flamengo,Rio De Janeiro,RJ,23-25,S,2025-03
ALU_65b1d6ca9e,Estudos De Mídia,7,Bacharelado Estudos De Mídia,Barra Da Tijuca,Rio De Janeiro,RJ,20-22,S,2025-03
ALU_b9459cae99,Letras,4,"Bac Letras, Prod Textual",Barra Da Tijuca,Rio De Janeiro,RJ,,S,2025-03
ALU_cdb835e1fa,Direito,9,Bacharelado Em Direito,Barra Da Tijuca,Rio De Janeiro,RJ,,S,2025-03
ALU_846ba1536d,Administração,9,Bacharelado Em Administração,Barra Da Tijuca,Rio De Janeiro,RJ,<=19,S,2025-03
ALU_80c8fd69bd,Engenharia,6,Bac Em Engenharia Mecânica,Anil,Rio De Janeiro,RJ,20-22,S,2025-03
ALU_57818f621f,Ciência Da Computação,9,Bac Ciência Da Computação,Barra Da Tijuca,Rio De Janeiro,RJ,23-25,S,2025-03
ALU_45a96bd960,Direito,9,Bacharelado Em Direito,Laranjeiras,Rio De Janeiro,RJ,,S,2025-03
ALU_918788e465,Psicologia,6,Bacharelado Em Psicologia,Taquara,Rio De Janeiro,RJ,,S,2025-03
ALU_e466a3fc1c,Relacões Internacionais,7,Bac Relacões Internacionais,Sao Francisco,Niteroi,RJ,23-25,S,2025-03
ALU_1e37d5d22f,Direito,11,Bacharelado Em Direito,Copacabana,Rio De Janeiro,RJ,23-25,S,2025-03
ALU_b58c0d64a6,Pos-Gra Cien Conser E Sustentabilidade,3,Mes Prof Cie Sustentabilidade,Andarai,Rio De Janeiro,RJ,30+,S,2025-03
ALU_79b707efd6,Jornalismo,3,Bacharelado Em Jornalismo,Barra Da Tijuca,Rio De Janeiro,RJ,<=19,S,2025-03
ALU_5184df800d,Design,6,Bacharelado Em Design,Higienopolis,Rio De Janeiro,RJ,23-25,S,2025-03
ALU_a0977f9316,Engenharia,3,Bac Engenharia De Computação,Gavea,Rio De Janeiro,RJ,,S,2025-03
ALU_068613f6f6,Engenharia,11,Bac Em Engenharia De Produção,Lagoa,Rio De Janeiro,RJ,,S,2025-03
ALU_ddd81bc750,Jornalismo,3,Bacharelado Em Jornalismo,Barra Da Tijuca,Rio De Janeiro,RJ,<=19,S,2025-03
ALU_4712fecbf3,Engenharia,11,Bac Em Engenharia Civil,Leblon,Rio De Janeiro,RJ,23-25,S,2025-03
ALU_3b28bded65,Jornalismo,4,Bacharelado Em Jornalismo,Rocha,Rio De Janeiro,RJ,20-22,S,2025-03
ALU_64597584ed,Jornalismo,3,Bacharelado Em Jornalismo,Jacarepagua,Rio De Janeiro,RJ,,S,2025-03
ALU_30d976a8c1,Direito,7,Bacharelado Em Direito,Ipanema,Rio De Janeiro,RJ,,S,2025-03
ALU_f277a5fbf1,Engenharia,4,Bac Em Engenharia Elétrica,,Colombes,RJ,,S,2025-03
ALU_7deac05376,Jornalismo,5,Bacharelado Em Jornalismo,Vila Da Penha,Rio De Janeiro,RJ,,S,2025-03
ALU_7276cd5ca4,Jornalismo,5,Bacharelado Em Jornalismo,Freguesia De Jacarepagua,Rio De Janeiro,RJ,,S,2025-03
ALU_0aa52809f3,Jornalismo,4,Bacharelado Em Jornalismo,Urca,Rio De Janeiro,RJ,,S,2025-03
ALU_e223e538d0,Jornalismo,5,Bacharelado Em Jornalismo,Freguesia - Jacarepagua,Rio De Janeiro,RJ,20-22,S,2025-03
ALU_9b8e96262f,Jornalismo,6,Bacharelado Em Jornalismo,Gavea,Rio De Janeiro,RJ,20-22,S,2025-03
ALU_d46ffa7b1d,Administração,8,Bacharelado Em Administração,Barra Da Tijuca,Rio De Janeiro,RJ,23-25,S,2025-03
ALU_33e6955d54,Ciências Econômicas,7,Bac Em Ciências Econômicas,Barra,Rio De Janeiro,RJ,20-22,N,2025-03
ALU_80aebc6dc8,Psicologia,11,Bacharelado Em Psicologia,Flamengo,Rio De Janeiro,RJ,23-25,S,2025-03
ALU_35e22387fa,Direito,5,Bacharelado Em Direito,Humaita,Rio De Janeiro,RJ,20-22,S,2025-03
ALU_dff3d1b475,Pos-Graduacao Em Geografia,5,Mestrado Em Geografia,Morin,Petropolis,RJ,,S,2025-03
ALU_23d73b0736,Ciências Econômicas,9,Bac Em Ciências Econômicas,Leblon,Rio De Janeiro,RJ,23-25,S,2025-03
ALU_7e59df7179,Estudos De Mídia,5,Bacharelado Estudos De Mídia,Icarai,Niteroi,RJ,20-22,S,2025-03
ALU_5671869ba0,Administração,9,Bacharelado Em Administração,Icarai,Niteroi,RJ,23-25,S,2025-03
ALU_e4787a9e49,Psicologia,4,Bacharelado Em Psicologia,Barra Da Tijuca,Rio De Janeiro,RJ,20-22,S,2025-03
ALU_d8b17d1a27,Direito,7,Bacharelado Em Direito,Cidade De Deus,Rio De Janeiro,RJ,23-25,S,2025-03
ALU_47e50f3898,Direito,5,Bacharelado Em Direito,Itanhanga,Rio De Janeiro,RJ,,S,2025-03
ALU_8dc8ce59e7,Administração,6,Bacharelado Em Administração,Botaogo,Rio De Janeiro,RJ,26-30,S,2025-03
ALU_5e29d4b811,Engenharia,19,Bac Em Engenharia De Produção,Centro,Rio De Janeiro,RJ,,S,2025-03
ALU_c7875d1223,Administração,14,Bacharelado Em Administração,Meireles,Fortaleza,CE,,S,2025-03
ALU_d3d88d1fea,Relacões Internacionais,7,Bac Relacões Internacionais,Flamengo,Rio De Janeiro,RJ,23-25,S,2025-03
ALU_d3bbf3e0a9,Engenharia,19,Bac Em Engenharia Elétrica,Barra Da Tijuca,Rio De Janeiro,RJ,26-30,S,2025-03
ALU_66cb25315c,Ciências Econômicas,9,Bac Em Ciências Econômicas,Lagoa,Rio De Janeiro,RJ,23-25,S,2025-03
ALU_a1846ffe4a,Estudos De Mídia,7,Bacharelado Estudos De Mídia,Barra Da Tijuca,Rio De Janeiro,RJ,23-25,S,2025-03
ALU_9f8bdc107e,Jornalismo,3,Bacharelado Em Jornalismo,Leme,Rio De Janeiro,RJ,20-22,S,2025-03
ALU_ceb83646dc,Design,6,Bacharelado Em Design,Gavea,Rio De Janeiro,RJ,20-22,S,2025-03
ALU_742ea2e49c,Direito,5,Bacharelado Em Direito,Tijuca,Rio De Janeiro,RJ,20-22,S,2025-03
ALU_e92ff16463,Direito,6,Bacharelado Em Direito,Vila Da Penha,Rio De Janeiro,RJ,20-22,S,2025-03
ALU_e7e833a867,Psicologia,4,Bacharelado Em Psicologia,Barra Da Tijuca,Rio De Janeiro,RJ,20-22,S,2025-03
ALU_b43ec480a2,Estudos De Mídia,7,Bacharelado Estudos De Mídia,Gavea,Rio De Janeiro,RJ,,S,2025-03
ALU_6cdfe57cd0,Administração,9,Bacharelado Em Administração,Copacabana,Rio De Janeiro,RJ,20-22,S,2025-03
ALU_b1bfd1ae47,Administração,4,Bacharelado Em Administração,Anchieta,Rio De Janeiro,RJ,20-22,S,2025-03
ALU_6b30424471,Jornalismo,6,Bacharelado Em Jornalismo,Ramos,Rio De Janeiro,RJ,20-22,S,2025-03
ALU_e6b96111bc,Estudos De Mídia,8,Bacharelado Estudos De Mídia,Recreio,Rio De Janeiro,RJ,20-22,S,2025-03
ALU_726530214a,Ciência Da Computação,5,Bac Ciência Da Computação,Jardim Botanico,Rio De Janeiro,RJ,20-22,S,2025-03
ALU_2185d38ea6,Estudos De Mídia,12,Bacharelado Estudos De Mídia,Tomás Coelho,Rio De Janeiro,RJ,23-25,S,2025-03
ALU_4ad7a72f61,S/E - Sem Especificacao,3,,,Creteil,RJ,26-30,S,2025-03
ALU_c81ee45e00,Filosofia,3,Bacharelado Em Filosofia,Sepetiba,Rio De Janeiro,RJ,30+,S,2025-03
ALU_81f0874706,Engenharia,9,Bac Em Engenharia Civil,Botafogo,Rio De Janeiro,RJ,,S,2025-03
ALU_a647bfaad7,Direito,5,Bacharelado Em Direito,Jacarepagua,Rio De Janeiro,RJ,30+,S,2025-03
ALU_53ee61e28f,Administração,7,Bacharelado Em Administração,Barra,Rio De Janeiro,RJ,20-22,S,2025-03
ALU_c2811d1fce,Estudos De Mídia,7,Bacharelado Estudos De Mídia,Botafogo,Rio De Janeiro,RJ,20-22,S,2025-03
ALU_fb360bf174,Design,9,Bacharelado Em Design,Jardim Botanico,Rio De Janeiro,RJ,,S,2025-03
ALU_07830095ff,Direito,6,Bacharelado Em Direito,Cachambi,Rio De Janeiro,RJ,20-22,S,2025-03
ALU_e1e3bfde31,Pos-Graduacao Em Estudos Da Linguagem,3,Doutorado Em Letras,Vista Alegre,Nova Iguacu,RJ,30+,S,2025-03
ALU_ac48e07d98,Direito,6,Bacharelado Em Direito,",Santa Rosa",Niteroi,RJ,20-22,S,2025-03
ALU_09a29686ee,"Pos-Grad Liter,Cult E Contemporaneidade",3,Doutorado Em Letras,Pilar,Duque De Caxias,RJ,,S,2025-03
ALU_bc2911e195,Direito,9,Bacharelado Em Direito,Barra Da Tijuca,Rio De Janeiro,RJ,,S,2025-03
ALU_d94a519fdb,Direito,16,Bacharelado Em Direito,Leblon,Rio De Janeiro,RJ,30+,S,2025-03
ALU_7b9a90eeb9,Ciências Econômicas,9,Bac Em Ciências Econômicas,Sao Conrado,Rio De Janeiro,RJ,20-22,S,2025-03
ALU_a3b3e6f2dc,Pos-Graduacao Em Teologia,10,Doutorado Em Teologia,Sao Cristovao,Rio De Janeiro,RJ,,S,2025-03
ALU_ed90f785ea,Pos-Graduacao Em Design,3,Mestrado Em Design,Guaratiba,Rio De Janeiro,RJ,,S,2025-03
ALU_989dedb300,Psicologia,10,Bacharelado Em Psicologia,Humaitá,Rio De Janeiro,RJ,23-25,S,2025-03
ALU_b666334662,Jornalismo,5,Bacharelado Em Jornalismo,Barra Da Tijuca,Rio De Janeiro,RJ,20-22,S,2025-03
ALU_4b4b1d42e7,Design,6,Bacharelado Em Design,Vila Sao Luis,Duque De Caxias,RJ,,S,2025-03
ALU_fd0bd2c02b,Psicologia,5,Bacharelado Em Psicologia,Barra Da Tijuca,Rio De Janeiro,RJ,20-22,S,2025-03
ALU_1d70e9943c,Administração,9,Bacharelado Em Administração,B Tijuca,Rio De Janeiro,RJ,,S,2025-03
ALU_e7167789e1,Direito,5,Bacharelado Em Direito,Freguesia,Rio De Janeiro,RJ,,S,2025-04
ALU_ecb21224bd,Engenharia,7,Bac Engenharia De Computação,Leme,Rio De Janeiro,RJ,20-22,S,2025-04
ALU_90ef4055ac,Direito,5,Bacharelado Em Direito,Icaraí,Niterói,RJ,20-22,S,2025-04
ALU_d62df0299f,Direito,5,Bacharelado Em Direito,Barra Da Tijuca,Rio De Janeiro,RJ,20-22,S,2025-04
ALU_96754e9e0a,Engenharia,13,Bac Em Engenharia De Produção,Barra Da Tijuca,Rio De Janeiro,RJ,23-25,S,2025-04
ALU_18197f4722,Direito,7,Bacharelado Em Direito,Botafogo,Rio De Janeiro,RJ,,S,2025-04
ALU_61d3598821,Estudos De Mídia,3,Bacharelado Estudos De Mídia,Rocinha,Rio De Janeiro,RJ,<=19,S,2025-04
ALU_b19e8d4e29,Estudos De Mídia,11,Bacharelado Estudos De Mídia,Leblon,Rio De Janeiro,RJ,23-25,S,2025-04
ALU_de3b055812,Administração,12,Bacharelado Em Administração,Laranjeiras,Rio De Janeiro,RJ,23-25,S,2025-04
ALU_3f51a39b1a,Direito,4,Bacharelado Em Direito,Volta Grande 2,Volta Redonda,RJ,20-22,S,2025-04
ALU_9491135207,Jornalismo,3,Bacharelado Em Jornalismo,Catete,Rio De Janeiro,RJ,23-25,S,2025-04
ALU_426f0f970c,Direito,4,Bacharelado Em Direito,Barra Da Tijuca,Rio De Janeiro,RJ,20-22,S,2025-04
ALU_4148798a88,Engenharia,6,Bac Em Engenharia De Produção,Iraja,Rio De Janeiro,RJ,23-25,S,2025-04
ALU_f401e3a7f9,Estudos De Mídia,9,Bacharelado Estudos De Mídia,Jardim Botanico,Rio De Janeiro,RJ,<=19,S,2025-04
ALU_2c4addc7bb,Design,7,Bacharelado Em Design,Taquara,Rio De Janeiro,RJ,,S,2025-04
ALU_6da3ebc3ce,Design,32,Bacharelado Em Design,Copacabana,Rio De Janeiro,RJ,30+,S,2025-04
ALU_8905700d73,Design,7,Bacharelado Em Design,Copacabana,Rio De Janeiro,RJ,23-25,S,2025-04
ALU_42d804536a,Estudos De Mídia,7,Bacharelado Estudos De Mídia,Copacabana,Rio De Janeiro,RJ,20-22,S,2025-04
ALU_dcdceda136,Engenharia,11,Bac Em Engenharia De Produção,Laranjeiras,Rio De Janeiro,RJ,,S,2025-04
ALU_6e35923a99,Design,7,Bacharelado Em Design,Icarai,Niteroi,RJ,20-22,S,2025-04
ALU_a91dab3752,Estudos De Mídia,17,Bacharelado Estudos De Mídia,Leblon,Rio De Janeiro,RJ,26-30,S,2025-04
ALU_8c85c34952,Ciências Econômicas,9,Bac Em Ciências Econômicas,Leblon,Rio De Janeiro,RJ,,S,2025-04
ALU_3dd2a0dc3c,Design,7,Bacharelado Em Design,Grajau,Rio De Janeiro,RJ,20-22,S,2025-04
ALU_bd5f70998f,Direito,11,Bacharelado Em Direito,Recreio Dos Bandeirantes,Rio De Janeiro,RJ,,S,2025-04
ALU_bd38cff8ff,Design,7,Bacharelado Em Design,Leme,Rio De Janeiro,RJ,20-22,S,2025-04
ALU_bf5bca87b0,Design,5,Bacharelado Em Design,Barra Da Tijuca,Rio De Janeiro,RJ,23-25,S,2025-04
ALU_a19c28d943,Direito,3,Bacharelado Em Direito,Quintino Bocaiuva,Rio De Janeiro,RJ,23-25,S,2025-04
ALU_7a6e045009,Direito,5,Bacharelado Em Direito,Flamengo,Rio De Janeiro,RJ,20-22,S,2025-04
ALU_e36b5452f2,Direito,3,Bacharelado Em Direito,Barra Da Tijuca,Rio De Janeiro,RJ,20-22,S,2025-04
ALU_f81ae6d2b9,Engenharia,3,Bac Em Engenharia De Produção,Botafogo,Rio De Janeiro,RJ,23-25,S,2025-04
ALU_f4a2d3dc58,Engenharia,9,Bac Em Engenharia De Produção,Botafogo,Rio De Janeiro,RJ,23-25,S,2025-04
ALU_fdd8dbc355,Direito,4,Bacharelado Em Direito,Andarai,Rio De Janeiro,RJ,20-22,S,2025-04
ALU_42cd239e5c,Direito,4,Bacharelado Em Direito,Botafogo,Rio De Janeiro,RJ,20-22,S,2025-04
ALU_f6be00e23e,Relacões Internacionais,9,Bac Relacões Internacionais,Recreio Dos Bandeirantes,Rio De Janeiro,RJ,23-25,S,2025-04
ALU_e83516fd1b,Direito,3,Bacharelado Em Direito,Barra Da Tijuca,Rio De Janeiro,RJ,20-22,S,2025-04
ALU_ac040096c9,Design,5,Bacharelado Em Design,Leblon,Rio De Janeiro,RJ,,S,2025-04
ALU_faeaa4e9e4,Design,5,Bacharelado Em Design,Copacabana,Rio De Janeiro,RJ,20-22,S,2025-04
ALU_497f683168,Teologia,5,Bacharelado Em Teologia,Rio Comprido,Rio De Janeiro,RJ,,S,2025-04
ALU_b5c3c44737,Pos-Graduacao Relacoes Internacionais,6,Mest Anali Gestao Pol Interna,Copacabana,Rio De Janeiro,RJ,26-30,S,2025-04
ALU_a86b971b23,Jornalismo,5,Bacharelado Em Jornalismo,Ilha Do Governador,Rio De Janeiro,RJ,20-22,S,2025-04
ALU_3c78d4fc4a,Direito,7,Bacharelado Em Direito,Cachambi,Rio De Janeiro,RJ,,S,2025-04
ALU_06121b5586,Design,10,Bacharelado Em Design,Recreio Dos Bandeirantes,Nova Iguacu,RJ,23-25,S,2025-04
ALU_01b37d5f16,Jornalismo,9,Bacharelado Em Jornalismo,Copacabana,Rio De Janeiro,RJ,,S,2025-04
ALU_f4c8f29970,Ciências Econômicas,5,Bac Em Ciências Econômicas,Lagoa,Rio De Janeiro,RJ,20-22,S,2025-04
ALU_a7f1dd6ddb,Ciência Da Computação,11,Bac Ciência Da Computação,Jardim Botanico,Rio De Janeiro,RJ,,S,2025-04
ALU_2df98c35d0,Administração,6,Bacharelado Em Administração,Botafogo,Rio De Janeiro,RJ,23-25,S,2025-04
ALU_b0c8401b83,Pos-Grad Eng Quim Mater E Proc Ambie,5,Mest Eng Quim Mater E Pro Amb,Centro,Rio De Janeiro,RJ,26-30,S,2025-04
ALU_7ed89bde86,Direito,7,Bacharelado Em Direito,Jacarepagua,Rio De Janeiro,RJ,20-22,S,2025-04
ALU_ac60667d1d,Direito,4,Bacharelado Em Direito,Leblon,Rio De Janeiro,RJ,,S,2025-04
ALU_3a29c167f5,Pos-Graduacao Em Comunicacao Social,3,Mestr Em Comunicacao Social,Humaita,Rio De Janeiro,RJ,,S,2025-04
ALU_6bfe63ac8c,Direito,5,Bacharelado Em Direito,Barra Da Tijuca,Rio De Janeiro,RJ,20-22,S,2025-04
ALU_d18843a2b9,Jornalismo,5,Bacharelado Em Jornalismo,Barra Da Tijuca,Rio De Janeiro,RJ,20-22,S,2025-04
ALU_3275ff80a5,Pos-Graduacao Em Design,5,Mestrado Em Design,Gavea,Rio De Janeiro,RJ,,S,2025-04
ALU_3649d175ba,Estudos De Mídia,9,Bacharelado Estudos De Mídia,Lagoa Rodrigo De Freitas,Rio De Janeiro,RJ,20-22,S,2025-04
ALU_714eec06e8,Design,4,Bacharelado Em Design,Santa Teresa,Rio De Janeiro,RJ,,S,2025-04
ALU_d47a3c09e1,Estudos De Mídia,7,Bacharelado Estudos De Mídia,Leme,Rio De Janeiro,RJ,,S,2025-04
ALU_b6ba1e3361,Ciências Econômicas,15,Bac Em Ciências Econômicas,Barra Da Tijuca,Rio De Janeiro,RJ,,S,2025-04
ALU_d623d1839a,Direito,3,Bacharelado Em Direito,Campo Grande,Rio De Janeiro,RJ,20-22,S,2025-04
ALU_14df72d126,Direito,3,Bacharelado Em Direito,Centro,Rio De Janeiro,RJ,20-22,S,2025-04
ALU_c5dd747633,Direito,16,Bacharelado Em Direito,Jardim Meriti,Sao Joao De Meriti,RJ,30+,S,2025-04
ALU_b48a7f1c11,Ciência Da Computação,3,Bac Ciência Da Computação,Barra Da Tijuca,Rio De Janeiro,RJ,20-22,S,2025-04
ALU_28aec81818,Engenharia,8,Bac Engenharia De Computação,Copacabana,Rio De Janeiro,RJ,23-25,S,2025-04
ALU_d410c8563a,Psicologia,6,Bacharelado Em Psicologia,Pechincha,Rio De Janeiro,RJ,,S,2025-04
ALU_2f34cce700,Administração,7,Bacharelado Em Administração,Lagoa,Rio De Janeiro,RJ,23-25,S,2025-04
ALU_79ee0b7be1,Psicologia,5,Bacharelado Em Psicologia,Recreio Dos Bandeirantes,Rio De Janeiro,RJ,20-22,S,2025-04
ALU_5a1ce48e68,Arquitetura E Urbanismo,4,Bac Arquitetura E Urbanismo,Barra Da Tijuca,Rio De Janeiro,RJ,20-22,S,2025-04
ALU_c69ecb5d23,Design,5,Bacharelado Em Design,Nova Iguacu,Rio De Janeiro,RJ,,S,2025-04
ALU_753f7e1c1b,Estudos De Mídia,9,Bacharelado Estudos De Mídia,Barra Da Tijuca,Rio De Janeiro,RJ,20-22,S,2025-04
ALU_480472fba2,Engenharia,12,Bac Engenharia De Computação,Leblon,Rio De Janeiro,RJ,,S,2025-04
ALU_fa6221dc44,Direito,11,Bacharelado Em Direito,Ipanema,Rio De Janeiro,RJ,,S,2025-04
ALU_cb99cf0d78,Estudos De Mídia,3,Bacharelado Estudos De Mídia,Maio,Nova Iguacu,RJ,20-22,S,2025-04
ALU_f3dcc6fd05,Administração,3,Bacharelado Em Administração,Leblon,Rio De Janeiro,RJ,,S,2025-04
ALU_f9abc9b586,Nutriçao,5,Bacharelado Em Nutriçao,Lins De Vasconcelos,Rio De Janeiro,RJ,23-25,S,2025-04
ALU_239bc7b029,Pos-Graduacao Em Engenharia Civil,3,Mestrado Em Engenharia Civil,Barra Da Tijuca,Rio De Janeiro,RJ,,S,2025-04
ALU_c8fcfc3a26,Estudos De Mídia,9,Bacharelado Estudos De Mídia,Copacabana ,Rio De Janeiro,RJ,23-25,S,2025-04
ALU_e8d4c49254,Ciências Econômicas,3,Bac Em Ciências Econômicas,Penha,Rio De Janeiro,RJ,26-30,S,2025-04
ALU_0f6acf5d55,Serviço Social,3,Bac Serviço Social,Barreto,Rio De Janeiro,RJ,,S,2025-04
ALU_6f780e0461,Relacões Internacionais,8,Bac Relacões Internacionais,Tijuca,Rio De Janeiro,RJ,,S,2025-04
ALU_10ff2c1e02,Relacões Internacionais,3,Bac Relacões Internacionais,Gavea,Rio De Janeiro,RJ,20-22,S,2025-04
ALU_de9a63e923,Administração,4,Bacharelado Em Administração,Leblon,Rio De Janeiro,RJ,,S,2025-04
ALU_d076bb25bc,Engenharia,17,Bac Em Engenharia De Produção,Barra,Rio De Janeiro,RJ,26-30,S,2025-04
ALU_4fafaf0d09,Ciências Econômicas,10,Bac Em Ciências Econômicas,Todos Os Santos,Rio De Janeiro,RJ,23-25,S,2025-04
ALU_1d7051f32a,Direito,6,Bacharelado Em Direito,Lagoa,Rio De Janeiro,RJ,23-25,S,2025-04
ALU_781dba9ac1,Direito,6,Bacharelado Em Direito,Pilares,Rio De Janeiro,RJ,20-22,S,2025-04
ALU_b705d39aab,Administração,9,Bacharelado Em Administração,Ipanema,Rio De Janeiro,RJ,20-22,N,2025-04
ALU_9624d6ec28,Psicologia,10,Bacharelado Em Psicologia,Gavea,Rio De Janeiro,RJ,23-25,S,2025-04
ALU_f0f260ef4a,Design,9,Bacharelado Em Design,Jardim Botanico,Rio De Janeiro,RJ,,S,2025-04
ALU_30d47f0bf9,Neurociências,9,Bacharelado Em Neurociências,Flamengo,Rio De Janeiro,RJ,30+,S,2025-04
ALU_abce931b9e,Design,8,Bacharelado Em Design,Cidade De Deus,Rio De Janeiro,RJ,23-25,S,2025-04
ALU_422ed1756d,Psicologia,5,Bacharelado Em Psicologia,Itanhaga,Rio De Janeiro,RJ,20-22,S,2025-04
ALU_0d426e98aa,Estudos De Mídia,3,Bacharelado Estudos De Mídia,Largo Da Batalha,Niteroi,RJ,20-22,S,2025-04
ALU_06a40ef15b,Estudos De Mídia,3,Bacharelado Estudos De Mídia,Humaita,Rio De Janeiro,RJ,20-22,S,2025-04
ALU_eaee0f232d,Ciências Econômicas,7,Bac Em Ciências Econômicas,Copacabana,Rio De Janeiro,RJ,20-22,S,2025-04
ALU_db821378f2,Psicologia,5,Bacharelado Em Psicologia,Barra Da Tijuca,Rio De Janeiro,RJ,20-22,S,2025-04
ALU_782668c211,Psicologia,11,Bacharelado Em Psicologia,Recreio Dos Bandeirantes,Rio De Janeiro,RJ,23-25,S,2025-04
ALU_f44a25de68,Relacões Internacionais,6,Bac Relacões Internacionais,Coacu,Eusebio,CE,20-22,S,2025-04
ALU_761f785def,S/E - Sem Especificacao,3,,Copacabana,Rio De Janeiro,RJ,23-25,S,2025-04
ALU_679f652125,Pos-Grad Em Arquitetura,3,Mestrado Em Arquitetura,Gavea,Rio De Janeiro,RJ,,S,2025-04
ALU_3c86b07713,Design,11,Bacharelado Em Design,Barra Da Tijuca,Rio De Janeiro,RJ,,S,2025-04
ALU_126248d075,Ciência Da Computação,3,Bac Ciência Da Computação,Jacarepagua,Rio De Janeiro,RJ,,S,2025-04
ALU_e67e80343f,Ciências Econômicas,7,Bac Em Ciências Econômicas,Barra Da Tijuca,Rio De Janeiro,RJ,,S,2025-04
ALU_9ea827d472,Ciências Econômicas,5,Bac Em Ciências Econômicas,Pechincha,Rio De Janeiro,RJ,23-25,S,2025-04
ALU_25fc37a2f8,Administração,9,Bacharelado Em Administração,Leblon,Rio De Janeiro,RJ,23-25,S,2025-04
ALU_1cedcd5f74,Ciência Da Computação,5,Bac Ciência Da Computação,Copacabana,Rio De Janeiro,RJ,23-25,S,2025-04
ALU_570362cf8d,S/E - Sem Especificacao,4,,,Lenzburg,RJ,,S,2025-04
ALU_3c52e51202,Administração,7,Bacharelado Em Administração,Lagoa,Rio De Janeiro,RJ,30+,S,2025-04
ALU_18e48988b5,Engenharia,13,Bac Em Engenharia De Produção,Urca,Rio De Janeiro,RJ,23-25,N,2025-04
ALU_afda618b8d,Relacões Internacionais,12,Bac Relacões Internacionais,Conego,Nova Friburgo,RJ,,S,2025-04
ALU_08f2458b29,Estudos De Mídia,8,Bacharelado Estudos De Mídia,Grajau,Rio De Janeiro,RJ,,S,2025-04
ALU_8c319b96b5,Psicologia,6,Bacharelado Em Psicologia,Realengo,Rio De Janeiro,RJ,23-25,S,2025-04
ALU_4f7766e68b,Psicologia,7,Bacharelado Em Psicologia,Ouro Verde,Nova Iguaçu,RJ,23-25,S,2025-04
ALU_f4134e9bd9,Direito,6,Bacharelado Em Direito,Rocinha,Rio De Janeiro,RJ,20-22,S,2025-05
ALU_164ba5290c,Direito,8,Bacharelado Em Direito,Estrada Da Gávea,Rio De Janeiro,RJ,23-25,S,2025-05
ALU_2f8ee5a1ec,Pos-Grad Em Arquitetura,3,Mestrado Em Arquitetura,Copacabana,Rio De Janeiro,RJ,30+,S,2025-05
ALU_b185590a89,Psicologia,6,Bacharelado Em Psicologia,Recreio Dos Bandeirantes,Rio De Janeiro,RJ,23-25,S,2025-05
ALU_4b56d38ee2,Design,5,Bacharelado Em Design,Barra Da Tijuca,Rio De Janeiro,RJ,20-22,S,2025-05
ALU_eebb4f6307,Psicologia,9,Bacharelado Em Psicologia,Jardim Botânico,Rio De Janeiro,RJ,23-25,S,2025-05
ALU_ffe1acf0de,Design,6,Bacharelado Em Design,Gávea,Rio De Janeiro,RJ,20-22,S,2025-05
ALU_9b5a1d4991,Design,6,Bacharelado Em Design,Bangu,Rio De Janeiro,RJ,20-22,S,2025-05
ALU_f0ae24b5c7,Arquitetura E Urbanismo,6,Bac Arquitetura E Urbanismo,Senador Camara,Rio De Janeiro,RJ,26-30,S,2025-05
ALU_463845efdd,Psicologia,6,Bacharelado Em Psicologia,Surui Vila Nova,Mage,RJ,20-22,S,2025-05
ALU_9b782e2807,Estudos De Mídia,5,Bacharelado Estudos De Mídia,Barra Da Tijuca,Rio De Janeiro,RJ,20-22,S,2025-05
ALU_839015d62b,Design,7,Bacharelado Em Design,Recreio Dos Bandeirantes,Rio De Janeiro,RJ,20-22,S,2025-05
ALU_386e4f6c95,Psicologia,6,Bacharelado Em Psicologia,Rocinha,Rio De Janeiro,RJ,23-25,S,2025-05
ALU_306fda6d2b,Estudos De Mídia,3,Bacharelado Estudos De Mídia,Correas,Petropolis,RJ,,S,2025-05
ALU_64f536d16f,Psicologia,7,Bacharelado Em Psicologia,Ipanema,Rio De Janeiro,RJ,26-30,S,2025-05
ALU_37e8c3416a,Psicologia,6,Bacharelado Em Psicologia,Caxito,Marica,RJ,20-22,S,2025-05
ALU_be12eaab0c,Direito,8,Bacharelado Em Direito,Centro,Rio De Janeiro,RJ,26-30,S,2025-05
ALU_9f8bac3fc1,Pos-Graduacao Em Administracao,3,Mest Em Adm De Empresas,Anchieta,Rio De Janeiro,RJ,23-25,S,2025-05
ALU_54280cb9c9,Engenharia,7,Bac Engenharia De Computação,Jardim Botanico,Rio De Janeiro,RJ,,S,2025-05
ALU_f5ebceb0fe,Jornalismo,13,Bacharelado Em Jornalismo,Urca,Rio De Janeiro,RJ,23-25,S,2025-05
ALU_469fdf06e4,Ciências Biológicas,12,Bac Em Ciências Biológicas,Gavea,Rio De Janeiro,RJ,,S,2025-05
ALU_0eeb398208,Estudos De Mídia,7,Bacharelado Estudos De Mídia,Gavea,Rio De Janeiro,RJ,20-22,S,2025-05
ALU_69e0be0a60,Psicologia,5,Bacharelado Em Psicologia,Gavea,Rio De Janeiro,RJ,20-22,S,2025-05
ALU_db75114243,Psicologia,5,Bacharelado Em Psicologia,Gavea ,Ru,RJ,20-22,S,2025-05
ALU_c901899f24,Psicologia,5,Bacharelado Em Psicologia,Jardim Botanico,Rio De Janeiro,RJ,23-25,S,2025-05
ALU_b8aadaa7b6,Neurociências,7,Bacharelado Em Neurociências,Barra Da Tijuca,Rio De Janeiro,RJ,20-22,S,2025-05
ALU_30a32af2b0,S/E - Sem Especificacao,3,,Copacabana,Rio De Janeiro,RJ,20-22,S,2025-05
ALU_b0754ee007,Serviço Social,6,Bac Serviço Social,Realengo,Rio De Janeiro,RJ,,S,2025-05
ALU_11397ebda5,Pos-Grad Eng Quim Mater E Proc Ambie,3,Dout Eng Quim Mater E Pro Amb,Vidigal,Rio De Janeiro,RJ,26-30,S,2025-05
ALU_aba7972ea6,Ciência Da Computação,9,Bac Ciência Da Computação,Botafogo,Rio De Janeiro,RJ,,S,2025-05
ALU_eaf2400bad,Administração,5,Bacharelado Em Administração,Leblon,Rio De Janeiro,RJ,20-22,S,2025-05
ALU_173bcd7233,Ciências Econômicas,7,Bac Em Ciências Econômicas,Barra Da Tijuca,Rio De Janeiro,RJ,,S,2025-05
ALU_98f4309e6c,Jornalismo,6,Bacharelado Em Jornalismo,Itanhanga,Rio De Janeiro,RJ,20-22,S,2025-05
ALU_ac2804f18d,Neurociências,6,Bacharelado Em Neurociências,Gavea,Rio De Janeiro,RJ,23-25,S,2025-05
ALU_11c609c8c8,Jornalismo,5,Bacharelado Em Jornalismo,Gavea,Rio De Janeiro,RJ,20-22,S,2025-05
ALU_8b71c7e714,Engenharia,17,Bac Em Engenharia De Produção,Jardim Guanabara,Rio De Janeiro,RJ,,S,2025-05
ALU_c5f3f40990,Estudos De Mídia,5,Bacharelado Estudos De Mídia,Camorim,Rio De Janeiro,RJ,20-22,S,2025-05
ALU_d67f6fdbe7,Ciências Econômicas,3,Bac Em Ciências Econômicas,Leblon,Rio De Janeiro,RJ,,S,2025-05
ALU_d118652252,Ciências Econômicas,9,Bac Em Ciências Econômicas,Barra Da Tijuca,Rio De Janeiro,RJ,23-25,S,2025-05
ALU_156e7c0f15,Ciência Da Computação,12,Bac Ciência Da Computação,Gávea,Rio De Janeiro,RJ,23-25,S,2025-05
ALU_8d5ef7fe3b,Direito,9,Bacharelado Em Direito,Meier,Rio De Janeiro,RJ,,S,2025-05
ALU_8483aacc2a,Design,9,Bacharelado Em Design,Ipanema,Rio De Janeiro,RJ,,S,2025-05
ALU_eb90545218,Psicologia,15,Bacharelado Em Psicologia,Tariacu,Rio De Janeiro,RJ,26-30,S,2025-05
ALU_aeddc53d61,Engenharia,9,Bac Em Engenharia De Produção,Barra Da Tijuca,Rio De Janeiro,RJ,20-22,S,2025-05
ALU_12a79286be,Ciência Da Computação,5,Bac Ciência Da Computação,Botafogo,Rio De Janeiro,RJ,20-22,S,2025-05
ALU_3de3ef31bf,Jornalismo,9,Bacharelado Em Jornalismo,Barra Da Tijuca,Rio De Janeiro,RJ,,S,2025-05
ALU_b0bd4fd18f,Estudos De Mídia,6,Bacharelado Estudos De Mídia,Barra,Rio De Janeiro,RJ,20-22,S,2025-05
ALU_80f34e9fb9,Ciência Da Computação,3,Bac Ciência Da Computação,Todos Os Santos,Rio De Janeiro,RJ,20-22,S,2025-05
ALU_1c89cedbe3,Administração,7,Bacharelado Em Administração,Barra Da Tijuca,Rio De Janeiro,RJ,,S,2025-05
ALU_46e9deb1f0,Direito,11,Bacharelado Em Direito,Barra Da Tijuca,Rio De Janeiro,RJ,,S,2025-05
ALU_0456104a2b,Psicologia,5,Bacharelado Em Psicologia,Rocinha,Rio De Janeiro,RJ,20-22,S,2025-05
ALU_3bbf761aa9,Direito,13,Bacharelado Em Direito,Barra Da Tijuca,Rio De Janeiro,RJ,,S,2025-05
ALU_078aef5bb6,Engenharia,7,Bac Em Engenharia De Produção,Coelho Neto,Rio De Janeiro,RJ,23-25,S,2025-05
ALU_79a2cd4377,Letras,5,"Lic Let,Ling Port Resp Lit",Copacabana,Rio De Janeiro,RJ,26-30,S,2025-05
ALU_8f6a449f70,S/E - Sem Especificacao,3,,Botafogo,Rio De Janeiro,RJ,23-25,S,2025-05
ALU_52f5024500,Pos-Graduacao Em Design,3,Mestrado Em Design,Botafogo,Rio De Janeiro,RJ,,S,2025-05
ALU_1cc41c0af5,Direito,5,Bacharelado Em Direito,Rio De Janero,Rio De Janeiro,RJ,20-22,S,2025-05
ALU_9a10f0c776,Pedagogia,3,Sem Especificação,Honorio Gurgel,Rio De Janeiro,RJ,,S,2025-05
ALU_399099b178,Ciência Da Computação,6,Bac Ciência Da Computação,Vila Isabel,Rio De Janeiro,RJ,23-25,S,2025-05
ALU_62047d585f,Psicologia,5,Bacharelado Em Psicologia,Leblon,Rio De Janeiro,RJ,,S,2025-05
ALU_0f2b032e9a,Ciências Econômicas,5,Bac Em Ciências Econômicas,Botafogo,Rio De Janeiro,RJ,,S,2025-05
ALU_836a332eef,Relacões Internacionais,7,Bac Relacões Internacionais,Recreio Dos Bandeirantes,Rio De Janeiro,RJ,20-22,S,2025-05
ALU_c2b248c846,Relacões Internacionais,5,Bac Relacões Internacionais,Jardim Guanabara,Rio De Janeiro,RJ,20-22,S,2025-05
ALU_c4584ced9a,Administração,9,Bacharelado Em Administração,Leblon,Rio De Janeiro,RJ,,S,2025-05
ALU_da8b3e2334,Ciência Da Computação,9,Bac Ciência Da Computação,Humaita Botafogo,Rio De Janeiro,RJ,<=19,N,2025-05
ALU_804309322f,Ciências Econômicas,9,Bac Em Ciências Econômicas,Botafogo,Rio De Janeiro,RJ,23-25,S,2025-05
ALU_aed172fc2a,Direito,12,Bacharelado Em Direito,Centro,Marica,RJ,23-25,S,2025-05
ALU_a5eee3aab6,Relacões Internacionais,5,Bac Relacões Internacionais,Campo Grande,Rio De Janeiro,RJ,20-22,S,2025-05
ALU_935f2655a3,Design,7,Bacharelado Em Design,Barra Da Tijuca,Rio De Janeiro,RJ,23-25,S,2025-05
ALU_d9e7619b6b,Design,3,Bacharelado Em Design,Senador Camara,Rio De Janeiro,RJ,20-22,S,2025-05
ALU_893022cdfe,Administração,3,Bacharelado Em Administração,Gávea ,Rio De Janeiro,RJ,<=19,S,2025-05
ALU_0704de5f8c,Administração,5,Bacharelado Em Administração,Barra Da Tijuca,Rio De Janeiro,RJ,,S,2025-05
ALU_3fa06e8d8d,Arquitetura E Urbanismo,11,Bac Arquitetura E Urbanismo,Copacabana,Rio De Janeiro,RJ,23-25,S,2025-05
ALU_1d2313e68f,Direito,11,Bacharelado Em Direito,Recreio,Rio De Janeiro,RJ,,S,2025-05
ALU_4931600a15,Estudos De Mídia,5,Bacharelado Estudos De Mídia,Rocinha,Rio De Janeiro,RJ,20-22,S,2025-05
ALU_5a5f8ab240,Relacões Internacionais,5,Bac Relacões Internacionais,Copacabana,Rio De Janeiro,RJ,20-22,S,2025-05
ALU_9e48d15b0f,Administração,3,Bacharelado Em Administração,Tijuca,Rio De Janeiro,RJ,20-22,S,2025-05
ALU_9d35d5047d,Arquitetura E Urbanismo,7,Bac Arquitetura E Urbanismo,Copacabana,Rio De Janeiro,RJ,20-22,S,2025-05
ALU_d192dccb85,Pos-Grad Eng Urbana Ambiental,4,Mest Prof Eng Urban Ambiental,Leblon,Rio De Janeiro,RJ,26-30,S,2025-05
ALU_b70b589461,Engenharia,11,Bac Em Engenharia De Produção,Jardim Botânico,Rio De Janeiro,RJ,23-25,S,2025-05
ALU_ce2524e0b9,Ciência Da Computação,6,Bac Ciência Da Computação,Engenho Novo,Rio De Janeiro,RJ,23-25,S,2025-05
ALU_589ba52cac,Ciência Da Computação,6,Bac Ciência Da Computação,Cascadura,Rio De Janeiro,RJ,20-22,S,2025-05
ALU_f4d6e446ac,Design,5,Bacharelado Em Design,Flamengo,Rio De Janeiro,RJ,20-22,S,2025-05
ALU_a2d284611e,Engenharia,4,Bac Em Engenharia Ambiental,Recreio Dos Bandeirantes,Rio De Janeiro,RJ,26-30,S,2025-05
ALU_1cf654fb9f,Estudos De Mídia,9,Bacharelado Estudos De Mídia,Leblon,Rio De Janeiro,RJ,23-25,S,2025-05
ALU_ff013e52e3,Direito,5,Bacharelado Em Direito,Barra Da Tijuca,Rio De Janeiro,RJ,,S,2025-05
ALU_45391e8a5e,Arquitetura E Urbanismo,12,Bac Arquitetura E Urbanismo,Copacabana,Rio De Janeiro,RJ,,S,2025-05
ALU_0e5cd66bf4,Estudos De Mídia,7,Bacharelado Estudos De Mídia,Copacabana,Rio De Janeiro,RJ,,S,2025-05
ALU_5868f9e0ab,Ciências Econômicas,5,Bac Em Ciências Econômicas,Laranjeiras,Rio De Janeiro,RJ,,S,2025-05
ALU_d934c84a8c,Design,3,Bacharelado Em Design,Flamengo,Rio De Janeiro,RJ,20-22,S,2025-06
ALU_cc839a217b,Direito,9,Bacharelado Em Direito,Laranjeiras,Rio De Janeiro,RJ,23-25,S,2025-06
ALU_2dff68100d,Direito,8,Bacharelado Em Direito,Centro,Mesquita,RJ,30+,S,2025-06
ALU_b0afa71efe,Engenharia,5,Bac Em Engenharia Elétrica,Lagoa,Rio De Janeiro,RJ,20-22,S,2025-06
ALU_950b3bac1e,Pos-Graduacao Em Engenharia Mecanica,3,Doutorado Em Eng Mecanica,Cachambi,Rio De Janeiro,RJ,,S,2025-06
ALU_b7f315e980,Psicologia,4,Bacharelado Em Psicologia,Tijuca,Rio De Janeiro,RJ,20-22,S,2025-06
ALU_36b0c90f86,Design,6,Bacharelado Em Design,Bras De Pina,Rio De Janeiro,RJ,30+,S,2025-06
ALU_f000a53742,Design,5,Bacharelado Em Design,Tijuca,Rio De Janeiro,RJ,20-22,S,2025-06
ALU_a2f600e09c,Design,7,Bacharelado Em Design,Tijuca,Rio De Janeiro,RJ,23-25,S,2025-06
ALU_ad60058373,Ciência Da Computação,7,Bac Ciência Da Computação,Barra Da Tijuca,Rio De Janeiro,RJ,20-22,S,2025-06
ALU_8d616a7382,Engenharia,7,Bac Em Engenharia De Produção,Ipanema,Rio De Janeiro,RJ,20-22,S,2025-06
ALU_9680fe8994,Arquitetura E Urbanismo,7,Bac Arquitetura E Urbanismo,Vila Isabel,Rio De Janeiro,RJ,20-22,S,2025-06
ALU_fe6fcb773d,Engenharia,7,Bac Engenharia De Computação,Caioaba,Nova Iguacu,RJ,23-25,S,2025-06
ALU_e0c65242a4,Engenharia,11,Bac Em Engenharia De Produção,Flamengo,Rio De Janeiro,RJ,,S,2025-06
ALU_500e8681b2,Psicologia,5,Bacharelado Em Psicologia,Flamengo,Rio De Janeiro,RJ,,S,2025-06
ALU_e4c9ad1e9f,Ciência Da Computação,9,Bac Ciência Da Computação,Jacarepaguá ,Rio De Janeiro,RJ,26-30,S,2025-06
ALU_6040085380,Engenharia,3,Bac Engenharia De Computação,Rocinha,Rio De Janeiro,RJ,20-22,S,2025-06
ALU_9ff85c69aa,Jornalismo,7,Bacharelado Em Jornalismo,Ipanema,Rio De Janeiro,RJ,,S,2025-06
ALU_9315eb94d8,Jornalismo,11,Bacharelado Em Jornalismo,Parque Santa Elisa,Nova Friburgo,RJ,,S,2025-06
ALU_1a5bda48b0,Estudos De Mídia,9,Bacharelado Estudos De Mídia,Barra Da Tijuca,Rio De Janeiro,RJ,,S,2025-06
ALU_f2fc3c1e19,Estudos De Mídia,3,Bacharelado Estudos De Mídia,Copacabana,Rio De Janeiro,RJ,20-22,S,2025-06
ALU_12855e507f,Engenharia,7,Bac Em Engenharia De Produção,Lagoa,Rio De Janeiro,RJ,20-22,S,2025-06
ALU_6db14aec7a,Jornalismo,5,Bacharelado Em Jornalismo,Copacabana,Rio De Janeiro,RJ,,S,2025-06
ALU_52a6d9bda3,Engenharia,5,Bac Em Engenharia Química,Boa Viagem,Niteroi,RJ,30+,S,2025-06
ALU_b0ae1f9c9a,Geografia,6,Licenciatura Em Geografia,Meier,Rio De Janeiro,RJ,,S,2025-06
ALU_00158b390c,Direito,9,Bacharelado Em Direito,Barra Da Tijuca Itanhanga,Rio De Janeiro,RJ,,S,2025-06
ALU_55d601911c,Ciências Econômicas,7,Bac Em Ciências Econômicas,Leblon,Rio De Janeiro,RJ,20-22,S,2025-06
ALU_d213bc7e7e,Direito,5,Bacharelado Em Direito,Gavea,Rio De Janeiro,RJ,,S,2025-06
ALU_9b9df45af5,Jornalismo,6,Bacharelado Em Jornalismo,Tijuca,Rio De Janeiro,RJ,23-25,S,2025-06
ALU_a76f311e43,Direito,11,Bacharelado Em Direito,Barra Da Tijuca,Rio De Janeiro,RJ,23-25,S,2025-06
ALU_715cdd4fe8,Estudos De Mídia,3,Bacharelado Estudos De Mídia,Laranjal,Volta Redonda,RJ,,S,2025-06
ALU_670480009c,Engenharia,6,Bac Engenharia De Computação,Santa Teresa,Rio De Janeiro,RJ,26-30,S,2025-06
ALU_1a9ed56375,Estudos De Mídia,9,Bacharelado Estudos De Mídia,Copacabana,Rio De Janeiro,RJ,23-25,S,2025-06
ALU_52989b631d,Letras,15,"Bac Letras, Prod Textual",Copacabana,Rio De Janeiro,RJ,,S,2025-06
ALU_85effcafe1,Engenharia,11,Bac Em Engenharia De Produção,Leblon,Rio De Janeiro,RJ,,S,2025-06
ALU_fb690fbd93,Estudos De Mídia,3,Bacharelado Estudos De Mídia,Barra Da Tijuca,Rio De Janeiro,RJ,20-22,S,2025-06
ALU_e391ff210a,Ciência Da Computação,9,Bac Ciência Da Computação,Barra Da Tijuca,Rio De Janeiro,RJ,,S,2025-06
ALU_da22b12eff,Direito,7,Bacharelado Em Direito,Jardim Guanabara,Rio De Janeiro,RJ,20-22,S,2025-06
ALU_d056983e32,Arquitetura E Urbanismo,9,Bac Arquitetura E Urbanismo,Leblon,Rio De Janeiro,RJ,,S,2025-06
ALU_caa058fa94,Direito,5,Bacharelado Em Direito,Botafogo,Rio De Janeiro,RJ,20-22,S,2025-06
ALU_4fff537675,Engenharia,11,Bac Em Engenharia De Produção,Botafogo,Rio De Janeiro,RJ,,S,2025-06
ALU_76b428ef30,Direito,6,Bacharelado Em Direito,Botafogo,Rio De Janeiro,RJ,20-22,S,2025-06
ALU_359dfa4c88,Pos-Graduacao Em Psicologia,5,Mestrado Em Psicologia,Recreio Dos Bandeirantes,Rio De Janeiro,RJ,26-30,S,2025-06
ALU_14a103e715,Engenharia,3,Bac Em Engenharia De Produção,Flamengo,Rio De Janeiro,RJ,20-22,S,2025-06
ALU_79eab136f0,Direito,5,Bacharelado Em Direito,Campo Grande,Rio De Janeiro,RJ,20-22,S,2025-06
ALU_a0cf54f9d2,Ciências Econômicas,6,Bac Em Ciências Econômicas,Jardim Primavera,Duque De Caxias,RJ,30+,S,2025-06
ALU_addf53eef0,Psicologia,7,Bacharelado Em Psicologia,Taquara,Rio De Janeiro,RJ,20-22,S,2025-06
ALU_50a4260ba1,Letras,3,"Lic Let, Port Inglês Resp Lit",Costa Barros,Rio De Janeiro,RJ,30+,S,2025-06
ALU_e51de4cc66,S/E - Sem Especificacao,3,,Santa Teresa,Rio De Janeiro,RJ,26-30,S,2025-06
ALU_eb9dd8a6cc,Ciências Sociais,5,Bac Em Ciências Sociais,Jardim Guanabara,Rio De Janeiro,RJ,,S,2025-06
ALU_5fedb9b6bb,Direito,9,Bacharelado Em Direito,Barra Da Tijuca,Rio De Janeiro,RJ,23-25,S,2025-06
ALU_390d75eac0,Engenharia,9,Bac Em Engenharia De Produção,Barra Da Tijuca,Rio De Janeiro,RJ,23-25,S,2025-06
ALU_bb3a0bd2a0,Relacões Internacionais,3,Bac Relacões Internacionais,Freguesia,Rio De Janeiro,RJ,20-22,S,2025-06
ALU_8d93e823a2,Pos-Graduacao Em Engenharia Eletrica,3,Mestrado Em Eng Eletrica,Laranjeiras,Rio De Janeiro,RJ,,S,2025-06
ALU_ed13706b1b,Ciência Da Computação,3,Bac Ciência Da Computação,Taquara,Rio De Janeiro,RJ,<=19,S,2025-06
ALU_4344871a5d,Ciência Da Computação,3,Bac Ciência Da Computação,Barra Da Tijuca,Rio De Janeiro,RJ,20-22,S,2025-06
ALU_191b71b0ad,Administração,7,Bacharelado Em Administração,Botafogo,Rio De Janeiro,RJ,23-25,S,2025-06
ALU_2f3f6e9c61,Jornalismo,3,Bacharelado Em Jornalismo,Copacabana,Rio De Janeiro,RJ,,S,2025-06
ALU_c68f3beac7,Estudos De Mídia,3,Bacharelado Estudos De Mídia,Humaitá,Rio De Janeiro,RJ,23-25,S,2025-06
ALU_80ad9dba07,Estudos De Mídia,6,Bacharelado Estudos De Mídia,Ipanema,Rio De Janeiro,RJ,20-22,S,2025-06
ALU_18806aeccd,Administração,6,Bacharelado Em Administração,Jardim Botanico,Rio De Janeiro,RJ,20-22,S,2025-06
ALU_74f6e0dd0e,Pos-Graduacao Em Engenharia Eletrica,4,Mestrado Em Eng Eletrica,Gavea,Rio De Janeiro,RJ,,S,2025-06
ALU_397d5acfd8,Ciência Da Computação,2,Bac Ciência Da Computação,Barra Da Tijuca,Rio De Janeiro,RJ,,S,2025-06
ALU_ac0eb4d3af,Ciências Econômicas,5,Bac Em Ciências Econômicas,Laranjeiras,Rio De Janeiro,RJ,,S,2025-06
ALU_b7b4e3d326,Nutriçao,7,Bacharelado Em Nutriçao,Gavea,Rio De Janeiro,RJ,20-22,S,2025-06
ALU_a982878f31,Jornalismo,7,Bacharelado Em Jornalismo,Laranjeiras,Rio De Janeiro,RJ,20-22,S,2025-06
ALU_4891b54c4e,Engenharia,9,Bac Em Engenharia De Produção,Jacarepagua,Rio De Janeiro,RJ,20-22,S,2025-06
ALU_965c329dc2,Ciências Econômicas,3,Bac Em Ciências Econômicas,Barra Da Tijuca,Rio De Janeiro,RJ,,S,2025-06
ALU_280ef5a5ec,Psicologia,3,Bacharelado Em Psicologia,Engenho Novo,Rio De Janeiro,RJ,20-22,S,2025-06
ALU_2cd0d1de53,Design,5,Bacharelado Em Design,Copacabana,Rio De Janeiro,RJ,20-22,S,2025-06
ALU_b0711249b3,Psicologia,3,Bacharelado Em Psicologia,Gavea,Rio De Janeiro,RJ,20-22,S,2025-06
ALU_64e0e3df0d,Relacões Internacionais,4,Bac Relacões Internacionais,Icarai,Niteroi,RJ,20-22,S,2025-06
ALU_faee53c3b9,Relacões Internacionais,7,Bac Relacões Internacionais,Humaita,Rio De Janeiro,RJ,23-25,S,2025-06
ALU_61bc28f970,Relacões Internacionais,5,Bac Relacões Internacionais,Botafogo,Rio De Janeiro,RJ,20-22,S,2025-06
ALU_3ab3329c40,Letras,9,"Tradutor Inglês, Bacharelado",Barra Da Tijuca,Rio De Janeiro,RJ,23-25,S,2025-07
ALU_a96dd6be98,Geografia,9,Bacharelado Em Geografia,Iraja,Rio De Janeiro,RJ,23-25,S,2025-07
ALU_e0aec9e1ba,Geografia,5,Licenciatura Em Geografia,Gamboa,Rio De Janeiro,RJ,20-22,S,2025-07
ALU_f0bc3f7a2d,Geografia,5,Licenciatura Em Geografia,Rocha,Sao Goncalo,RJ,20-22,S,2025-07
ALU_ea2bceb547,Design,3,Bacharelado Em Design,Jardim Botanico,Rio De Janeiro,RJ,26-30,S,2025-07
ALU_8f26a79363,Ciências Econômicas,7,Bac Em Ciências Econômicas,Ipanema,Rio De Janeiro,RJ,,N,2025-07
ALU_f8a932d40e,Jornalismo,3,Bacharelado Em Jornalismo,Engenho De Dentro,Rio De Janeiro,RJ,,S,2025-07
ALU_7e2ab7e74a,História,10,Bacharelado Em História,Tijuca,Rio De Janeiro,RJ,23-25,S,2025-07
ALU_b57896bd67,Inteligência Artificial,2,Bac Inteligência Artificial,Porto Do Rosa,Sao Goncalo,RJ,,S,2025-07
ALU_aa5a1d91ec,Engenharia,9,Bac Engenharia De Computação,Barra Da Tijuca,Rio De Janeiro,RJ,,S,2025-07
ALU_958c44a0e9,Ciência Da Computação,3,Bac Ciência Da Computação,Copacabana,Rio De Janeiro,RJ,<=19,S,2025-07
ALU_23a1ea1f03,Administração,7,Bacharelado Em Administração,Anil,Rio De Janeiro,RJ,,S,2025-07
ALU_472b313d63,Engenharia,5,Bac Em Engenharia Ambiental,Barra Da Tijuca,Rio De Janeiro,RJ,,S,2025-07
ALU_e9905f841e,Direito,2,Bacharelado Em Direito,Humaita,Rio De Janeiro,RJ,20-22,S,2025-07
ALU_8fd14d15b1,Estudos De Mídia,3,Bacharelado Estudos De Mídia,Barra Da Tijuca,Rio De Janeiro,RJ,,S,2025-07
ALU_322528eb58,Arquitetura E Urbanismo,13,Bac Arquitetura E Urbanismo,Leblon,Rio De Janeiro,RJ,26-30,S,2025-07
ALU_dcb7fbe7d4,Administração,7,Bacharelado Em Administração,Barra Da Tijuca,Rio De Janeiro,RJ,20-22,S,2025-07
ALU_137cec1715,Pos-Grad Eng Quim Mater E Proc Ambie,5,Mest Eng Quim Mater E Pro Amb,Sap Miguel,Sao Goncalo,RJ,,S,2025-07
ALU_7b398031f8,Ciências Econômicas,21,Bac Em Ciências Econômicas,Ipanema,Rio De Janeiro,RJ,26-30,S,2025-07
ALU_b9f7df7426,Estudos De Mídia,5,Bacharelado Estudos De Mídia,Jardim Botânico,Rio De Janeiro,RJ,20-22,S,2025-07
ALU_69f808319e,Ciência Da Computação,3,Bac Ciência Da Computação,Botafogo,Rio De Janeiro,RJ,<=19,S,2025-07
ALU_7d649b7006,Arquitetura E Urbanismo,6,Bac Arquitetura E Urbanismo,Inhoaiba,Rio De Janeiro,RJ,23-25,S,2025-07
ALU_84e0c244dc,Direito,8,Bacharelado Em Direito,Sao Geraldo,Volta Redonda,RJ,,S,2025-07
ALU_9f7f572b70,História,5,Licenciatura Em História,Curicica,Rio De Janeiro,RJ,,S,2025-07
ALU_bf479bf38b,Psicologia,2,Bacharelado Em Psicologia,Leblon,Rio De Janeiro,RJ,,S,2025-07
ALU_92023c7a41,Relacões Internacionais,2,Bac Relacões Internacionais,Andarai,Rio De Janeiro,RJ,23-25,S,2025-07
ALU_25368f11b8,Estudos De Mídia,3,Bacharelado Estudos De Mídia,Barra Da Tijuca,Rio De Janeiro,RJ,20-22,S,2025-07
ALU_606f2f200b,Ciência Da Computação,3,Bac Ciência Da Computação,Cordovil,Rio De Janeiro,RJ,20-22,S,2025-07
ALU_9d57fab98b,Ciência Da Computação,7,Bac Ciência Da Computação,Taquara,Rio De Janeiro,RJ,,S,2025-07
ALU_3d4a4112f1,Psicologia,2,Bacharelado Em Psicologia,Vila Isabel,Rio De Janeiro,RJ,20-22,S,2025-07
ALU_6df3946600,Engenharia,6,Bac Engenharia De Computação,Engenheiro Belford,Sao Joao De Meriti,RJ,20-22,S,2025-07
ALU_7d3c829f0c,Engenharia,5,Bac Em Engenharia De Produção,Lagoa,Rio De Janeiro,RJ,20-22,S,2025-07
ALU_b3b52d63d2,Psicologia,3,Bacharelado Em Psicologia,Tijuca,Rio De Janeiro,RJ,,S,2025-07
ALU_75e2f286c3,Engenharia,7,Bac Em Engenharia De Produção,Botafogo,Rio De Janeiro,RJ,,S,2025-07
ALU_412ed96946,Ciência Da Computação,11,Bac Ciência Da Computação,Barra Da Tijuca,Rio De Janeiro,RJ,,S,2025-07
ALU_818be7d361,Engenharia,7,Bac Em Engenharia Mecânica,Barra Da Tijuca,Rio De Janeiro,RJ,30+,S,2025-07
ALU_b0e0969aba,Ciências Econômicas,7,Bac Em Ciências Econômicas,Humaita,Rio De Janeiro,RJ,20-22,S,2025-07
ALU_93a5baffb1,Psicologia,3,Bacharelado Em Psicologia,Ipanema,Rio De Janeiro,RJ,<=19,S,2025-07
ALU_00171c38c7,Direito,3,Bacharelado Em Direito,Leblon,Rio De Janeiro,RJ,20-22,S,2025-07
ALU_b49cb674c7,Direito,4,Bacharelado Em Direito,Vargem Pequena,Rio De Janeiro,RJ,23-25,S,2025-07
ALU_6a8644fde8,Estudos De Mídia,11,Bacharelado Estudos De Mídia,Copacabana,Rio De Janeiro,RJ,23-25,S,2025-07
ALU_7e4b70b29b,Jornalismo,3,Bacharelado Em Jornalismo,Botafogo,Rio De Janeiro,RJ,20-22,S,2025-07
ALU_be836116e7,Direito,6,Bacharelado Em Direito,Recreio Dos Bandeirantes,Rio De Janeiro,RJ,20-22,S,2025-07
ALU_c954979f2a,S/E - Sem Especificacao,2,,,Hanover,RJ,,S,2025-07
ALU_d2a0e793af,Ciências Econômicas,7,Bac Em Ciências Econômicas,Barra Da Tijuca,Rio De Janeiro,RJ,20-22,S,2025-07
ALU_03b85bcd58,Direito,3,Bacharelado Em Direito,Itacoatiara,Niteroi,RJ,20-22,S,2025-07
ALU_4c05d0af3b,Design,4,Bacharelado Em Design,Icarai,Niteroi,RJ,23-25,S,2025-07
ALU_1493122ba9,Design,7,Bacharelado Em Design,Taquara,Rio De Janeiro,RJ,,S,2025-07
ALU_b68586f15e,Administração,9,Bacharelado Em Administração,Jardim Botânico,Rio De Janeiro,RJ,23-25,S,2025-07
ALU_f733fce4b4,Pos-Graduacao Em Engenharia Civil,2,Mestrado Em Engenharia Civil,Tomás Coelho,Rio De Janeiro,RJ,,N,2025-07
ALU_caf40414be,Pos-Graduacao Em Administracao,3,Mest Adm Empresas - Prof,Barra Olimpica,Rio De Janeiro,RJ,,S,2025-07
ALU_b7a1787be3,Nutriçao,5,Bacharelado Em Nutriçao,Leblon,Rio De Janeiro,RJ,20-22,S,2025-07
ALU_bb6f3aee7e,Letras,3,"Tradutor Inglês, Bacharelado",,Sao Goncalo,RJ,26-30,S,2025-07
ALU_395b4635fa,Engenharia,7,Bac Engenharia De Computação,Botafogo,Rio De Janeiro,RJ,20-22,S,2025-07
ALU_eea4912492,Direito,4,Bacharelado Em Direito,Copacabana,Rio De Janeiro,RJ,20-22,S,2025-07
ALU_716460864b,Engenharia,11,Bac Em Engenharia De Produção,Barra Da Tijuca,Rio De Janeiro,RJ,23-25,S,2025-07
ALU_000c2cce36,Direito,9,Bacharelado Em Direito,Tijuca,Rio De Janeiro,RJ,,S,2025-07
ALU_57f28e1904,Estudos De Mídia,5,Bacharelado Estudos De Mídia,Leblon,Rio De Janeiro,RJ,20-22,S,2025-07
ALU_9d41d93a49,Direito,4,Bacharelado Em Direito,Gavea,Rio De Janeiro,RJ,,S,2025-07
ALU_5af49d1c5b,Arquitetura E Urbanismo,2,Bac Arquitetura E Urbanismo,Bangu,Rio De Janeiro,RJ,26-30,S,2025-07
ALU_e76e7deca3,Direito,2,Bacharelado Em Direito,Gavea,Rio De Janeiro,RJ,23-25,S,2025-07
ALU_7693f73f34,Ciência Da Computação,6,Bac Ciência Da Computação,Leme,Rio De Janeiro,RJ,20-22,S,2025-07
ALU_5569cf5fc7,Letras,5,"Tradutor Inglês, Bacharelado",Andarai,Rio De Janeiro,RJ,20-22,S,2025-07
ALU_a9ce1abc30,Design,9,Bacharelado Em Design,Humaita,Rio De Janeiro,RJ,20-22,S,2025-07
ALU_8fbc451fb0,Letras,4,"Lic Let,Ling Port Resp Lit",Pilares,Rio De Janeiro,RJ,26-30,S,2025-07
ALU_562902697e,Psicologia,6,Bacharelado Em Psicologia,Vila Sao Luis,Duque De Caxias,RJ,,S,2025-07
ALU_39d97b6650,Administração,9,Bacharelado Em Administração,Barra Da Tijuca,Rio De Janeiro,RJ,23-25,S,2025-07
ALU_4986318f98,Jornalismo,9,Bacharelado Em Jornalismo,Laranjeiras,Rio De Janeiro,RJ,23-25,S,2025-07
ALU_faadea94b4,Design,2,Bacharelado Em Design,Centro,Niteroi,RJ,,S,2025-07
ALU_885509c02c,Ciências Econômicas,3,Bac Em Ciências Econômicas,Ipanema,Rio De Janeiro,RJ,<=19,S,2025-07
ALU_1b18c7be2a,Direito,9,Bacharelado Em Direito,Lagoa,Rio De Janeiro,RJ,,S,2025-07
ALU_156ea5a4f6,Direito,3,Bacharelado Em Direito,Botafogo,Rio De Janeiro,RJ,20-22,S,2025-07
ALU_75dd632dfa,Engenharia,8,Bac Em Engenharia De Produção,Taquara,Rio De Janeiro,RJ,,S,2025-07
ALU_78a42a2db2,Engenharia,9,Bac Em Engenharia De Produção,Lagoa,Rio De Janeiro,RJ,23-25,S,2025-07
ALU_8fcf54e5ff,Administração,9,Bacharelado Em Administração,Jardim Botanico,Rio De Janeiro,RJ,20-22,S,2025-07
ALU_77dfe8f76a,Jornalismo,3,Bacharelado Em Jornalismo,Rocinha,Rio De Janeiro,RJ,23-25,S,2025-07
ALU_8426993387,Arquitetura E Urbanismo,7,Bac Arquitetura E Urbanismo,Botafogo,Rio De Janeiro,RJ,23-25,S,2025-07
ALU_6eda64481c,Direito,7,Bacharelado Em Direito,Leme,Rio De Janeiro,RJ,,S,2025-07
ALU_00aac21755,Estudos De Mídia,5,Bacharelado Estudos De Mídia,Barra Da Tijuca,Rio De Janeiro,RJ,<=19,S,2025-07
ALU_799e076a2a,Psicologia,6,Bacharelado Em Psicologia,Barra Da Tijuca,Rio De Janeiro,RJ,20-22,S,2025-07
ALU_6b8e715468,Ciências Econômicas,5,Bac Em Ciências Econômicas,Ipanema,Rio De Janeiro,RJ,20-22,S,2025-07
ALU_83db13881d,Engenharia,3,Bac Em Engenharia Mecânica,Estácio,Rio De Janeiro,RJ,23-25,S,2025-07
ALU_2801c47a2f,Psicologia,2,Bacharelado Em Psicologia,Flamengo,Rio De Janeiro,RJ,23-25,S,2025-07
ALU_bab159d645,Direito,3,Bacharelado Em Direito,Leblon,Rio De Janeiro,RJ,<=19,S,2025-07
ALU_dfe477ed48,Design,11,Bacharelado Em Design,Botafogo,Rio De Janeiro,RJ,23-25,S,2025-08
ALU_7d98874865,Psicologia,6,Bacharelado Em Psicologia,Bangu,Rio De Janeiro,RJ,20-22,S,2025-08
ALU_08b4bcbd2b,Administração,3,Bacharelado Em Administração,Humaita,Rio De Janeiro,RJ,,S,2025-08
ALU_51f5e5b114,Ciências Econômicas,5,Bac Em Ciências Econômicas,Gavea,Rio De Janeiro,RJ,20-22,S,2025-08
ALU_3963471a68,Neurociências,7,Bacharelado Em Neurociências,Jardim Botanico,Rio De Janeiro,RJ,20-22,S,2025-08
ALU_92347e26ee,Relacões Internacionais,9,Bac Relacões Internacionais,Lagoa,Rio De Janeiro,RJ,,S,2025-08
ALU_f6521caf06,Inteligência Artificial,2,Bac Inteligência Artificial,Gavea,Rio De Janeiro,RJ,20-22,S,2025-08
ALU_e7a00c5353,Administração,5,Bacharelado Em Administração,Ipanema,Rio De Janeiro,RJ,,S,2025-08
ALU_0ffba48025,Administração,5,Bacharelado Em Administração,Leblon,Rio De Janeiro,RJ,20-22,S,2025-08
ALU_5ace5b6d58,Administração,3,Bacharelado Em Administração,Laranjeiras,Rio De Janeiro,RJ,20-22,S,2025-08
ALU_a8e0748be0,Psicologia,5,Bacharelado Em Psicologia,Botafogo,Rio De Janeiro,RJ,20-22,S,2025-08
ALU_b443c87ba0,Direito,5,Bacharelado Em Direito,Botafogo,Rio De Janeiro,RJ,30+,S,2025-08
ALU_75387cbcb3,Design,24,Bacharelado Em Design,Humaita,Rio De Janeiro,RJ,30+,S,2025-08
ALU_2d23f5d05b,Arquitetura E Urbanismo,3,Bac Arquitetura E Urbanismo,Barra Da Tijuca,Rio De Janeiro,RJ,,S,2025-08
ALU_519317ccd8,Neurociências,3,Bacharelado Em Neurociências,Vargem Grande,Rio De Janeiro,RJ,30+,S,2025-08
ALU_301050f1f5,Design,6,Bacharelado Em Design,Santa Luzia,Sao Goncalo,RJ,23-25,S,2025-08
ALU_6c0ca5e675,Direito,23,Bacharelado Em Direito,Freguesia   Jacepagua,Rio De Janeiro,RJ,,N,2025-08
ALU_4dcba729b4,Engenharia,8,Bac Engenharia De Computação,Gavea,Rio De Janeiro,RJ,20-22,S,2025-08
ALU_df82224724,Ciência Da Computação,9,Bac Ciência Da Computação,Flamengo,Rio De Janeiro,RJ,23-25,S,2025-08
ALU_79cd44a403,Ciências Biológicas,7,Bac Em Ciências Biológicas,Copacabana,Rio De Janeiro,RJ,20-22,S,2025-08
ALU_23de399f1a,Ciência Da Computação,9,Bac Ciência Da Computação,Barra Da Tijuca,Rio De Janeiro,RJ,,S,2025-08
ALU_343cc54f91,Administração,2,Bacharelado Em Administração,Maracana,Rio De Janeiro,RJ,20-22,S,2025-08
ALU_e86deb4b05,Estudos De Mídia,7,Bacharelado Estudos De Mídia,Leblon,Rio De Janeiro,RJ,,S,2025-08
ALU_f4c46fef26,Direito,2,Bacharelado Em Direito,Oswaldo Cruz,Rio De Janeiro,RJ,20-22,S,2025-08
ALU_1700a2a6bf,Ciência Da Computação,8,Bac Ciência Da Computação,Lagoa,Rio De Janeiro,RJ,,S,2025-08
ALU_e00aa020db,Ciências Econômicas,9,Bac Em Ciências Econômicas,Leblon,Rio De Janeiro,RJ,,S,2025-08
ALU_1afa02ff0f,Arquitetura E Urbanismo,7,Bac Arquitetura E Urbanismo,Botafogo,Rio De Janeiro,RJ,,S,2025-08
ALU_1103568085,Design,3,Bacharelado Em Design,Botafogo,Rio De Janeiro,RJ,23-25,S,2025-08
ALU_110053a05f,Direito,5,Bacharelado Em Direito,Leblon,Rio De Janeiro,RJ,20-22,S,2025-08
ALU_1bd619b2fe,Arquitetura E Urbanismo,3,Bac Arquitetura E Urbanismo,Tijuca,Rio De Janeiro,RJ,20-22,S,2025-08
ALU_2c10bda3be,Pos-Graduacao Em Informatica,6,Mestrado Em Informatica,Tanque,Rio De Janeiro,RJ,,S,2025-08
ALU_c7b1662c9f,Ciência Da Computação,6,Bac Ciência Da Computação,Flamengo,Rio De Janeiro,RJ,23-25,S,2025-08
ALU_727aebe482,Engenharia,8,Bac Em Engenharia De Produção,Vidigal,Rio De Janeiro,RJ,20-22,S,2025-08
ALU_ab5515bf03,Administração,3,Bacharelado Em Administração,Recreio Dos Bandeirantes,Rio De Janeiro,RJ,,S,2025-08
ALU_aa80735b4a,Design,4,Bacharelado Em Design,Maria Da Graca,Rio De Janeiro,RJ,20-22,S,2025-08
ALU_f886456357,Design,7,Bacharelado Em Design,Jardim Botanico,Rio De Janeiro,RJ,20-22,S,2025-08
ALU_74c97c02ea,Nutriçao,5,Bacharelado Em Nutriçao,Gavea,Rio De Janeiro,RJ,20-22,S,2025-08
ALU_2c4c7b30e0,Direito,9,Bacharelado Em Direito,Copacabana,Rio De Janeiro,RJ,,S,2025-08
ALU_f9f6376c3e,Ciências Econômicas,8,Bac Em Ciências Econômicas,Lagoa,Rio De Janeiro,RJ,,S,2025-08
ALU_e7cb71e3ca,Arquitetura E Urbanismo,4,Bac Arquitetura E Urbanismo,Piratininga,Niteroi,RJ,20-22,S,2025-08
ALU_67a519e2e8,Administração,3,Bacharelado Em Administração,Gavea,Rio De Janeiro,RJ,,S,2025-08
ALU_9da40f5c2d,Arquitetura E Urbanismo,2,Bac Arquitetura E Urbanismo,Senador Vasconcelos,Rio De Janeiro,RJ,23-25,S,2025-08
ALU_96d5ebaff9,Engenharia,7,Bac Em Engenharia De Produção,Botafogo,Rio De Janeiro,RJ,,S,2025-08
ALU_909fdfc152,Design,5,Bacharelado Em Design,Leblon,Rio De Janeiro,RJ,20-22,S,2025-08
ALU_21f3234c01,Ciências Econômicas,3,Bac Em Ciências Econômicas,Lagoa,Rio De Janeiro,RJ,,S,2025-08
ALU_d181073135,Administração,2,Bacharelado Em Administração,Centro,Rio De Janeiro,RJ,26-30,S,2025-08
ALU_8bb84db210,Nutriçao,5,Bacharelado Em Nutriçao,Copacabana,Rio De Janeiro,RJ,20-22,S,2025-08
ALU_d6b9c6fa86,Neurociências,5,Bacharelado Em Neurociências,Barra Da Tijuca,Rio De Janeiro,RJ,20-22,S,2025-08
ALU_8fc29dedad,Jornalismo,5,Bacharelado Em Jornalismo,Rocinha,Rio De Janeiro,RJ,,S,2025-08
ALU_974339be89,Jornalismo,5,Bacharelado Em Jornalismo,Botafogo,Rio De Janeiro,RJ,20-22,S,2025-08
ALU_c0ee0b9717,Engenharia,2,Bac Engenharia De Computação,Gávea,Rio De Janeiro,RJ,26-30,S,2025-08
ALU_a4a100be88,Pedagogia,5,Sem Especificação,Leme,Rio De Janeiro,RJ,20-22,S,2025-08
ALU_246f311628,Direito,6,Bacharelado Em Direito,Centro,Nilopolis,RJ,20-22,S,2025-08
ALU_f813376566,Estudos De Mídia,2,Bacharelado Estudos De Mídia,Barra Da Tijuca,Rio De Janeiro,RJ,20-22,S,2025-08
ALU_52f5f3207e,Ciências Biológicas,6,Bac Em Ciências Biológicas,Engenho Da Rainha,Rio De Janeiro,RJ,20-22,S,2025-08
ALU_2b982bd58c,Ciências Econômicas,6,Bac Em Ciências Econômicas,Recreio Dos Bandeirantes,Rio De Janeiro,RJ,,S,2025-08
ALU_1e13d2802c,Direito,2,Bacharelado Em Direito,Manilha,Itaborai,RJ,,S,2025-08
ALU_02503e3cf9,Pos-Graduacao Em Metrologia,9,Mestrado Em Metrologia,Barra Da Tijuca,Rio De Janeiro,RJ,,N,2025-08
ALU_2c86d2cf4a,S/E - Sem Especificacao,2,,,Laakirchen,RJ,,S,2025-08
ALU_e14718ff9a,Ciências Econômicas,7,Bac Em Ciências Econômicas,Lagoa,Rio De Janeiro,RJ,,S,2025-08
ALU_7581f8e6a3,Design,15,Bacharelado Em Design,Tanque Jacarepagua,Rio De Janeiro,RJ,,S,2025-08
ALU_abcd3620c0,Psicologia,5,Bacharelado Em Psicologia,Jardim Botanico,Rio De Janeiro,RJ,20-22,S,2025-08
ALU_ec6dae22b9,Administração,12,Bacharelado Em Administração,Lagoa,Rio De Janeiro,RJ,23-25,S,2025-08
ALU_b64ad3af4d,Ciências Sociais,3,Licenciatura Ciências Sociais,Vidigal,Rio De Janeiro,RJ,23-25,S,2025-08
ALU_31045193d5,Ciência Da Computação,7,Bac Ciência Da Computação,Recreio Dos Bandeirantes,Rio De Janeiro,RJ,23-25,S,2025-08
ALU_2589423b19,Direito,8,Bacharelado Em Direito,Botafogo,Rio De Janeiro,RJ,,S,2025-08
ALU_7ff96df32e,Engenharia,7,Bac Engenharia De Computação,Ipanema,Rio De Janeiro,RJ,,N,2025-08
ALU_aac2fdd22e,Administração,4,Bacharelado Em Administração,Ipanema,Rio De Janeiro,RJ,,S,2025-08
ALU_55ed12d21b,Direito,2,Bacharelado Em Direito,Curicica,Rio De Janeiro,RJ,,S,2025-08
ALU_c5e1a9f06e,Arquitetura E Urbanismo,9,Bac Arquitetura E Urbanismo,Icarai,Niteroi,RJ,23-25,S,2025-08
ALU_946e28c31a,Ciências Sociais,3,Licenciatura Ciências Sociais,Andarai,Rio De Janeiro,RJ,20-22,S,2025-08
ALU_262f55ff04,Arquitetura E Urbanismo,7,Bac Arquitetura E Urbanismo,Freguesia,Rio De Janeiro,RJ,20-22,S,2025-08
ALU_11d7657484,Nutriçao,3,Bacharelado Em Nutriçao,Tijuca,Rio De Janeiro,RJ,23-25,S,2025-08
ALU_842b23d937,História,16,Licenciatura Em História,Catete,Rio De Janeiro,RJ,30+,S,2025-08
ALU_ff0708739a,Arquitetura E Urbanismo,13,Bac Arquitetura E Urbanismo,Taquara,Rio De Janeiro,RJ,,S,2025-08
ALU_aab79839af,Artes Cênicas,2,Bac Art Cênicas,Lagoa,Rio De Janeiro,RJ,20-22,S,2025-08
ALU_c2fda6d9f3,Ciências Econômicas,5,Bac Em Ciências Econômicas,Barra Da Tijuca,Rio De Janeiro,RJ,20-22,S,2025-08
ALU_60e361d3d0,Administração,5,Bacharelado Em Administração,Leblon,Rio De Janeiro,RJ,20-22,S,2025-08
ALU_7d8bf155ee,Estudos De Mídia,4,Bacharelado Estudos De Mídia,Vila Isabel,Rio De Janeiro,RJ,20-22,S,2025-08
ALU_33f57a9a83,Ciências Econômicas,7,Bac Em Ciências Econômicas,Leblon,Rio De Janeiro,RJ,20-22,S,2025-08
ALU_30dda0f1bd,Psicologia,3,Bacharelado Em Psicologia,Vital Brazil,Niteroi,RJ,26-30,S,2025-08
ALU_987e7db7b2,Pedagogia,7,Sem Especificação,Rocinha,Rio De Janeiro,RJ,23-25,S,2025-08
ALU_4c7756a65c,Psicologia,11,Bacharelado Em Psicologia,Barra Da Tijuca,Rio De Janeiro,RJ,23-25,S,2025-08
ALU_a1ff03198a,Teologia,2,Bacharelado Em Teologia,Realengo,Rio De Janeiro,RJ,20-22,S,2025-08
ALU_8a69c019a2,Ciência Da Computação,9,Bac Ciência Da Computação,Lagoa,Rio De Janeiro,RJ,20-22,S,2025-08
ALU_363cdfcb46,S/E - Sem Especificacao,2,,Copacabana,Rio De Janeiro,RJ,23-25,S,2025-08
ALU_e2617a48d9,Psicologia,7,Bacharelado Em Psicologia,Urca,Rio De Janeiro,RJ,20-22,S,2025-08
ALU_a2f9996b24,Ciência Da Computação,3,Bac Ciência Da Computação,Icaraí,Niterói,RJ,<=19,S,2025-08
ALU_2f6cb135eb,Ciências Econômicas,10,Bac Em Ciências Econômicas,Jardim Botanico,Rio De Janeiro,RJ,23-25,S,2025-08
ALU_9f0d0c5c02,Ciências Econômicas,5,Bac Em Ciências Econômicas,Copacabana,Rio De Janeiro,RJ,20-22,S,2025-08
ALU_9d910974b3,Design,9,Bacharelado Em Design,Itanhanga,Rio De Janeiro,RJ,20-22,S,2025-08
ALU_f978a53a93,Psicologia,5,Bacharelado Em Psicologia,Camboinhas,Niteroi,RJ,,S,2025-08
ALU_6310e4c356,Ciência Da Computação,7,Bac Ciência Da Computação,Copacabana,Rio De Janeiro,RJ,,S,2025-08
ALU_8e41654914,Jornalismo,3,Bacharelado Em Jornalismo,Copacabana,Rio De Janeiro,RJ,<=19,S,2025-08
ALU_7e6852372e,Letras,9,"Bac Letras, Prod Textual",Grajau,Rio De Janeiro,RJ,,S,2025-08
ALU_857934712f,Design,15,Bacharelado Em Design,Fonseca,Niteroi,RJ,,S,2025-08
ALU_00919e15cb,Ciência Da Computação,2,Bac Ciência Da Computação,Sao Domingos,Niteroi,RJ,23-25,S,2025-08
ALU_6a47980881,Arquitetura E Urbanismo,11,Bac Arquitetura E Urbanismo,Recreio Dos Bandeirantes,Rio De Janeiro,RJ,,S,2025-08
ALU_5413a14eee,Engenharia,5,Bac Em Engenharia De Produção,Ipanema,Rio De Janeiro,RJ,,S,2025-08
ALU_39780a5e7c,Arquitetura E Urbanismo,8,Bac Arquitetura E Urbanismo,Recreio Dos Bandeirantes,Rio De Janeiro,RJ,23-25,S,2025-08
ALU_637c687581,Comunicação Social,15,"Com Social-Jornalismo, Bachar",Pedra De Guaratiba,Rio De Janeiro,RJ,23-25,S,2025-08
ALU_da3e465709,Engenharia,7,Bac Engenharia De Computação,Copacabana,Rio De Janeiro,RJ,20-22,S,2025-08
ALU_30f8b299ab,S/E - Sem Especificacao,2,,Jardim Botânico,Rio De Janeiro,RJ,23-25,S,2025-08
ALU_3affe716a0,Engenharia,5,Bac Engenharia De Computação,Leblon,Rio De Janeiro,RJ,20-22,S,2025-08
ALU_f5e998089c,Administração,12,Bacharelado Em Administração,Barra Da Tijuca,Rio De Janeiro,RJ,23-25,S,2025-08
ALU_a9e6b03745,Pos-Graduacao Em Direito,2,Doutorado Em Direito,Calafate,Belo Horizonte,MG,30+,S,2025-08
ALU_1ab486ad23,Engenharia,11,Bac Em Engenharia De Produção,Recreio Dos Bandeirantes,Rio De Janeiro,RJ,,S,2025-08
ALU_70ee44b166,Engenharia,5,Bac Em Engenharia Química,Ipanema,Rio De Janeiro,RJ,20-22,S,2025-08
ALU_5e12af47d0,Direito,5,Bacharelado Em Direito,Icarai,Niteroi,RJ,20-22,S,2025-08
ALU_c892cf2ae2,Direito,3,Bacharelado Em Direito,Recreio Dos Bandeirantes,Rio De Janeiro,RJ,20-22,S,2025-08
ALU_55fc73fc93,Estudos De Mídia,4,Bacharelado Estudos De Mídia,Rocinha,Rio De Janeiro,RJ,20-22,S,2025-08
ALU_e05097edbf,Artes Cênicas,2,Bac Art Cênicas,Flamengo,Rio De Janeiro,RJ,20-22,S,2025-08
ALU_eade2438bc,Direito,9,Bacharelado Em Direito,Barra Da Tijuca,Rio De Janeiro,RJ,20-22,S,2025-08
ALU_4a47366df3,Psicologia,2,Bacharelado Em Psicologia,Botafogo,Rio De Janeiro,RJ,26-30,S,2025-08
ALU_91123f27ce,Psicologia,8,Bacharelado Em Psicologia,Ilha Do Governador,Rio De Janeiro,RJ,26-30,S,2025-08
ALU_6be6de48d9,S/E - Sem Especificacao,2,,,Lisboa,RJ,,S,2025-08
ALU_37c637f289,Ciências Biológicas,14,Lic Em Ciências Biológicas,Olaria,Rio De Janeiro,RJ,,S,2025-08
ALU_16b15ef9e2,Engenharia,13,Bac Eng Controle E Automação,Barra Da Tijuca,Rio De Janeiro,RJ,,S,2025-08
ALU_285137aa04,Direito,14,Bacharelado Em Direito,Lagoa,Rio De Janeiro,RJ,,S,2025-08
ALU_a2cee112e5,Jornalismo,3,Bacharelado Em Jornalismo,Gracas,Duque De Caxias,RJ,20-22,S,2025-08
ALU_7dbdaa8f63,Design,9,Bacharelado Em Design,Piedade,Rio De Janeiro,RJ,,S,2025-08
ALU_99aa44684b,Estudos De Mídia,5,Bacharelado Estudos De Mídia,Icarai,Niteroi,RJ,23-25,S,2025-08
ALU_a8f6581ea9,Direito,2,Bacharelado Em Direito,Itanhanga,Rio De Janeiro,RJ,26-30,S,2025-09
ALU_4b0175f726,Ciências Econômicas,5,Bac Em Ciências Econômicas,Leblon,Rio De Janeiro,RJ,20-22,S,2025-09
ALU_79cfc32989,Estudos De Mídia,2,Bacharelado Estudos De Mídia,Laranjeiras,Rio De Janeiro,RJ,20-22,S,2025-09
ALU_9f749e57a7,Engenharia,3,Bac Em Engenharia Elétrica,Flamengo,Rio De Janeiro,RJ,30+,S,2025-09
ALU_108f9e1b42,Ciência Da Computação,9,Bac Ciência Da Computação,Botafogo,Rio De Janeiro,RJ,23-25,S,2025-09
ALU_bf8e49993f,Engenharia,6,Bac Engenharia De Computação,Barra Da Tijuca,Rio De Janeiro,RJ,20-22,S,2025-09
ALU_b3aa3e189c,Engenharia,15,Bac Em Engenharia Química,Barra Da Tijuca,Rio De Janeiro,RJ,,S,2025-09
ALU_a2c604cf20,Pos-Graduacao Em Teologia,5,Mestrado Em Teologia,Vila Guimaraes,Nova Iguacu,RJ,,S,2025-09
ALU_9cb1aafcaa,Relacões Internacionais,3,Bac Relacões Internacionais,Gavea,Rio De Janeiro,RJ,20-22,S,2025-09
ALU_b460df22ae,Administração,9,Bacharelado Em Administração,Flamengo,Rio De Janeiro,RJ,23-25,S,2025-09
ALU_1a0307e3b5,Engenharia,5,Bac Engenharia De Computação,Ipanema,Rio De Janeiro,RJ,20-22,S,2025-09
ALU_fd50cef13a,Administração,15,Bacharelado Em Administração,Rocinha,Rio De Janeiro,RJ,,S,2025-09
ALU_cd72b70fda,Design,3,Bacharelado Em Design,Gavea,Rio De Janeiro,RJ,<=19,S,2025-09
ALU_bd51fcf41a,Engenharia,7,Bac Engenharia De Computação,Pedra De Guaratiba,Rio De Janeiro,RJ,20-22,S,2025-09
ALU_0045dda7cc,Ciência Da Computação,5,Bac Ciência Da Computação,Jardim Botanico,Rio De Janeiro,RJ,20-22,S,2025-09
ALU_fb882f5005,Engenharia,11,Bac Em Engenharia De Produção,Jardim Botanico,Rio De Janeiro,RJ,23-25,S,2025-09
ALU_d6f7e00096,Administração,10,Bacharelado Em Administração,Ipanema,Rio De Janeiro,RJ,26-30,S,2025-09
ALU_2ee4a08317,Ciências Econômicas,7,Bac Em Ciências Econômicas,Lagoa,Rio De Janeiro,RJ,20-22,S,2025-09
ALU_d954f3d406,Psicologia,6,Bacharelado Em Psicologia,Taquara,Rio De Janeiro,RJ,23-25,S,2025-09
ALU_549a5c2cc6,Ciências Econômicas,7,Bac Em Ciências Econômicas,Barra Da Tijuca,Rio De Janeiro,RJ,,S,2025-09
ALU_d7e776eaa9,Ciências Econômicas,11,Bac Em Ciências Econômicas,Barra Da Tijuca,Rio De Janeiro,RJ,,S,2025-09
ALU_7605ffb8b5,Ciência Da Computação,3,Bac Ciência Da Computação,Botafogo,Rio De Janeiro,RJ,<=19,S,2025-09
ALU_22ea9bf420,Jornalismo,5,Bacharelado Em Jornalismo,Copacabana,Rio De Janeiro,RJ,20-22,S,2025-09
ALU_c944d61acd,Administração,5,Bacharelado Em Administração,Santa Teresa,Rio De Janeiro,RJ,,S,2025-09
ALU_227977f5a6,Ciências Econômicas,5,Bac Em Ciências Econômicas,Leblon,Rio De Janeiro,RJ,20-22,S,2025-09
ALU_a50cae1519,Ciência Da Computação,2,Bac Ciência Da Computação,Copacabana,Rio De Janeiro,RJ,20-22,S,2025-09
ALU_60cd1c2067,Direito,12,Bacharelado Em Direito,Rocinha,Rio De Janeiro,RJ,30+,S,2025-09
ALU_577987865b,Administração,2,Bacharelado Em Administração,Recreio,Rio De Janeiro,RJ,26-30,S,2025-09
ALU_cf7325acc1,Engenharia,7,Bac Em Engenharia De Produção,Ipanema,Rio De Janeiro,RJ,20-22,S,2025-09
ALU_45546f713e,Design,6,Bacharelado Em Design,Lagoa,Rio De Janeiro,RJ,20-22,S,2025-09
ALU_2891f63d64,Jornalismo,3,Bacharelado Em Jornalismo,Jardim Aclimacao,Cuiaba,MT,30+,S,2025-09
ALU_e2e66ac77d,Ciência Da Computação,3,Bac Ciência Da Computação,Recreio Dos Bandeirantes,Rio De Janeiro,RJ,<=19,S,2025-09
ALU_6d1925bbc2,Letras,13,"Tradutor Inglês, Bacharelado",Copacabana,Rio De Janeiro,RJ,23-25,S,2025-09
ALU_916000160f,Letras,5,"Tradutor Inglês, Bacharelado",Barra Da Tijuca,Rio De Janeiro,RJ,,S,2025-09
ALU_5904dae0c9,Direito,14,Bacharelado Em Direito,Triangulo,Tres Rios,RJ,23-25,S,2025-09
ALU_fd875c3a0b,Psicologia,2,Bacharelado Em Psicologia,Tijuca,Rio De Janeiro,RJ,20-22,S,2025-09
ALU_081a3d58d3,Jornalismo,3,Bacharelado Em Jornalismo,Caonze,Nova Iguacu,RJ,,S,2025-09
ALU_28ed8d89d4,Engenharia,5,Bac Engenharia De Computação,Botafogo,Rio De Janeiro,RJ,20-22,S,2025-09
ALU_05d3e7813e,S/E - Sem Especificacao,2,,,Radlett,RJ,,S,2025-09
ALU_3524af4516,Engenharia,13,Bac Em Engenharia De Produção,Centro,Tres Rios,RJ,,S,2025-09
ALU_3da611100c,Direito,3,Bacharelado Em Direito,Botafogo,Rio De Janeiro,RJ,23-25,S,2025-09
ALU_4ee9f8394d,Estudos De Mídia,4,Bacharelado Estudos De Mídia,Santa Teresa,Rio De Janeiro,RJ,20-22,S,2025-09
ALU_9000a909e4,Ciência Da Computação,11,Bac Ciência Da Computação,Jacarepagua,Rio De Janeiro,RJ,30+,S,2025-09
ALU_768fa621ea,Ciência Da Computação,11,Bac Ciência Da Computação,Botafofo,Rio De Janeiro,RJ,,S,2025-09
ALU_904ddf4555,Arquitetura E Urbanismo,11,Bac Arquitetura E Urbanismo,Leblon,Rio De Janeiro,RJ,,S,2025-09
ALU_d9dd63e91a,Pos-Graduacao Em Engenharia Eletrica,3,Mestrado Em Eng Eletrica,Gavea,Rio De Janeiro,RJ,,S,2025-09
ALU_624593f8a7,Relacões Internacionais,7,Bac Relacões Internacionais,Ipanema,Rio De Janeiro,RJ,20-22,S,2025-09
ALU_19c62afcdb,Estudos De Mídia,3,Bacharelado Estudos De Mídia,Vila Meriti,Duque De Caxias,RJ,20-22,S,2025-09
ALU_21a11fcb1d,Administração,5,Bacharelado Em Administração,Ipanema,Rio De Janeiro,RJ,20-22,S,2025-09
ALU_01f578c5a0,Psicologia,10,Bacharelado Em Psicologia,Santa Cruz,Rio De Janeiro,RJ,26-30,S,2025-09
ALU_391a2ca775,Engenharia,3,Bac Em Engenharia De Produção,Barra Da Tijuca,Rio De Janeiro,RJ,<=19,S,2025-09
ALU_671bd4b3b1,Design,7,Bacharelado Em Design,Copacabana,Rio De Janeiro,RJ,20-22,S,2025-09
ALU_caaf6d8c91,Psicologia,4,Bacharelado Em Psicologia,Botafogo,Rio De Janeiro,RJ,,N,2025-09
ALU_e597caff19,Design,3,Bacharelado Em Design,Botafogo,Rio De Janeiro,RJ,,S,2025-09
ALU_8e5f1a4780,Design,3,Bacharelado Em Design,Rocinha,Rio De Janeiro,RJ,23-25,S,2025-09
ALU_1593bf39db,Direito,9,Bacharelado Em Direito,Grajau,Rio De Janeiro,RJ,20-22,S,2025-09
ALU_8ccf651315,Administração,7,Bacharelado Em Administração,Barra Da Tijuca,Rio De Janeiro,RJ,30+,S,2025-09
ALU_45fdbd1d9e,Psicologia,3,Bacharelado Em Psicologia,Copacabana,Rio De Janeiro,RJ,20-22,S,2025-09
ALU_7aeb638581,Psicologia,2,Bacharelado Em Psicologia,Pechincha,Rio De Janeiro,RJ,20-22,S,2025-09
ALU_90a8b08e58,Engenharia,7,Bac Em Engenharia Mecânica,Barra De Tijuca,Rio De Janeiro,RJ,20-22,N,2025-09
ALU_56b19addc9,Direito,9,Bacharelado Em Direito,Barra Da Tijuca,Rio De Janeiro,RJ,,S,2025-09
ALU_4456925c77,Pos-Graduacao Em Ciencias Sociais,3,Doutorado Em Ciencias Sociais,Barra Da Tijuca,Rio De Janeiro,RJ,26-30,S,2025-09
ALU_b243d55a9a,Engenharia,5,Bac Em Engenharia De Produção,Laranjeiras,Rio De Janeiro,RJ,20-22,S,2025-09
ALU_56d033eaa4,Design,6,Bacharelado Em Design,Recreio Dos Bandeirantes,Rio De Janeiro,RJ,20-22,S,2025-09
ALU_5f6b4adfdf,Pos-Graduacao Relacoes Internacionais,2,Mest Anali Gestao Pol Interna,Rocha,Rio De Janeiro,RJ,,S,2025-09
ALU_206fa28d3d,Design,20,Bacharelado Em Design,Nova Cidade,Sao Goncalo,RJ,26-30,S,2025-09
ALU_ab886d5692,Ciências Sociais,3,Licenciatura Ciências Sociais,Icarai,Niteroi,RJ,20-22,S,2025-09
ALU_44a2e2ce73,Administração,11,Bacharelado Em Administração,Leblon,Rio De Janeiro,RJ,30+,S,2025-09
ALU_4f65de0db3,Geografia,12,Bacharelado Em Geografia,Leblon,Rio De Janeiro,RJ,23-25,S,2025-09
ALU_3a7fc10691,Design,6,Bacharelado Em Design,Lagoa,Rio De Janeiro,RJ,20-22,S,2025-09
ALU_db0a3ddc78,Estudos De Mídia,9,Bacharelado Estudos De Mídia,Barra Da Tijuca,Rio De Janeiro,RJ,,S,2025-09
ALU_160eff24d9,Ciências Econômicas,13,Bac Em Ciências Econômicas,Laranjeiras,Rio De Janeiro,RJ,23-25,S,2025-09
ALU_a82f11a22a,História,12,Licenciatura Em História,Cosme Velho,Rio De Janeiro,RJ,,S,2025-09
ALU_ecadb4edae,Relacões Internacionais,9,Bac Relacões Internacionais,Recreio Dos Bandeirantes,Rio De Janeiro,RJ,20-22,S,2025-09
ALU_41ac772588,Ciência Da Computação,9,Bac Ciência Da Computação,Copacabana,Rio De Janeiro,RJ,20-22,N,2025-09
ALU_010f792ed0,Estudos De Mídia,2,Bacharelado Estudos De Mídia,Magalhães Bastos,Rio De Janeiro,RJ,26-30,S,2025-09
ALU_c6e1ab3b1e,Administração,5,Bacharelado Em Administração,Leblon,Rio De Janeiro,RJ,20-22,S,2025-09
ALU_1e90799288,Pos-Graduacao Relacoes Internacionais,3,Dout Relacoes Internacionais,Leblon,Rio De Janeiro,RJ,,S,2025-09
ALU_1a4a63c5c4,Ciência Da Computação,3,Bac Ciência Da Computação,Recreio Dos Bandeirantes,Rio De Janeiro,RJ,20-22,S,2025-09
ALU_1fca9932be,Ciências Econômicas,3,Bac Em Ciências Econômicas,Sao Conrado,Rio De Janeiro,RJ,20-22,S,2025-09
ALU_c55ad50322,Direito,3,Bacharelado Em Direito,Lagoa,Rio De Janeiro,RJ,20-22,S,2025-09
ALU_6f1cc559ec,Design,8,Bacharelado Em Design,Lagoa,Rio De Janeiro,RJ,,S,2025-09
ALU_dcffd2e404,Engenharia,11,Bac Em Engenharia De Produção,Leblon,Rio De Janeiro,RJ,23-25,S,2025-09
ALU_63b92a5cab,Administração,9,Bacharelado Em Administração,Barra Da Tijuca,Rio De Janeiro,RJ,,S,2025-09
ALU_1a65a1492e,Direito,11,Bacharelado Em Direito,Barra Da Tijuca,Rio De Janeiro,RJ,23-25,S,2025-09
ALU_c48705d7ea,Engenharia,13,Bac Em Engenharia De Produção,Barra Da Tijuca,Rio De Janeiro,RJ,23-25,S,2025-09
ALU_ab4004e842,Direito,5,Bacharelado Em Direito,Barra Da Tijuca,Rio De Janeiro,RJ,,S,2025-09
ALU_42cbbdd13b,Pos-Graduacao Em Engenharia Mecanica,2,Doutorado Em Eng Mecanica,Tijuca,Rio De Janeiro,RJ,26-30,S,2025-09
ALU_6e6c2ca1f8,Ciências Econômicas,9,Bac Em Ciências Econômicas,Leblon,Rio De Janeiro,RJ,,S,2025-09
ALU_613b09a797,Engenharia,9,Bac Engenharia De Computação,Centro,Campos Dos Goytacazes,RJ,,S,2025-09
ALU_89f41b3180,Ciência Da Computação,7,Bac Ciência Da Computação,Jacarepagua,Rio De Janeiro,RJ,,S,2025-09
ALU_137c8c1632,Arquitetura E Urbanismo,9,Bac Arquitetura E Urbanismo,Botafogo,Rio De Janeiro,RJ,23-25,S,2025-09
ALU_034a402263,Design,13,Bacharelado Em Design,Tijuca,Rio De Janeiro,RJ,,S,2025-09
ALU_ab68ea1997,Direito,12,Bacharelado Em Direito,Recreio Dos Bandeirantes,Rio De Janeiro,RJ,23-25,S,2025-09
ALU_916ddf680f,Jornalismo,4,Bacharelado Em Jornalismo,Jacarepaguá,Rio De Janeiro,RJ,20-22,S,2025-09
ALU_4f345f452b,Direito,5,Bacharelado Em Direito,Itapoa,Vila Velha,ES,,S,2025-09
ALU_42ad031d1e,Jornalismo,9,Bacharelado Em Jornalismo,Agrioes,Teresopolis,RJ,,S,2025-09
ALU_25247add98,Direito,2,Bacharelado Em Direito,Botafogo,Rio De Janeiro,RJ,<=19,S,2025-09
ALU_57d96b2388,Ciências Econômicas,7,Bac Em Ciências Econômicas,Vidigal,Rio De Janeiro,RJ,,S,2025-10
ALU_af17551a69,Serviço Social,3,Bac Serviço Social,Vila Isabel,Rio De Janeiro,RJ,23-25,S,2025-10
ALU_5253c7b87e,Comunicação Social,16,"Com Social-Jornalismo, Bachar",Copacabana,Rio De Janeiro,RJ,,S,2025-10
ALU_104bfebc18,Direito,6,Bacharelado Em Direito,Centro,Campos Dos Goytacazes,RJ,,S,2025-10
ALU_3e01573999,Direito,11,Bacharelado Em Direito,Barra Da Tijuca,Rio De Janeiro,RJ,,S,2025-10
ALU_de6229a5b9,Pos-Graduacao Em Administracao,7,Mest Adm Empresas - Prof,Leblon,Rio De Janeiro,RJ,,N,2025-10
ALU_1d66b8a703,Estudos De Mídia,3,Bacharelado Estudos De Mídia,Praca Seca,Rio De Janeiro,RJ,<=19,S,2025-10
ALU_92b74d41fc,Ciências Econômicas,9,Bac Em Ciências Econômicas,Botafogo,Rio De Janeiro,RJ,,S,2025-10
ALU_bb50d280bf,Jornalismo,2,Bacharelado Em Jornalismo,Engenho Da Rainha,Rio De Janeiro,RJ,26-30,S,2025-10
ALU_4c5ddb1cce,Engenharia,5,Bac Em Engenharia De Produção,Leblon,Rio De Janeiro,RJ,20-22,S,2025-10
ALU_f55fdd15b9,Engenharia,13,Bac Eng Mat Nano,Ipanema,Rio De Janeiro,RJ,,S,2025-10
ALU_7f9ce24df1,Administração,7,Bacharelado Em Administração,Rocinha,Rio De Janeiro,RJ,,S,2025-10
ALU_0d0984c890,Direito,11,Bacharelado Em Direito,Rocinha,Rio De Janeiro,RJ,,S,2025-10
ALU_c319433679,Engenharia,12,Bac Em Engenharia Ambiental,Nilopolis,Nilopolis,RJ,,S,2025-10
ALU_d05942675f,Ciências Econômicas,9,Bac Em Ciências Econômicas,Santissimo,Rio De Janeiro,RJ,,S,2025-10
ALU_4122dbf0ec,Direito,13,Bacharelado Em Direito,Itacoatiara,Niteroi,RJ,,S,2025-10
ALU_b9245b18e1,Inteligência Artificial,2,Bac Inteligência Artificial,Flamengo,Rio De Janeiro,RJ,,S,2025-10
ALU_be7a256c8d,Ciência Da Computação,5,Bac Ciência Da Computação,Barra Da Tijuca,Rio De Janeiro,RJ,<=19,S,2025-10
ALU_c3fee0d474,Pos-Graduacao Em Comunicacao Social,5,Dout Em Comunicacao Social,Engenho Novo,Rio De Janeiro,RJ,26-30,S,2025-10
ALU_e3053a4c35,Ciência Da Computação,3,Bac Ciência Da Computação,Botafogo,Rio De Janeiro,RJ,,S,2025-10
ALU_83110cfbbf,Ciência Da Computação,11,Bac Ciência Da Computação,Barra Da Tijuca,Rio De Janeiro,RJ,,S,2025-10
ALU_b5e8202155,Engenharia,9,Bac Em Engenharia De Produção,Barra Da Tijuca,Rio Das Ostras,RJ,,S,2025-10
ALU_91bcd3e622,Psicologia,3,Bacharelado Em Psicologia,Barra Da Tijuca,Rio De Janeiro,RJ,<=19,S,2025-10
ALU_c6469d4ae5,Psicologia,4,Bacharelado Em Psicologia,Barra Da Tijuca,Rio De Janeiro,RJ,20-22,S,2025-10
ALU_d32317db3e,Design,9,Bacharelado Em Design,Barra Da Tijuca,Rio De Janeiro,RJ,,S,2025-10
ALU_8cd39f9bad,Serviço Social,5,Bac Serviço Social,Santa Cruz,Rio De Janeiro,RJ,20-22,S,2025-10
ALU_99a2bfec38,Serviço Social,5,Bac Serviço Social,Santa Cruz,Rio De Janeiro,RJ,,S,2025-10
ALU_a57c480e3c,Psicologia,14,Bacharelado Em Psicologia,Gavea,Rio De Janeiro,RJ,,S,2025-10
ALU_3fd15f0ddc,Psicologia,3,Bacharelado Em Psicologia,Olaria,Rio De Janeiro,RJ,23-25,S,2025-10
ALU_6150938b6b,Serviço Social,11,Bac Serviço Social,Largo Da Batalha,Niteroi,RJ,,N,2025-10
ALU_9d58ffcbeb,Design,11,Bacharelado Em Design,Tijuca,Rio De Janeiro,RJ,23-25,S,2025-10
ALU_ea6634ab74,Direito,7,Bacharelado Em Direito,Jardim Guanabara,Rio De Janeiro,RJ,,S,2025-10
ALU_a0d22eb4ab,Direito,7,Bacharelado Em Direito,Jardim Guanabara,Rio De Janeiro,RJ,,S,2025-10
ALU_9a2e8e2e90,Direito,12,Bacharelado Em Direito,Nova Cidade,Nilópolis,RJ,26-30,S,2025-10
ALU_04066f49e8,Engenharia,3,Bac Engenharia De Computação,Barra Da Tijuca,Rio De Janeiro,RJ,<=19,S,2025-10
ALU_7d8cbc134d,Estudos De Mídia,2,Bacharelado Estudos De Mídia,Tijuca,Rio De Janeiro,RJ,,S,2025-10
ALU_1bd8c32f7b,Engenharia,9,Bac Engenharia De Computação,Sao Conrado,Rio De Janeiro,RJ,20-22,S,2025-10
ALU_2f329cb05b,S/E - Sem Especificacao,2,,Copacabana,Rio De Janeiro,RJ,23-25,S,2025-10
ALU_d6b4cff803,S/E - Sem Especificacao,2,,,Spaichingen,RJ,,S,2025-10
ALU_b116393586,S/E - Sem Especificacao,2,,,Dudley,RJ,,S,2025-10
ALU_18257f5486,S/E - Sem Especificacao,2,,Botafogo,Rio De Janeiro,RJ,23-25,S,2025-10
ALU_9ff1c215e7,S/E - Sem Especificacao,2,,Ipanema,Rio De Janeiro,RJ,26-30,S,2025-10
ALU_75d92f42bf,S/E - Sem Especificacao,2,,Ipanema,Rio De Janeiro,RJ,30+,S,2025-10
ALU_915e040dcd,S/E - Sem Especificacao,2,,,Neydens,RJ,,S,2025-10
ALU_a122ccbd62,S/E - Sem Especificacao,2,,Ipanema,Rio De Janeiro,RJ,26-30,S,2025-10
ALU_4c59d58c29,S/E - Sem Especificacao,2,,,Madrid,RJ,,S,2025-10
ALU_81255647d1,S/E - Sem Especificacao,2,,,Boulogne Billancourt,RJ,,S,2025-10
ALU_0947ff803a,S/E - Sem Especificacao,2,,Flamengo,Rio De Janeiro,RJ,20-22,S,2025-10
ALU_63669ddc47,S/E - Sem Especificacao,2,,Copacabana,Rio De Janeiro,RJ,20-22,S,2025-10
ALU_40b256de41,S/E - Sem Especificacao,2,,,Ballito,RJ,20-22,S,2025-10
ALU_ce74b371db,S/E - Sem Especificacao,2,,,Cambrai,RJ,,S,2025-10
ALU_1fa27c0a4b,S/E - Sem Especificacao,2,,,Nyack,RJ,,S,2025-10
ALU_e726fa5502,S/E - Sem Especificacao,2,,,Geneve,RJ,,S,2025-10
ALU_df61f61df2,S/E - Sem Especificacao,2,,,Lyon,RJ,,S,2025-10
ALU_f3fbef4961,S/E - Sem Especificacao,2,,Jardim Botanico ,Rio De Janeiro,RJ,23-25,S,2025-10
ALU_f47190b048,S/E - Sem Especificacao,2,,,La Chatre,RJ,,S,2025-10
ALU_5b139f95c3,S/E - Sem Especificacao,2,,,Enschede,RJ,,S,2025-10
ALU_c6b62d3a14,S/E - Sem Especificacao,2,,,Rotterdam,RJ,,S,2025-10
ALU_050b6d7ba4,S/E - Sem Especificacao,2,,,Nantes,RJ,,S,2025-10
ALU_0e8667284e,S/E - Sem Especificacao,2,,Flamengo ,Rio,RJ,20-22,S,2025-10
ALU_b56a2cfa81,S/E - Sem Especificacao,2,,,Copenhagen,RJ,,S,2025-10
ALU_3e263103b5,S/E - Sem Especificacao,2,,,Paris,RJ,,S,2025-10
ALU_48994ed92a,S/E - Sem Especificacao,2,,,Villeurbanne,RJ,,S,2025-10
ALU_179c9fd278,S/E - Sem Especificacao,2,,Ipanema,Rio De Janeiro,RJ,20-22,S,2025-10
ALU_30b04d5dee,S/E - Sem Especificacao,2,,Copacabana ,Rio De Janeiro ,RJ,20-22,S,2025-10
ALU_835f551d9d,S/E - Sem Especificacao,2,,,Fontenay Sous Bois,RJ,,S,2025-10
ALU_37069f5311,S/E - Sem Especificacao,2,,Humaitá,Rio De Janeiro,RJ,23-25,S,2025-10
ALU_74397ad4e8,S/E - Sem Especificacao,2,,,Bellflower,RJ,,S,2025-10
ALU_f6c3b98567,S/E - Sem Especificacao,2,,,Botafogo,RJ,20-22,S,2025-10
ALU_64bb659fb9,Design,10,Bacharelado Em Design,Botafogo,Rio De Janeiro,RJ,30+,S,2025-10
ALU_f924448b0d,S/E - Sem Especificacao,2,,,Espoo,RJ,,S,2025-10
ALU_21d642e3bd,Direito,6,Bacharelado Em Direito,Pita,Sao Goncalo,RJ,20-22,S,2025-10
ALU_2465879b2b,Estudos De Mídia,3,Bacharelado Estudos De Mídia,Tijuca,Rio De Janeiro,RJ,20-22,S,2025-10
ALU_e18c3f8f70,S/E - Sem Especificacao,2,,Ipanema,Rio De Janeiro ,RJ,<=19,S,2025-10
ALU_3e36790b84,S/E - Sem Especificacao,2,,,Weinheim,RJ,,S,2025-10
ALU_bac8e7bdea,S/E - Sem Especificacao,2,,,Valdisotto,RJ,,S,2025-10
ALU_97a67e5fe7,S/E - Sem Especificacao,2,,Leblon,Rio De Janeiro,RJ,20-22,S,2025-10
ALU_1425725986,Ciências Econômicas,9,Bac Em Ciências Econômicas,Leblon,Rio De Janeiro,RJ,20-22,S,2025-10
ALU_fcb37ebe49,S/E - Sem Especificacao,2,,,Dresden,RJ,,S,2025-10
ALU_b8d2fba782,Jornalismo,3,Bacharelado Em Jornalismo,Freguesia,Rio De Janeiro,RJ,,S,2025-10
ALU_90b682463a,Engenharia,9,Bac Engenharia De Computação,Gavea,Rio De Janeiro,RJ,23-25,S,2025-10
ALU_e63c9c8a21,Ciências Econômicas,3,Bac Em Ciências Econômicas,Copacabana,Rio De Janeiro,RJ,,S,2025-10
ALU_0970d81326,Estudos De Mídia,3,Bacharelado Estudos De Mídia,Flamengo,Rio De Janeiro,RJ,<=19,S,2025-10
ALU_a99405cac2,Ciências Econômicas,3,Bac Em Ciências Econômicas,Copacabana,Rio De Janeiro,RJ,,S,2025-10
ALU_b6232a8858,S/E - Sem Especificacao,2,,Ipanema,Rio De Janeiro,RJ,23-25,S,2025-10
ALU_0409800ac2,Psicologia,5,Bacharelado Em Psicologia,Leblon,Rio De Janeiro,RJ,20-22,S,2025-10
ALU_84b3259726,S/E - Sem Especificacao,3,,Copacabana,Rio De Janeiro,RJ,20-22,S,2025-10
ALU_360e6f4774,Design,15,Bacharelado Em Design,Itanhangá,Rio De Janeiro,RJ,26-30,S,2025-10
ALU_d954e329cb,Psicologia,6,Bacharelado Em Psicologia,Vila Isabel,Rio De Janeiro,RJ,,S,2025-10
ALU_b1b1fb2ec5,S/E - Sem Especificacao,2,,Ipanema,Rio De Janeiro,RJ,23-25,S,2025-10
ALU_c5f7a3a24e,S/E - Sem Especificacao,2,,,Groningen,RJ,,S,2025-10
ALU_36bbd70e88,Direito,2,Bacharelado Em Direito,Caravelas,Armacao Dos Buzios,RJ,,S,2025-10
ALU_dbebdef7e3,S/E - Sem Especificacao,3,,,Santiago,RJ,,S,2025-10
ALU_8eda0d88d9,S/E - Sem Especificacao,2,,Ipanema,Rio De Janeiro,RJ,20-22,S,2025-10
ALU_0ca7ce0334,Pos-Graduacao Em Matematica,5,Dout Em Ciencias - Matematica,Leblon,Rio De Janeiro,RJ,,S,2025-10
ALU_abf6deef20,Psicologia,4,Bacharelado Em Psicologia,Barra Da Tijuca,Rio De Janeiro,RJ,,S,2025-10
ALU_a0169c3192,Administração,17,Bacharelado Em Administração,Rocinha,Rio De Janeiro,RJ,,N,2025-10
ALU_19d1a13433,Engenharia,9,Bac Engenharia De Computação,Ipanema,Rio De Janeiro,RJ,,S,2025-10
ALU_8aa8b48f48,Ciência Da Computação,3,Bac Ciência Da Computação,Botafogo,Rio De Janeiro,RJ,20-22,S,2025-10
ALU_9271fbac09,Engenharia,9,Bac Em Engenharia De Produção,Urca,Rio De Janeiro,RJ,,S,2025-10
ALU_7bc68b79b1,Jornalismo,3,Bacharelado Em Jornalismo,Gavea,Rio De Janeiro,RJ,20-22,S,2025-10
ALU_86ece83950,Arquitetura E Urbanismo,11,Bac Arquitetura E Urbanismo,Jardim Botânico,Rio De Janeiro,RJ,23-25,S,2025-10
ALU_5a5da6bd7f,Engenharia,3,Bac Engenharia De Computação,Barra Da Tijuca,Rio De Janeiro,RJ,20-22,S,2025-10
ALU_2b65582271,Direito,9,Bacharelado Em Direito,Lagoa,Rio De Janeiro,RJ,23-25,S,2025-10
ALU_8337bf03c0,Serviço Social,3,Bac Serviço Social,Andarai,Rio De Janeiro,RJ,,S,2025-11
ALU_477d729666,Relacões Internacionais,5,Bac Relacões Internacionais,Copacabana,Rio De Janeiro,RJ,20-22,S,2025-11
ALU_aa251e3662,Teologia,7,Bacharelado Em Teologia,Bonsucesso,Rio De Janeiro,RJ,,S,2025-11
ALU_9df817a43c,Letras,7,"Bac Letras, Prod Textual",Freguesia,Rio De Janeiro,RJ,30+,S,2025-11
ALU_5663c71488,Pedagogia,3,Sem Especificação,Campo Grande,Rio De Janeiro,RJ,20-22,S,2025-11
ALU_567a6f4879,Matemática Aplicada E Computacional,2,Bacharelado Em Mat Apl E Comp,Rocinha,Rio De Janeiro,RJ,20-22,S,2025-11
ALU_62e3b2b81a,Ciência Da Computação,5,Bac Ciência Da Computação,Copacabana,Rio De Janeiro,RJ,20-22,S,2025-11
ALU_34a5fe60a7,Jornalismo,3,Bacharelado Em Jornalismo,Espirito Santo,Jequie,BA,20-22,S,2025-11
ALU_c83a81659e,Direito,2,Bacharelado Em Direito,Barra Da Tijuca,Rio De Janeiro,RJ,20-22,S,2025-11
ALU_31efc7d5cf,Direito,3,Bacharelado Em Direito,Saracuruna,Duque De Caxias,RJ,,S,2025-11
ALU_f2c3c2564e,Engenharia,6,Bac Em Engenharia Civil,Taquara,Rio De Janeiro,RJ,23-25,S,2025-11
ALU_0885b9d0a8,Engenharia,9,Bac Em Engenharia Civil,Barra Da Tijuca,Rio De Janeiro,RJ,23-25,S,2025-11
ALU_a3482b6f83,Ciência Da Computação,7,Bac Ciência Da Computação,Vargem Pequena,Rio De Janeiro,RJ,,S,2025-11
ALU_267dfe0218,Estudos De Mídia,7,Bacharelado Estudos De Mídia,Brasilandia,Sao Goncalo,RJ,23-25,S,2025-11
ALU_bb334e30d7,Design,7,Bacharelado Em Design,Leblon,Rio De Janeiro,RJ,<=19,S,2025-11
ALU_11af6a8425,Direito,16,Bacharelado Em Direito,Barra Da Tijuca,Rio De Janeiro,RJ,,S,2025-11
ALU_8fdb46c154,Direito,11,Bacharelado Em Direito,Lagoa,Rio De Janeiro,RJ,,S,2025-11
ALU_f4e1707c1d,História,17,Licenciatura Em História,Pedra De Guaratiba,Rio De Janeiro,RJ,30+,N,2025-11
ALU_425ba5a55b,Ciências Econômicas,6,Bac Em Ciências Econômicas,Jardim Botanico,Rio De Janeiro,RJ,,S,2025-11
ALU_9e11dcfe20,Teologia,4,Bacharelado Em Teologia,Barra Da Tijuca,Rio De Janeiro,RJ,30+,S,2025-11
ALU_846bfe26fb,Física,4,Bacharelado Em Física,Catete,Rio De Janeiro,RJ,20-22,S,2025-11
ALU_72f48aebda,S/E - Sem Especificacao,2,,,London,RJ,,S,2025-11
ALU_5ff7f2e055,Psicologia,10,Bacharelado Em Psicologia,Praca Seca,Rio De Janeiro,RJ,30+,S,2025-11
ALU_cbdf6063b6,Direito,10,Bacharelado Em Direito,Leblon,Rio De Janeiro,RJ,,S,2025-11
ALU_f728741fd5,Engenharia,9,Bac Em Engenharia Civil,Gavea,Rio De Janeiro,RJ,,S,2025-11
ALU_9c5d6033d8,Jornalismo,13,Bacharelado Em Jornalismo,Barra Da Tijuca,Rio De Janeiro,RJ,,S,2025-11
ALU_e0e831ea4c,Ciência Da Computação,6,Bac Ciência Da Computação,Inhauma,Rio De Janeiro,RJ,,S,2025-11
ALU_df696bd4f3,Direito,3,Bacharelado Em Direito,Botafogo,Rio De Janeiro,RJ,<=19,S,2025-11
ALU_9a0d84afb2,Jornalismo,3,Bacharelado Em Jornalismo,Cachambi,Rio De Janeiro,RJ,,S,2025-11
ALU_b2e78092dc,Ciência Da Computação,2,Bac Ciência Da Computação,Rocinha,Rio De Janeiro,RJ,20-22,S,2025-11
ALU_3de4bd3809,Direito,7,Bacharelado Em Direito,Freguesia,Rio De Janeiro,RJ,30+,S,2025-11
ALU_7b624c87a1,Estudos De Mídia,6,Bacharelado Estudos De Mídia,Padre Miguel,Rio De Janeiro,RJ,,S,2025-11
ALU_3b8385cf94,Engenharia,5,Bac Em Engenharia De Produção,Copacabana,Rio De Janeiro,RJ,20-22,S,2025-11
ALU_3c3b84ada2,Psicologia,10,Bacharelado Em Psicologia,Meier,Rio De Janeiro,RJ,,S,2025-11
ALU_e09c02680b,Ciências Econômicas,6,Bac Em Ciências Econômicas,Praia De Itaparica,Vila Velha,ES,,S,2025-11
ALU_17686644bb,Engenharia,14,Bac Em Engenharia De Produção,Badu,Niteroi,RJ,,S,2025-11
ALU_74acc62dc9,Direito,6,Bacharelado Em Direito,Rio Comprido,Rio De Janeiro,RJ,,S,2025-11
ALU_bd73ad7e60,S/E - Sem Especificacao,2,,Flamengo,Rio De Janeiro,RJ,23-25,S,2025-11
ALU_afaf06cc34,Ciências Biológicas,5,Bac Em Ciências Biológicas,Barra Da Tijuca,Rio De Janeiro,RJ,,S,2025-11
ALU_514d8b3ebd,Arquitetura E Urbanismo,3,Bac Arquitetura E Urbanismo,Recreio Dos Bandeirantes,Rio De Janeiro,RJ,,S,2025-12
ALU_f15846e041,Direito,2,Bacharelado Em Direito,Itanhangá,Rio De Janeiro,RJ,20-22,S,2025-12
ALU_f5272f55f2,Letras,2,"Bac Letras, Prod Textual",Taquara,Rio De Janeiro,RJ,20-22,S,2025-12
ALU_c5fa421a31,"Pos-Grad Liter,Cult E Contemporaneidade",3,Mestrado Em Letras,Laranjeiras,Rio De Janeiro,RJ,30+,S,2025-12
ALU_64032f889b,Psicologia,4,Bacharelado Em Psicologia,Leblon,Rio De Janeiro,RJ,20-22,S,2025-12
ALU_330c47faed,Jornalismo,5,Bacharelado Em Jornalismo,Pitangueiras I Governador,Rio De Janeiro,RJ,,S,2025-12
ALU_c72834201a,S/E - Sem Especificacao,2,,Copacabana,Rio De Janeiro,RJ,23-25,S,2025-12
ALU_bf7493948d,Psicologia,9,Bacharelado Em Psicologia,Tijuca,Rio De Janeiro,RJ,<=19,S,2025-12
ALU_6e1a9f8f3d,Design,19,Bacharelado Em Design,Gavea,Rio De Janeiro,RJ,,S,2025-12
ALU_b532af3279,Direito,7,Bacharelado Em Direito,Copacabana,Rio De Janeiro,RJ,,S,2025-12
ALU_7b70d82000,Direito,6,Bacharelado Em Direito,Ipanema,Rio De Janeiro,RJ,20-22,S,2025-12
ALU_ee6c221eb4,Direito,9,Bacharelado Em Direito,Botafogo,Rio De Janeiro,RJ,,S,2025-12
ALU_dfea1152df,Direito,4,Bacharelado Em Direito,Laranjeiras,Rio De Janeiro,RJ,<=19,S,2025-12
ALU_ca53c9b849,Design,9,Bacharelado Em Design,Jacarepagua,Rio De Janeiro,RJ,<=19,S,2025-12
ALU_7b929b1341,Artes Cênicas,7,Bac Art Cênicas,Botafogo,Rio De Janeiro,RJ,30+,S,2025-12
ALU_5b61dee1ea,Jornalismo,5,Bacharelado Em Jornalismo,Maceio,Niteroi,RJ,,S,2025-12
ALU_1d56a06ba9,Jornalismo,9,Bacharelado Em Jornalismo,Tijuca,Rio De Janeiro,RJ,,S,2025-12
ALU_011ee014fd,Direito,2,Bacharelado Em Direito,Green Valley,Rio Bonito,RJ,,S,2025-12
ALU_c01d8f1a7d,Engenharia,7,Bac Em Engenharia De Produção,Barra Da Tijuca,Rio De Janeiro,RJ,20-22,S,2025-12
ALU_f1cad266e5,Engenharia,11,Bac Em Engenharia De Produção,Barra Da Tijuca,Rio De Janeiro,RJ,23-25,S,2025-12
ALU_30a1e3c98c,Engenharia,6,Bac Em Engenharia Civil,Ipanema,Rio De Janeiro,RJ,23-25,S,2025-12
ALU_cb6a5ce030,Jornalismo,2,Bacharelado Em Jornalismo,Rocinha,Rio De Janeiro,RJ,20-22,S,2025-12
ALU_7aa7c72990,Ciências Biológicas,1,Bac Em Ciências Biológicas,Jardim Botânico,Rio De Janeiro,RJ,20-22,S,2025-12
ALU_54bb17e875,Engenharia,1,Bac Engenharia De Computação,Alcântara,São Gonçalo,RJ,,S,2025-12
ALU_37a910d12a,Design,1,Bacharelado Em Design,Botafogo,Rio De Janeiro,RJ,20-22,S,2025-12
ALU_950402d586,Estudos De Mídia,3,Bacharelado Estudos De Mídia,Leblon,Rio De Janeiro,RJ,<=19,S,2025-12
ALU_e16cc5dc86,Psicologia,5,Bacharelado Em Psicologia,Flamengo,Rio De Janeiro,RJ,,S,2025-12
ALU_36330bb02c,Administração,11,Bacharelado Em Administração,Recreio Dos Bandeirantes,Rio De Janeiro,RJ,,S,2025-12
ALU_6605ae05af,Design,6,Bacharelado Em Design,Jardim America,Rio De Janeiro,RJ,23-25,S,2025-12
ALU_5c394c3783,Administração,6,Bacharelado Em Administração,Anil,Rio De Janeiro,RJ,23-25,S,2025-12
ALU_8584cb0c3b,Design,3,Bacharelado Em Design,Meier,Rio De Janeiro,RJ,20-22,S,2025-12
ALU_644451e343,Psicologia,9,Bacharelado Em Psicologia,Tijuca,Rio De Janeiro,RJ,,S,2025-12
ALU_5faf56638d,Ciência Da Computação,1,Bac Ciência Da Computação,Todos Os Santos,Rio De Janeiro,RJ,,S,2025-12
ALU_cdfb45ef49,Direito,2,Bacharelado Em Direito,Pedra De Guaratiba,Rio De Janeiro,RJ,,S,2025-12
ALU_a370a7cf16,Estudos De Mídia,7,Bacharelado Estudos De Mídia,Ipanema,Rio De Janeiro,RJ,20-22,S,2025-12
ALU_02e165f380,Direito,5,Bacharelado Em Direito,Centro,Nova Friburgo,RJ,,S,2025-12
ALU_a7af5fefd2,Psicologia,3,Bacharelado Em Psicologia,Jardim Botanico,Rio De Janeiro,RJ,,S,2025-12
ALU_87871d0173,Ciência Da Computação,7,Bac Ciência Da Computação,Barra Da Tijuca,Rio De Janeiro,RJ,,S,2025-12
ALU_36a1f2e53f,Design,3,Bacharelado Em Design,Flamengo,Rio De Janeiro,RJ,20-22,S,2025-12
ALU_a021b3ee8a,Direito,3,Bacharelado Em Direito,Lagoa,Rio De Janeiro,RJ,20-22,S,2025-12
ALU_4ef798be57,Neurociências,9,Bacharelado Em Neurociências,Lagoa,Rio De Janeiro,RJ,,S,2025-12
ALU_c4a81d2572,Estudos De Mídia,9,Bacharelado Estudos De Mídia,Lagoa,Rio De Janeiro,RJ,,S,2025-12
ALU_5ced327d7a,Física,12,Bacharelado Em Física,Leblon,Rio De Janeiro,RJ,23-25,N,2025-12
ALU_5e3ba3afc5,Psicologia,5,Bacharelado Em Psicologia,Cosme Velho,Rio De Janeiro,RJ,,S,2025-12
ALU_57d47131aa,Engenharia,17,Bac Em Engenharia Elétrica,Copacabana,Rio De Janeiro,RJ,,S,2025-12
ALU_3b82adbdfc,Engenharia,9,Bac Em Engenharia De Produção,Sao Conrado,Rio De Janeiro,RJ,,S,2025-12
ALU_6f879d9d8c,Pos-Graduacao Em Administracao,3,Mest Em Adm De Empresas,Itanhanga,Rio De Janeiro,RJ,23-25,S,2025-12
ALU_78f0b03162,Estudos De Mídia,13,Bacharelado Estudos De Mídia,Jardim Guanabara,Rio De Janeiro,RJ,,N,2025-12
ALU_06bc490bf1,Arquitetura E Urbanismo,2,Bac Arquitetura E Urbanismo,Rocinha,Rio De Janeiro,RJ,20-22,S,2025-12
ALU_9f9da6bf09,Jornalismo,3,Bacharelado Em Jornalismo,Andarai,Rio De Janeiro,RJ,20-22,S,2025-12
ALU_26ffaa7188,Administração,3,Bacharelado Em Administração,Leblon,Rio De Janeiro,RJ,,S,2025-12
ALU_9f7e7fa497,Design,5,Bacharelado Em Design,Recreio Dos Bandeirantes,Rio De Janeiro,RJ,20-22,S,2025-12
ALU_373728ff61,Arquitetura E Urbanismo,2,Bac Arquitetura E Urbanismo,Itanhanga,Rio De Janeiro,RJ,<=19,S,2025-12
ALU_2317550c1f,Psicologia,2,Bacharelado Em Psicologia,Gavea,Rio De Janeiro,RJ,30+,S,2026-01
ALU_029da6ca5c,Engenharia,5,Bac Em Engenharia De Produção,Barra Da Tijuca,Rio De Janeiro,RJ,23-25,S,2026-01
ALU_9b4a8f05cb,Administração,1,Bacharelado Em Administração,Leblon,Rio De Janeiro,RJ,20-22,S,2026-01
ALU_c2689492d5,Engenharia,3,Bac Em Engenharia De Produção,Leblon,Rio De Janeiro,RJ,<=19,S,2026-01
ALU_8c6c342c9b,Engenharia,1,Bac Em Engenharia Química,Botafogo,Rio De Janeiro,RJ,26-30,S,2026-01
ALU_df9f0d9149,Direito,7,Bacharelado Em Direito,Barra Da Tijuca,Rio De Janeiro,RJ,,S,2026-01
ALU_5e85e98f36,Direito,2,Bacharelado Em Direito,Leblon,Rio De Janeiro,RJ,,S,2026-01
ALU_8bc6b912b2,Direito,15,Bacharelado Em Direito,Vidigal,Rio De Janeiro,RJ,,S,2026-01
ALU_d705369ad5,Engenharia,15,Bac Em Engenharia Mecânica,Barra Da Tijuca,Rio De Janeiro,RJ,26-30,S,2026-01
ALU_fb53045031,Ciências Sociais,18,Licenciatura Ciências Sociais,Freguesia Jpa,Rio De Janeiro,RJ,26-30,S,2026-01
ALU_6025a39d76,Engenharia,7,Bac Em Engenharia De Produção,Barra Da Tijuca,Rio De Janeiro,RJ,20-22,N,2026-01
ALU_35b081efc3,Direito,5,Bacharelado Em Direito,Botafogo,Rio De Janeiro,RJ,,S,2026-01
ALU_48a1284ade,Estudos De Mídia,3,Bacharelado Estudos De Mídia,Parada De Lucas,Rio De Janeiro,RJ,20-22,S,2026-01
ALU_4624e15fa0,Engenharia,11,Bac Em Engenharia De Produção,Laranjeiras,Rio De Janeiro,RJ,,N,2026-01
ALU_930b82df8b,Estudos De Mídia,5,Bacharelado Estudos De Mídia,Leme,Rio De Janeiro,RJ,20-22,S,2026-01
ALU_18df303198,Serviço Social,7,Bac Serviço Social,Tijuca,Rio De Janeiro,RJ,30+,S,2026-01
ALU_dea1df5fe0,Ciências Biológicas,7,Bac Em Ciências Biológicas,Parada Ideal,Guapimirim,RJ,20-22,S,2026-01
ALU_a43e8a815b,Engenharia,1,Bac Em Engenharia Mecânica,Barra Da Tijuca,Rio De Janeiro,RJ,20-22,S,2026-01
ALU_e6ca11bccb,Design,8,Bacharelado Em Design,Lagoa,Rio De Janeiro,RJ,26-30,S,2026-01
ALU_7e5b121124,Arquitetura E Urbanismo,5,Bac Arquitetura E Urbanismo,Rocinha,Rio De Janeiro,RJ,20-22,S,2026-01
ALU_4aeab2b0db,Direito,5,Bacharelado Em Direito,Laranjeiras,Rio De Janeiro,RJ,20-22,S,2026-01
ALU_ff5c7d6022,Psicologia,3,Bacharelado Em Psicologia,Gavea,Rio De Janeiro,RJ,,S,2026-01
ALU_0852f36884,Engenharia,5,Bac Em Engenharia Civil,Itanhanga,Rio De Janeiro,RJ,20-22,S,2026-01
ALU_86801f3551,Psicologia,9,Bacharelado Em Psicologia,Bangu,Rio De Janeiro,RJ,23-25,S,2026-01
ALU_8348cce7b6,Ciência Da Computação,7,Bac Ciência Da Computação,Barra Da Tijuca,Rio De Janeiro,RJ,20-22,S,2026-01
ALU_201e46a22a,Design,5,Bacharelado Em Design,Tijuca,Rio De Janeiro,RJ,,S,2026-01
ALU_5b2d9fd3f6,S/E - Sem Especificacao,1,,Ilha Do Governador,Rio De Janeiro,RJ,20-22,N,2026-01
ALU_e9171361ca,Estudos De Mídia,8,Bacharelado Estudos De Mídia,Tijuca,Rio De Janeiro,RJ,,S,2026-01
ALU_4afc9f4157,Engenharia,7,Bac Em Engenharia De Produção,Gávea,Rio De Janeiro,RJ,20-22,S,2026-01
ALU_e90c6c501f,Administração,13,Bacharelado Em Administração,Itanhanga,Rio De Janeiro,RJ,,N,2026-01
ALU_3e2d2f5347,Direito,2,Bacharelado Em Direito,Guaratiba,Rio De Janeiro,RJ,26-30,S,2026-01
ALU_e454195f94,Ciências Econômicas,7,Bac Em Ciências Econômicas,Ipanema,Rio De Janeiro,RJ,,S,2026-01
ALU_6068d0929f,Engenharia,9,Bac Em Engenharia Civil,Leblon,Rio De Janeiro,RJ,,S,2026-01
ALU_3eab57da38,Engenharia,7,Bac Em Engenharia Mecânica,Caju,Rio De Janeiro,RJ,23-25,S,2026-01
ALU_bf78c698ea,Ciência Da Computação,6,Bac Ciência Da Computação,Curicica,Rio De Janeiro,RJ,20-22,S,2026-01
ALU_8d5e6a99f9,Design,2,Bacharelado Em Design,Anil,Rio De Janeiro,RJ,20-22,S,2026-01
ALU_bdeb2d1eae,Geografia,1,Licenciatura Em Geografia,Pechincha,Rio De Janeiro,RJ,,S,2026-01
ALU_b56df13ff3,Engenharia,27,Bac Eng Mat Nano,Vila Valqueire,Rio De Janeiro,RJ,30+,N,2026-01
ALU_6d72a71209,Ciência Da Computação,7,Bac Ciência Da Computação,Leblon,Rio De Janeiro,RJ,20-22,S,2026-01
ALU_ea3f489afb,Estudos De Mídia,11,Bacharelado Estudos De Mídia,Copacabana,Rio De Janeiro,RJ,23-25,S,2026-01
ALU_384cef4117,Design,9,Bacharelado Em Design,Tijuca,Rio De Janeiro,RJ,23-25,S,2026-01
ALU_fb9d688e08,Psicologia,5,Bacharelado Em Psicologia,Catumbi,Rio De Janeiro,RJ,23-25,S,2026-01
ALU_2fa1c5fb56,Ciências Econômicas,9,Bac Em Ciências Econômicas,Iraja,Rio De Janeiro,RJ,30+,S,2026-01
ALU_70698f94c8,Engenharia,11,Bac Em Engenharia De Produção,Flamengo,Rio De Janeiro,RJ,,N,2026-01
ALU_22e0a80ef4,Ciência Da Computação,9,Bac Ciência Da Computação,Ipanema,Rio De Janeiro,RJ,23-25,S,2026-01
ALU_2404f2f094,Pos-Graduacao Em Informatica,2,Mestrado Em Informatica,Ipanema,Rio De Janeiro,RJ,26-30,S,2026-01
ALU_063240cb92,Estudos De Mídia,9,Bacharelado Estudos De Mídia,Centro,Nova Iguacu,RJ,,S,2026-01
ALU_4eb330cfdf,Arquitetura E Urbanismo,7,Bac Arquitetura E Urbanismo,Barra Da Tijuca,Rio De Janeiro,RJ,,S,2026-01
ALU_fd6fc6c7eb,Psicologia,7,Bacharelado Em Psicologia,Barra Da Tijuca,Rio De Janeiro,RJ,23-25,S,2026-01
ALU_8c9ce99617,Neurociências,1,Bacharelado Em Neurociências,Leblon,Rio De Janeiro,RJ,26-30,S,2026-01
ALU_1fccde137f,Arquitetura E Urbanismo,7,Bac Arquitetura E Urbanismo,Sulacap,Rio De Janeiro,RJ,20-22,S,2026-01
ALU_d07bbae531,Pedagogia,7,Sem Especificação,Centro,Sao Joao De Meriti,RJ,30+,S,2026-01
ALU_98bca5de5a,Direito,4,Bacharelado Em Direito,Botafogo,Rio De Janeiro,RJ,23-25,S,2026-01
ALU_54ac4c4828,Psicologia,2,Bacharelado Em Psicologia,Sao Conrado,Rio De Janeiro,RJ,,S,2026-01
ALU_8fc723b662,Estudos De Mídia,7,Bacharelado Estudos De Mídia,Icarai,Niteroi,RJ,,N,2026-01
ALU_9efcb8b35a,S/E - Sem Especificacao,1,,,Abbeville,RJ,,S,2026-01
ALU_61aa02aa6f,Engenharia,9,Bac Em Engenharia De Produção,Ipanema,Rio De Janeiro,RJ,,S,2026-01
ALU_3ccd86781d,Administração,7,Bacharelado Em Administração,Ipanema,Rio De Janeiro,RJ,,S,2026-01
ALU_fde54e4376,Psicologia,1,Bacharelado Em Psicologia,Jacarepaguá,Rio De Janeiro,RJ,20-22,S,2026-01
ALU_830fdb4fb4,Psicologia,5,Bacharelado Em Psicologia,Rocinha,Rio De Janeiro,RJ,23-25,S,2026-01
ALU_40fd9f40a4,Pedagogia,3,Sem Especificação,Anil,Rio De Janeiro,RJ,20-22,S,2026-01
ALU_1e499fbef4,Ciências Econômicas,1,Bac Em Ciências Econômicas,Leblon,Rio De Janeiro,RJ,,S,2026-01
ALU_e74e986bcb,Psicologia,5,Bacharelado Em Psicologia,Barra Da Tijuca,Rio De Janeiro,RJ,,S,2026-01
ALU_50ea18a263,Ciências Econômicas,7,Bac Em Ciências Econômicas,Gavea,Rio De Janeiro,RJ,,S,2026-01
ALU_2ccaa6cffa,Engenharia,2,Bac Eng Controle E Automação,Barra Da Tijuca,Rio De Janeiro,RJ,20-22,S,2026-01
ALU_e66a775f94,Engenharia,5,Bac Em Engenharia Mecânica,Gavea,Rio De Janeiro,RJ,,S,2026-01
ALU_8f930a992b,Engenharia,3,Bac Em Engenharia De Produção,Barra Da Tijuca,Rio De Janeiro,RJ,,S,2026-01
ALU_299f6f8a2d,Psicologia,4,Bacharelado Em Psicologia,Flamengo,Rio De Janeiro,RJ,20-22,S,2026-01
ALU_f834c86f62,Ciências Sociais,3,Licenciatura Ciências Sociais,Rocinha,Rio De Janeiro,RJ,20-22,S,2026-01
ALU_e72bdb8632,Direito,3,Bacharelado Em Direito,Laranjeiras,Rio De Janeiro,RJ,20-22,S,2026-01
ALU_f25119cfaa,Ciência Da Computação,13,Bac Ciência Da Computação,Icarai,Niteroi,RJ,,S,2026-01
ALU_579487b39a,Administração,10,Bacharelado Em Administração,Barra Da Tijuca,Rio De Janeiro,RJ,,S,2026-01
ALU_a55bbec01e,Ciências Econômicas,7,Bac Em Ciências Econômicas,Gavea,Rio De Janeiro,RJ,20-22,S,2026-01
ALU_9883c2d718,Design,2,Bacharelado Em Design,Gavea  Parque Da Cidade,Rio De Janeiro,RJ,20-22,S,2026-01
ALU_05842dbaed,Arquitetura E Urbanismo,12,Bac Arquitetura E Urbanismo,Rocinha,Rio De Janeiro,RJ,30+,S,2026-01
ALU_c66a7625a1,Pos-Graduacao Em Teologia,5,Mestrado Em Teologia,Centro,Queimados,RJ,30+,S,2026-01
ALU_55b13d19e3,Ciências Econômicas,3,Bac Em Ciências Econômicas,Jardim Botanico,Rio De Janeiro,RJ,20-22,S,2026-01
ALU_54f67b4db8,Direito,9,Bacharelado Em Direito,Flamengo,Rio De Janeiro,RJ,23-25,S,2026-01
ALU_74b2a2ce69,Relacões Internacionais,11,Bac Relacões Internacionais,Serra Grande Itaipu,Niteroi,RJ,,N,2026-01
ALU_99d36c52cb,Administração,7,Bacharelado Em Administração,Botafogo,Rio De Janeiro,RJ,20-22,S,2026-01
ALU_d39d1f3f4a,Direito,2,Bacharelado Em Direito,Rocinha,Rio De Janeiro,RJ,20-22,S,2026-01
ALU_b2096d35e8,Relacões Internacionais,6,Bac Relacões Internacionais,Vicente De Carvalho,Rio De Janeiro,RJ,23-25,S,2026-01
ALU_380875d9b2,Direito,2,Bacharelado Em Direito,Ponte Alta,Aparecida,SP,,S,2026-01
ALU_4d02835d1a,Ciências Econômicas,3,Bac Em Ciências Econômicas,Vila Da Penha,Rio De Janeiro,RJ,20-22,S,2026-02
ALU_2d04f89141,Administração,4,Bacharelado Em Administração,Tijuca,Rio De Janeiro,RJ,20-22,S,2026-02
ALU_975d8f0c25,Ciência Da Computação,7,Bac Ciência Da Computação,Barra Da Tijuca,Rio De Janeiro,RJ,,S,2026-02
ALU_902493e641,Ciência Da Computação,1,Bac Ciência Da Computação,Encantado,Rio De Janeiro,RJ,30+,S,2026-02
ALU_d774e1e1d1,Arquitetura E Urbanismo,5,Bac Arquitetura E Urbanismo,Ipanema,Rio De Janeiro,RJ,20-22,S,2026-02
ALU_c198f43d81,Design,9,Bacharelado Em Design,Lagoa,Rio De Janeiro,RJ,23-25,S,2026-02
ALU_0f934a3fdc,Administração,9,Bacharelado Em Administração,Botafogo,Rio De Janeiro,RJ,,S,2026-02
ALU_06fecd01c6,Direito,3,Bacharelado Em Direito,Botafogo,Rio De Janeiro,RJ,20-22,S,2026-02
ALU_63b49361b7,Estudos De Mídia,2,Bacharelado Estudos De Mídia,Braunes,Nova Friburgo,RJ,<=19,S,2026-02
ALU_ea14080b9e,Ciências Econômicas,13,Bac Em Ciências Econômicas,Barra Da Tijuca,Rio De Janeiro,RJ,,S,2026-02
ALU_2a63c79020,História,11,Licenciatura Em História,Vila Valqueire,Rio De Janeiro,RJ,,S,2026-02
ALU_f439f4c2fc,Ciências Econômicas,5,Bac Em Ciências Econômicas,Sao Conrado,Rio De Janeiro,RJ,20-22,S,2026-02
ALU_d588207482,Teologia,3,Bacharelado Em Teologia,Rio Comprido,Rio De Janeiro,RJ,,S,2026-02
ALU_8eb928b20b,Jornalismo,1,Bacharelado Em Jornalismo,Laranjeiras,Rio De Janeiro,RJ,,S,2026-02
ALU_5f389b217f,Direito,4,Bacharelado Em Direito,Leblon,Rio De Janeiro,RJ,20-22,S,2026-02
ALU_6db8be07bf,Neurociências,11,Bacharelado Em Neurociências,Jardim Guanabara,Rio De Janeiro,RJ,26-30,S,2026-02
ALU_46fe3b3a42,Psicologia,3,Bacharelado Em Psicologia,Icarai,Niteroi,RJ,,S,2026-02
ALU_62dc1f5d2e,Serviço Social,9,Bac Serviço Social,Vargem Grande,Rio De Janeiro,RJ,,S,2026-02
ALU_575a1c1860,Estudos De Mídia,11,Bacharelado Estudos De Mídia,Recreio Dos Bandeirantes,Rio De Janeiro,RJ,,S,2026-02
ALU_a406489624,Arquitetura E Urbanismo,6,Bac Arquitetura E Urbanismo,Ipanema,Rio De Janeiro,RJ,20-22,S,2026-02
ALU_288f08d273,Direito,6,Bacharelado Em Direito,Jardim Oceanico,Rio De Janeiro,RJ,20-22,S,2026-02
ALU_c000c0dc2e,Relacões Internacionais,1,Bac Relacões Internacionais,Gonzaga,Santos,SP,,S,2026-02
ALU_2a4dea2bc6,Psicologia,1,Bacharelado Em Psicologia,Parque Santa Rosa,Duque De Caxias,RJ,<=19,S,2026-02
ALU_9b1a837c3f,Direito,9,Bacharelado Em Direito,Barra Da Tijuca,Rio De Janeiro,RJ,23-25,S,2026-02
ALU_a997963b27,Psicologia,1,Bacharelado Em Psicologia,Copacabana,Rio De Janeiro,RJ,30+,S,2026-02
ALU_c393e2b6ed,Psicologia,1,Bacharelado Em Psicologia,Engenho Novo,Rio De Janeiro,RJ,20-22,S,2026-02
ALU_d0c021676a,Design,2,Bacharelado Em Design,Irajá,Rio De Janeiro,RJ,20-22,S,2026-02
ALU_dd3ec52469,Design,15,Bacharelado Em Design,Freguesia   Jacarepagua,Rio De Janeiro,RJ,26-30,S,2026-02
ALU_dc3ab1d95d,Psicologia,5,Bacharelado Em Psicologia,Recreio Dos Bandeirantes,Rio De Janeiro,RJ,20-22,S,2026-02
ALU_0ca094d85d,Ciências Econômicas,5,Bac Em Ciências Econômicas,Copacabana,Rio De Janeiro,RJ,30+,S,2026-02
ALU_ad2cba3a44,Engenharia,11,Bac Em Engenharia De Produção,Botafogo,Rio De Janeiro,RJ,23-25,S,2026-02
ALU_15328ba0c8,Design,3,Bacharelado Em Design,Jardim Guanabara,Rio De Janeiro,RJ,<=19,S,2026-02
ALU_9405f6e335,Engenharia,11,Bac Em Engenharia Química,Recreio Dos Bandeirantes,Rio De Janeiro,RJ,23-25,S,2026-02
ALU_93327f6674,S/E - Sem Especificacao,1,,,Braunschweig,RJ,,S,2026-02
ALU_0b5229c8ce,Ciência Da Computação,8,Bac Ciência Da Computação,Tijuca,Rio De Janeiro,RJ,23-25,N,2026-02
ALU_172631f14f,Jornalismo,2,Bacharelado Em Jornalismo,Rocinha,Rio De Janeiro,RJ,<=19,S,2026-02
ALU_94d7e6027f,Engenharia,8,Bac Engenharia De Computação,Piedade,Rio De Janeiro,RJ,,N,2026-02
ALU_98ae0da75b,Artes Cênicas,9,Bac Art Cênicas,Vidigal,Rio De Janeiro,RJ,20-22,S,2026-02
ALU_a20b9832dd,Engenharia,7,Bac Engenharia De Computação,Icarai,Niteroi,RJ,,S,2026-02
ALU_b820c0b0b7,Estudos De Mídia,10,Bacharelado Estudos De Mídia,Barra,Rio De Janeiro,RJ,,S,2026-02
ALU_9e70f21fa7,Pos-Graduacao Em Matematica,1,Mestrado Em Matematica,Gavea,Rio De Janeiro,RJ,20-22,S,2026-02
ALU_9e0865ab8c,Relacões Internacionais,6,Bac Relacões Internacionais,Lagoa,Rio De Janeiro,RJ,,S,2026-02
ALU_0abe61cf84,Administração,5,Bacharelado Em Administração,Tijuca,Rio De Janeiro,RJ,20-22,S,2026-02
ALU_1f6b333c59,Psicologia,11,Bacharelado Em Psicologia,Leblon,Rio De Janeiro,RJ,23-25,S,2026-02
ALU_a4dc9d2b91,Design,9,Bacharelado Em Design,Lagoa,Rio De Janeiro,RJ,20-22,S,2026-02
ALU_ebba6573f7,Psicologia,6,Bacharelado Em Psicologia,Guaratiba,Rio De Janeiro,RJ,,S,2026-02
ALU_0af6c93a1c,Direito,1,Bacharelado Em Direito,Humaitá,Rio De Janeiro,RJ,<=19,S,2026-02
ALU_b9dc926c0a,Direito,12,Bacharelado Em Direito,Estacio,Rio De Janeiro,RJ,,S,2026-02
ALU_558cea1ef1,Administração,1,Bacharelado Em Administração,Barra Da Tijuca,Rio De Janeiro,RJ,,S,2026-02
ALU_c6a54dc013,Design,6,Bacharelado Em Design,Copacabana,Rio De Janeiro,RJ,20-22,S,2026-02
ALU_6adab22bef,Design,9,Bacharelado Em Design,Rocha Miranda,Rio De Janeiro,RJ,,S,2026-02
ALU_cc4c157abc,Direito,2,Bacharelado Em Direito,Vila Norma,Sao Joao De Meriti,RJ,20-22,S,2026-02
ALU_b5467bfe4d,Design,7,Bacharelado Em Design,Lagoa,Rio De Janeiro,RJ,20-22,S,2026-02
ALU_8326469548,Direito,11,Bacharelado Em Direito,Barra Da Tijuca,Rio De Janeiro,RJ,23-25,S,2026-02
ALU_0ed2825359,Engenharia,1,Bac Engenharia De Computação,São Roque,Queimados,RJ,20-22,S,2026-02
ALU_fd7601b684,Engenharia,17,Bac Em Engenharia Química,Rocinha,Rio De Janeiro,RJ,26-30,S,2026-02
ALU_4b5ee6274b,Inteligência Artificial,1,Bac Inteligência Artificial,Rocinha,Rio De Janeiro,RJ,20-22,S,2026-02
ALU_36358e499b,Jornalismo,3,Bacharelado Em Jornalismo,Vargem Pequena,Rio De Janeiro,RJ,20-22,S,2026-02
ALU_27fe4c5720,Direito,13,Bacharelado Em Direito,Jardim Botanico,Rio De Janeiro,RJ,23-25,S,2026-02
ALU_dac64f65cb,Relacões Internacionais,3,Bac Relacões Internacionais,Maracana,Rio De Janeiro,RJ,<=19,S,2026-02
ALU_a49bf19f8d,S/E - Sem Especificacao,2,,Copacabana,Rio De Janeiro,RJ,20-22,S,2026-02
ALU_dd8cb15807,Direito,5,Bacharelado Em Direito,Vigario Geral,Rio De Janeiro,RJ,23-25,S,2026-02
ALU_a3f3a2988d,Estudos De Mídia,5,Bacharelado Estudos De Mídia,Barra Da Tijuca,Rio De Janeiro,RJ,,S,2026-02
ALU_f7b981931f,Psicologia,7,Bacharelado Em Psicologia,Leblon,Rio De Janeiro,RJ,30+,S,2026-02
ALU_5f2b669d36,Pos-Graduacao Relacoes Internacionais,1,Mestrado Relacoes Internac,Centro,Niteroi,RJ,,S,2026-02
ALU_39c840a12f,Direito,11,Bacharelado Em Direito,Barra Da Tijuca,Rio De Janeiro,RJ,,S,2026-02
ALU_d8150e235f,Relacões Internacionais,6,Bac Relacões Internacionais,Jardim Botânico,Rio De Janeiro,RJ,20-22,S,2026-02
ALU_20530589e8,Design,6,Bacharelado Em Design,Centro,Nilopolis,RJ,,S,2026-02
ALU_8abda1bfbf,Estudos De Mídia,3,Bacharelado Estudos De Mídia,Pavuna,Rio De Janeiro,RJ,20-22,S,2026-02
ALU_5c673cb674,Direito,3,Bacharelado Em Direito,Realengo,Rio De Janeiro,RJ,20-22,S,2026-02
ALU_0f12c8984d,Ciências Econômicas,5,Bac Em Ciências Econômicas,Botafogo,Rio De Janeiro,RJ,20-22,S,2026-02
ALU_10fb023489,Ciências Econômicas,5,Bac Em Ciências Econômicas,Copacabana,Rio De Janeiro,RJ,,S,2026-02
ALU_a18b0dbc6e,Administração,4,Bacharelado Em Administração,Barra Da Tijuca,Rio De Janeiro,RJ,,S,2026-02
ALU_119460611d,Engenharia,9,Bac Engenharia De Computação,Barra Da Tijuca,Rio De Janeiro,RJ,,S,2026-02
ALU_026ccc2f8b,Engenharia,1,Bac Em Engenharia De Produção,Barra Da Tijuca,Rio De Janeiro,RJ,,S,2026-02
ALU_15bc4be258,Direito,5,Bacharelado Em Direito,Jacarepagua,Rio De Janeiro,RJ,,S,2026-02
ALU_13d9be6bff,Ciências Econômicas,5,Bac Em Ciências Econômicas,Humaita,Rio De Janeiro,RJ,20-22,S,2026-02
ALU_29008bd2c3,Direito,1,Bacharelado Em Direito,Catumbi,Rio De Janeiro,RJ,<=19,S,2026-03
ALU_9a880d0ab1,Estudos De Mídia,1,Bacharelado Estudos De Mídia,Ipanema,Rio De Janeiro,RJ,,S,2026-03
ALU_96a6193e34,Relacões Internacionais,1,Bac Relacões Internacionais,Barra Da Tijuca,Rio De Janeiro,RJ,<=19,S,2026-03
ALU_1b7707658d,Ciências Econômicas,5,Bac Em Ciências Econômicas,Humaitá,Rio De Janeiro,RJ,20-22,S,2026-03
ALU_bed4ede32b,Estudos De Mídia,1,Bacharelado Estudos De Mídia,Tijuca,Rio De Janeiro,RJ,20-22,S,2026-03
ALU_95afa3f37b,Direito,12,Bacharelado Em Direito,Barra Da Tijuca,Rio De Janeiro,RJ,23-25,S,2026-03
ALU_b550220260,Psicologia,1,Bacharelado Em Psicologia,Campo Grande,Rio De Janeiro,RJ,23-25,S,2026-03
ALU_aef75751fc,Psicologia,1,Bacharelado Em Psicologia,Copacabana,Rio De Janeiro,RJ,<=19,S,2026-03
ALU_31fcf147dc,Psicologia,1,Bacharelado Em Psicologia,Barra Da Tijuca,Rio De Janeiro,RJ,,S,2026-03
ALU_c1c5b31d67,Psicologia,1,Bacharelado Em Psicologia,Barra Da Tijuca,Rio De Janeiro,RJ,<=19,S,2026-03
ALU_80eb26a3a6,Psicologia,1,Bacharelado Em Psicologia,Leblon,Rio De Janeiro,RJ,,S,2026-03
ALU_8d8feba95c,Psicologia,1,Bacharelado Em Psicologia,Flamengo,Rio De Janeiro,RJ,,S,2026-03
ALU_06e3aeab3d,Engenharia,9,Bac Em Engenharia Química,Lagoa,Rio De Janeiro,RJ,,S,2026-03
ALU_0838feda6c,Engenharia,1,Bac Engenharia De Computação,Manilha,Itaboraí,RJ,20-22,S,2026-03
ALU_1325a450eb,Direito,3,Bacharelado Em Direito,Leblon,Rio De Janeiro,RJ,20-22,S,2026-03
ALU_c193b20297,Direito,5,Bacharelado Em Direito,Lagoa,Rio De Janeiro,RJ,,S,2026-03
ALU_a338fedf48,Engenharia,1,Bac Engenharia De Computação,Vila Da Penha,Rio De Janeiro,RJ,<=19,S,2026-03
ALU_a75e0bb09a,Direito,1,Bacharelado Em Direito,Centro,Campos Dos Goytacazes,RJ,,S,2026-03
ALU_791b99f79a,Direito,3,Bacharelado Em Direito,Tijuca,Rio De Janeiro,RJ,,S,2026-03
ALU_cb951f9d40,Relacões Internacionais,1,Bac Relacões Internacionais,Botafogo,Rio De Janeiro,RJ,<=19,S,2026-03
ALU_d71dd8e28d,Ciência Da Computação,5,Bac Ciência Da Computação,Gavea,Rio De Janeiro,RJ,,S,2026-03
ALU_7ccd53477c,Ciência Da Computação,6,Bac Ciência Da Computação,Estácio,Rio De Janeiro,RJ,23-25,S,2026-03
ALU_dc1bd299be,S/E - Sem Especificacao,1,,Jardim Botânico,Rio De Janeiro,RJ,20-22,S,2026-03
ALU_54083aa56e,Psicologia,8,Bacharelado Em Psicologia,Lagoa,Rio De Janeiro,RJ,23-25,S,2026-03
ALU_866ab70a83,Farmácia,1,Bacharelado Em Farmácia,Recreio Dos Bandeirantes,Rio De Janeiro,RJ,,S,2026-03
ALU_d7525ba8c8,Ciências Econômicas,7,Bac Em Ciências Econômicas,Botafogo,Rio De Janeiro,RJ,20-22,S,2026-03
ALU_354ba9445b,Engenharia,3,Bac Engenharia De Computação,Barra Da Tijuca,Rio De Janeiro,RJ,<=19,S,2026-03
ALU_6d035fe448,Psicologia,3,Bacharelado Em Psicologia,Barra Da Tijuca,Rio De Janeiro,RJ,<=19,S,2026-03
ALU_b7653797bf,Jornalismo,1,Bacharelado Em Jornalismo,Barra Da Tijuca,Rio De Janeiro,RJ,<=19,S,2026-03
ALU_cf388a66ee,Engenharia,5,Bac Em Engenharia De Produção,Flamengo,Rio De Janeiro,RJ,20-22,S,2026-03
ALU_ebdd857a74,Engenharia,7,Bac Engenharia De Computação,Ipanema,Rio De Janeiro,RJ,20-22,S,2026-03
ALU_a3ca8cc903,Jornalismo,3,Bacharelado Em Jornalismo,Botafogo,Rio De Janeiro,RJ,<=19,S,2026-03
ALU_b5f44223f3,Ciências Econômicas,7,Bac Em Ciências Econômicas,Lagoa,Rio De Janeiro,RJ,20-22,S,2026-03
ALU_25ad53c548,Psicologia,14,Bacharelado Em Psicologia,Bangu,Rio De Janeiro,RJ,,S,2026-03
ALU_4b8749219f,Pos-Graduacao Em Engenharia Mecanica,4,Mestrado Em Eng Mecanica,Gavea,Rio De Janeiro,RJ,,S,2026-03
ALU_dd348da79e,Direito,3,Bacharelado Em Direito,Barra Da Tijuca,Rio De Janeiro,RJ,20-22,S,2026-03
ALU_7b8f61b622,Engenharia,1,Bac Em Engenharia De Produção,Botafogo,Rio De Janeiro,RJ,23-25,S,2026-03
ALU_3f35043ee2,Direito,4,Bacharelado Em Direito,Gavea,Rio De Janeiro,RJ,20-22,S,2026-03
ALU_6654e04d50,Psicologia,5,Bacharelado Em Psicologia,Laranjeiras,Rio De Janeiro,RJ,,S,2026-03
ALU_67a55074cd,S/E - Sem Especificacao,1,,Ipanema,Rio De Janeiro,RJ,20-22,S,2026-03
ALU_c43fd499a2,Direito,2,Bacharelado Em Direito,Colubande,Sao Goncalo,RJ,23-25,S,2026-03
ALU_1de26c3ee9,Ciências Econômicas,1,Bac Em Ciências Econômicas,Leblon,Rio De Janeiro,RJ,,S,2026-03
ALU_c9acedb78b,Teologia,1,Bacharelado Em Teologia,Tijuca,Rio De Janeiro,RJ,,S,2026-03
ALU_c369c328f4,Estudos De Mídia,5,Bacharelado Estudos De Mídia,Botafogo,Rio De Janeiro,RJ,20-22,S,2026-03
ALU_291fa5e453,Administração,1,Bacharelado Em Administração,Rocinha,Rio De Janeiro,RJ,20-22,S,2026-03
ALU_df08a6dd34,Psicologia,6,Bacharelado Em Psicologia,Campo Grande,Rio De Janeiro,RJ,,S,2026-03
ALU_007c0acc0e,Engenharia,11,Bac Engenharia De Computação,Copacabana,Rio De Janeiro,RJ,,S,2026-03
ALU_2e53439a2d,Estudos De Mídia,2,Bacharelado Estudos De Mídia,Barra Olimpica,Rio De Janeiro,RJ,20-22,S,2026-03
ALU_de4183f225,Ciência Da Computação,1,Bac Ciência Da Computação,Barra Da Tijuca,Rio De Janeiro,RJ,,S,2026-03
ALU_8574f5096b,Direito,3,Bacharelado Em Direito,Icarai,Niteroi,RJ,,S,2026-03
ALU_1e690ad824,Ciências Econômicas,2,Bac Em Ciências Econômicas,Barra Da Tijuca,Rio De Janeiro,RJ,,S,2026-03
ALU_8159f7b46b,Filosofia,9,Licenciatura Em Filosofia,Laranjeiras,Rio De Janeiro,RJ,,S,2026-03
ALU_215f2d4cae,Estudos De Mídia,5,Bacharelado Estudos De Mídia,Ipanema,Rio De Janeiro,RJ,20-22,S,2026-03
ALU_fe2facacea,Administração,1,Bacharelado Em Administração,Piedade,Rio De Janeiro,RJ,23-25,S,2026-03
ALU_0b78d88e13,Ciência Da Computação,7,Bac Ciência Da Computação,Tijuca,Teresopolis,RJ,,S,2026-03
ALU_d574fff433,Engenharia,13,Bac Em Engenharia De Produção,Barra,Rio De Janeiro,RJ,,S,2026-03
ALU_2f3681d517,Psicologia,7,Bacharelado Em Psicologia,Senador Vasconcelos,Rio De Janeiro,RJ,23-25,S,2026-03
ALU_9764fbdc72,Psicologia,1,Bacharelado Em Psicologia,Barra Da Tijuca,Rio De Janeiro,RJ,<=19,S,2026-03
ALU_855c2334a5,Engenharia,9,Bac Em Engenharia De Produção,Ipanema,Rio De Janeiro,RJ,,S,2026-03
ALU_8c37326fc1,Design,6,Bacharelado Em Design,Maracana,Rio De Janeiro,RJ,20-22,S,2026-03
ALU_d5ebd3988e,Arquitetura E Urbanismo,1,Bac Arquitetura E Urbanismo,Recreio Dos Bandeirantes,Rio De Janeiro,RJ,,S,2026-03
ALU_abe1cee3d4,Estudos De Mídia,13,Bacharelado Estudos De Mídia,Copacabana,Rio De Janeiro,RJ,30+,S,2026-03
ALU_5140f59976,Design,4,Bacharelado Em Design,Rocinha,Rio De Janeiro,RJ,20-22,S,2026-03
ALU_f17438f445,Artes Cênicas,1,Bac Art Cênicas,Barra Olímpica,Rio De Janeiro,RJ,,S,2026-03
ALU_d0c005ab86,Design,14,Bacharelado Em Design,Copacabana,Rio De Janeiro,RJ,26-30,S,2026-03
ALU_8dfc80246d,Design,9,Bacharelado Em Design,Lagoa,Rio De Janeiro,RJ,,S,2026-03
ALU_37444f8587,Engenharia,1,Bac Engenharia De Computação,Maracanã,Rio De Janeiro,RJ,<=19,S,2026-03
ALU_3ae83d0a2a,Administração,4,Bacharelado Em Administração,Leblon,Rio De Janeiro,RJ,,S,2026-03
ALU_1381255d88,Engenharia,3,Bac Em Engenharia De Produção,Copacabana,Rio De Janeiro,RJ,20-22,S,2026-03
ALU_eaf319e4ae,Engenharia,9,Bac Em Engenharia De Produção,Barra Da Tijuca,Rio De Janeiro,RJ,,S,2026-03
ALU_ce1482e91a,Ciência Da Computação,3,Bac Ciência Da Computação,Prados Verdes,Nova Iguacu,RJ,,S,2026-03
ALU_a1e3dd6435,Estudos De Mídia,3,Bacharelado Estudos De Mídia,Ramos Complexo Do Alemao,Rio De Janeiro,RJ,26-30,S,2026-03
ALU_fe13c2934d,Design,5,Bacharelado Em Design,Ipanema,Rio De Janeiro,RJ,,S,2026-03
ALU_a0f65e9d3e,Engenharia,9,Bac Engenharia De Computação,Ipanema,Rio De Janeiro,RJ,20-22,S,2026-03
ALU_a04e2252f6,Ciência Da Computação,1,Bac Ciência Da Computação,Rua General José Cristino,Rio De Janeiro,RJ,,S,2026-03
ALU_5a81137cfd,Engenharia,6,Bac Em Engenharia Química,Guaratiba,Rio De Janeiro,RJ,23-25,S,2026-03
ALU_cb89914883,Pos-Graduacao Relacoes Internacionais,1,Dout Relacoes Internacionais,Santa Mônica,Uberlandia,MG,,S,2026-03
ALU_6e0707702f,Ciência Da Computação,1,Bac Ciência Da Computação,Flamengo,Rio De Janeiro,RJ,<=19,S,2026-03
ALU_fc7452e105,Direito,1,Bacharelado Em Direito,Grajaú,Rio De Janeiro,RJ,20-22,S,2026-03
ALU_a6e3ec0228,Psicologia,7,Bacharelado Em Psicologia,Santa Bárbara ,Niterói ,RJ,,S,2026-03
ALU_b9f1007129,Psicologia,1,Bacharelado Em Psicologia,Tijuca,Rio De Janeiro,RJ,,S,2026-03
ALU_135c8cc3d1,Administração,5,Bacharelado Em Administração,Gavea,Rio De Janeiro,RJ,,S,2026-03
ALU_64b102eeee,Administração,5,Bacharelado Em Administração,Jardim Botanico,Rio De Janeiro,RJ,20-22,S,2026-03
ALU_726ae1bb55,Ciência Da Computação,5,Bac Ciência Da Computação,Leblon,Rio De Janeiro,RJ,,S,2026-03
ALU_5fefa35574,Ciência Da Computação,2,Bac Ciência Da Computação,Turf Club,Campos Dos Goytacazes,RJ,,S,2026-03
ALU_95209872d2,Neurociências,7,Bacharelado Em Neurociências,Leblon,Rio De Janeiro,RJ,20-22,S,2026-03
ALU_5ad7d06dc6,Administração,1,Bacharelado Em Administração,Itanhangá,Rio De Janeiro,RJ,,S,2026-03
ALU_115f27fee2,Neurociências,9,Bacharelado Em Neurociências,Cosme Velho,Rio De Janeiro,RJ,,S,2026-03
ALU_aa0b6827d9,Estudos De Mídia,7,Bacharelado Estudos De Mídia,Porto Da Pedra,Sao Goncalo,RJ,23-25,S,2026-03
ALU_c4b72739e4,Administração,5,Bacharelado Em Administração,Sao Conrado,Rio De Janeiro,RJ,,S,2026-03
ALU_92643c49b0,Relacões Internacionais,1,Bac Relacões Internacionais,Ipanema,Rio De Janeiro,RJ,23-25,S,2026-03
ALU_6bcff03219,Psicologia,2,Bacharelado Em Psicologia,Mare,Rio De Janeiro,RJ,26-30,S,2026-03
ALU_c8d9b0a3b8,Jornalismo,7,Bacharelado Em Jornalismo,Botafogo,Rio De Janeiro,RJ,,S,2026-03
ALU_898120378f,Engenharia,1,Bac Engenharia De Computação,Sepetiba,Rio De Janeiro,RJ,<=19,S,2026-03
ALU_884660d470,Teologia,1,Bacharelado Em Teologia,Andarai,Rio De Janeiro,RJ,,S,2026-03
ALU_0b47e7c6e7,Psicologia,7,Bacharelado Em Psicologia,Recreio Dos Bandeirantes,Rio De Janeiro,RJ,20-22,S,2026-03
ALU_d287f70925,Psicologia,2,Bacharelado Em Psicologia,Botafogo,Rio De Janeiro,RJ,30+,S,2026-03
ALU_7e38103d9d,Administração,9,Bacharelado Em Administração,Recreio Dos Bandeirantes,Rio De Janeiro,RJ,20-22,S,2026-03
ALU_6aa6d5fc80,Administração,4,Bacharelado Em Administração,Sao Conrado,Rio De Janeiro,RJ,20-22,S,2026-03
ALU_e395dc02cc,Engenharia,20,Bac Eng Mat Nano,Engenho Do Porto,Duque De Caxias,RJ,26-30,S,2026-03
ALU_4643d92e09,Administração,7,Bacharelado Em Administração,Leblon,Rio De Janeiro,RJ,,S,2026-03
ALU_c75490d32c,Estudos De Mídia,9,Bacharelado Estudos De Mídia,Sao Conrado,Rio De Janeiro,RJ,,S,2026-03
ALU_83b7e134bf,Psicologia,4,Bacharelado Em Psicologia,Itanhanga,Rio De Janeiro,RJ,,S,2026-03
ALU_45b73b6309,S/E - Sem Especificacao,1,,Copacabana,Rio De Janeiro,RJ,20-22,S,2026-03
ALU_3ba51d320f,Estudos De Mídia,2,Bacharelado Estudos De Mídia,Sampaio,Rio De Janeiro,RJ,,S,2026-03
ALU_f1a3d54ec6,Direito,1,Bacharelado Em Direito,Barra Da Tijuca,Rio De Janeiro,RJ,<=19,S,2026-03
ALU_ac2a5cae96,Letras,15,"Lic Let,Ling Port Resp Lit",Campo Grande,Rio De Janeiro,RJ,26-30,S,2026-03
ALU_24ffe900b9,Pos-Graduacao Relacoes Internacionais,1,Mestrado Relacoes Internac,Maracanã,Rio De Janeiro,RJ,26-30,S,2026-03
ALU_af3e47e800,Estudos De Mídia,3,Bacharelado Estudos De Mídia,Barra Da Tijuca,Rio De Janeiro,RJ,,S,2026-03
ALU_3cc7bd8ff6,Ciência Da Computação,1,Bac Ciência Da Computação,Rocinha,Rio De Janeiro,RJ,<=19,S,2026-03
ALU_74ee870972,Ciência Da Computação,3,Bac Ciência Da Computação,Centro,Campos Dos Goytacazes,RJ,,S,2026-03
ALU_d47a5c89d5,Ciências Econômicas,6,Bac Em Ciências Econômicas,Barra Da Tijuca,Rio De Janeiro,RJ,30+,S,2026-03
ALU_600ef2596d,Letras,3,"Tradutor Inglês, Bacharelado",Recreio Dos Bandeirantes,Rio De Janeiro,RJ,,S,2026-03
ALU_1ec3b58e17,Pos-Graduacao Em Informatica,1,Mestrado Em Informatica,Copacabana,Rio De Janeiro,RJ,30+,S,2026-03
ALU_28c71233f7,Relacões Internacionais,14,Bac Relacões Internacionais,Tijuca,Rio De Janeiro,RJ,,S,2026-03
ALU_d1dadf282a,Psicologia,2,Bacharelado Em Psicologia,Posse,Nova Iguacu,RJ,20-22,S,2026-03
ALU_05c0b6c2be,Relacões Internacionais,9,Bac Relacões Internacionais,Copacabana,Rio De Janeiro,RJ,23-25,S,2026-03
ALU_20b8641c88,Ciências Econômicas,1,Bac Em Ciências Econômicas,Marechal Hermes,Rio De Janeiro,RJ,,S,2026-03
ALU_dc72a9d8c1,Engenharia,13,Bac Em Engenharia De Produção,Agrioes,Teresopolis,RJ,,S,2026-03
ALU_c6e6ba5c20,Engenharia,5,Bac Em Engenharia De Produção,Leblon,Rio De Janeiro,RJ,,S,2026-03
ALU_e1586e78f5,Engenharia,5,Bac Em Engenharia De Produção,Barra Datijuca,Rio De Janeiro,RJ,20-22,S,2026-03
ALU_c9bf2a72b5,Direito,3,Bacharelado Em Direito,Engenho Do Porto,Duque De Caxias,RJ,26-30,S,2026-03
ALU_f90495ddf6,Administração,7,Bacharelado Em Administração,Jardim Botanico,Rio De Janeiro,RJ,20-22,S,2026-03
ALU_38314169eb,Inteligência Artificial,1,Bac Inteligência Artificial,Maracanã,Rio De Janeiro,RJ,20-22,S,2026-03
ALU_41c360c303,Administração,9,Bacharelado Em Administração,Sao Conrado,Rio De Janeiro,RJ,23-25,S,2026-03
ALU_c68ef4afdc,Neurociências,7,Bacharelado Em Neurociências,Gávea,Rio De Janeiro,RJ,20-22,S,2026-03
ALU_4d2ab2c692,Direito,9,Bacharelado Em Direito,Laranjeiras,Rio De Janeiro,RJ,,S,2026-03
ALU_7929f5305b,Ciência Da Computação,5,Bac Ciência Da Computação,Botafogo,Rio De Janeiro,RJ,,S,2026-03
ALU_c7b0ea6189,Artes Cênicas,1,Bac Art Cênicas,Senador Vasconcelos,Rio De Janeiro,RJ,26-30,S,2026-03
ALU_e06d1de15f,Administração,5,Bacharelado Em Administração,Leblon,Rio De Janeiro,RJ,20-22,S,2026-03
ALU_3a23af4b61,Direito,6,Bacharelado Em Direito,Humaita,Rio De Janeiro,RJ,,S,2026-03
ALU_8263dae318,Jornalismo,5,Bacharelado Em Jornalismo,Icarai,Niteroi,RJ,20-22,S,2026-03
ALU_f4f21b97a4,Física,3,Bacharelado Em Física,Guaratiba,Rio De Janeiro,RJ,20-22,S,2026-03
ALU_4fea144779,Ciências Econômicas,1,Bac Em Ciências Econômicas,Iraja,Rio De Janeiro ,RJ,20-22,S,2026-03
ALU_74aca966e8,Relacões Internacionais,9,Bac Relacões Internacionais,Leme,Rio De Janeiro,RJ,,S,2026-03
ALU_f10fee965f,Ciência Da Computação,1,Bac Ciência Da Computação,Leblon,Rio De Janeiro,RJ,<=19,S,2026-03
ALU_867d864161,Ciências Econômicas,17,Bac Em Ciências Econômicas,Gavea,Rio De Janeiro,RJ,26-30,S,2026-03
ALU_9ce8fd64e6,Pos-Gra Cien Conser E Sustentabilidade,1,Mes Prof Cie Sustentabilidade,Jacarepaguá - Taquara,Rio De Janeiro,RJ,,S,2026-03
ALU_51ee53f486,Ciência Da Computação,15,Bac Ciência Da Computação,Realengo,Rio De Janeiro,RJ,26-30,S,2026-03
ALU_410ea34d26,Relacões Internacionais,3,Bac Relacões Internacionais,Flamengo,Rio De Janeiro,RJ,,S,2026-03
ALU_11fe171b9a,Ciências Econômicas,6,Bac Em Ciências Econômicas,Largo Do Barradas,Niteroi,RJ,,S,2026-03
ALU_997af02adc,Pos-Gra Cien Conser E Sustentabilidade,1,Mes Prof Cie Sustentabilidade,Bento Ribeiro,Rio De Janeiro,RJ,30+,S,2026-03
ALU_6a0fb6f89b,Psicologia,15,Bacharelado Em Psicologia,Copacabana,Rio De Janeiro,RJ,23-25,N,2026-03
ALU_aa6e225e5d,Ciências Econômicas,5,Bac Em Ciências Econômicas,Humaita,Rio De Janeiro,RJ,,N,2026-03
ALU_0a830e9d53,Ciências Econômicas,5,Bac Em Ciências Econômicas,Leblon,Rio De Janeiro,RJ,,S,2026-03
ALU_7d08a8bc28,Engenharia,2,Bac Engenharia De Computação,Itanhanga,Rio De Janeiro,RJ,<=19,S,2026-03
ALU_c89a9c85f9,Administração,7,Bacharelado Em Administração,Copacabana,Rio De Janeiro,RJ,,S,2026-03
ALU_8406c43db6,História,5,Licenciatura Em História,Copacabana,Rio De Janeiro,RJ,,S,2026-03
ALU_9c24481a39,Engenharia,13,Bac Em Engenharia Mecânica,Ipanema,Rio De Janeiro,RJ,23-25,S,2026-03
ALU_9c44459f07,Estudos De Mídia,10,Bacharelado Estudos De Mídia,Copacabana,Rio De Janeiro,RJ,23-25,S,2026-03
ALU_3f867c1f93,Engenharia,9,Bac Engenharia De Computação,Jardim Botanico,Rio De Janeiro,RJ,,S,2026-03
ALU_a81bbbbf59,Ciências Econômicas,5,Bac Em Ciências Econômicas,Laranjeiras,Rio De Janeiro,RJ,20-22,N,2026-03
ALU_e51ff3efcb,Neurociências,7,Bacharelado Em Neurociências,Copacabana,Rio De Janeiro,RJ,20-22,S,2026-03
ALU_bb2d23d9e8,Pos-Graduacao Em Metrologia,1,Mestrado Em Metrologia,Recreio Dos Bandeirantes,Rio De Janeiro,RJ,,S,2026-03
ALU_bcb8b4863e,Letras,13,"Tradutor Inglês, Bacharelado",Coelho,Sao Goncalo,RJ,26-30,S,2026-03
ALU_853d999e9d,Engenharia,5,Bac Em Engenharia De Produção,Copacabana,Rio De Janeiro,RJ,20-22,S,2026-03
ALU_535d1362eb,Estudos De Mídia,5,Bacharelado Estudos De Mídia,São Conrado,Rio De Janeiro,RJ,,N,2026-03
ALU_bf941f3419,Direito,3,Bacharelado Em Direito,Andarai,Rio De Janeiro,RJ,,S,2026-03
ALU_fc9257c242,Ciências Econômicas,5,Bac Em Ciências Econômicas,Leblon,Rio De Janeiro,RJ,20-22,N,2026-03
ALU_7e28a1d661,Design,9,Bacharelado Em Design,Ipanema,Rio De Janeiro,RJ,23-25,S,2026-03
ALU_28137f0c4f,Ciências Biológicas,3,Lic Em Ciências Biológicas,Vidigal,Rio De Janeiro,RJ,20-22,S,2026-03
ALU_953dbff738,Psicologia,1,Bacharelado Em Psicologia,Recreio Dos Bnadeiramtes,Rio De Janeiro,RJ,23-25,S,2026-03
ALU_9a3f30c457,Pos-Graduacao Em Design,1,Doutorado Em Design,Laranjeiras,Rio De Janeiro,RJ,30+,S,2026-03
ALU_0e55d76a9c,Inteligência Artificial,1,Bac Inteligência Artificial,Barra Da Tijuca,Rio De Janeiro,RJ,,S,2026-03
ALU_eb972f7a89,Engenharia,3,Bac Engenharia De Computação,Leblon,Rio De Janeiro,RJ,20-22,S,2026-03
ALU_52e31cb698,Direito,3,Bacharelado Em Direito,Ipanema,Rio De Janeiro,RJ,,S,2026-03
ALU_2d87fb4a09,Ciências Econômicas,5,Bac Em Ciências Econômicas,Sao Conrado,Rio De Janeiro,RJ,,S,2026-03
ALU_127fcd4906,Direito,12,Bacharelado Em Direito,Meier,Rio De Janeiro,RJ,,N,2026-03
ALU_e51603e367,Pos-Grad Em Arquitetura,3,Mestrado Em Arquitetura,Copacabana,Rio De Janeiro,RJ,26-30,S,2026-03
ALU_6bf4663eab,Arquitetura E Urbanismo,7,Bac Arquitetura E Urbanismo,Vila Isabel,Rio De Janeiro,RJ,,S,2026-03
ALU_18e004df8f,Pos-Graduacao Relacoes Internacionais,9,Dout Relacoes Internacionais,Copacabana,Rio De Janeiro,RJ,26-30,S,2026-03
ALU_dbdf7c8bc8,Estudos De Mídia,5,Bacharelado Estudos De Mídia,Gavea,Rio De Janeiro,RJ,,S,2026-03
ALU_00cb31ab6b,Ciências Econômicas,6,Bac Em Ciências Econômicas,Copacabana,Rio De Janeiro,RJ,,S,2026-03
ALU_95d173f3e8,Pos-Graduacao Em Ciencias Sociais,1,Mestrado Em Ciencias Sociais,Padre Miguel ,Rio De Janeiro,RJ,23-25,S,2026-03
ALU_9b198922b6,Direito,4,Bacharelado Em Direito,Botafogo,Rio De Janeiro,RJ,20-22,S,2026-03
ALU_565bb03a33,Serviço Social,5,Bac Serviço Social,Rocin,Rio De Janeiro,RJ,23-25,S,2026-03
ALU_1357c5fb40,Administração,7,Bacharelado Em Administração,Copacabana,Rio De Janeiro,RJ,20-22,S,2026-03
ALU_db8e6f37bf,Pos-Graduacao Em Administracao,1,Dout Em Adm De Empresas,Jardim Sulacap,Rio De Janeiro,RJ,,S,2026-04
ALU_ad8eac14a6,Engenharia,1,Bac Em Engenharia Elétrica,Pavuna,Rio De Janeiro,RJ,20-22,S,2026-04
ALU_fecbd1995f,Jornalismo,10,Bacharelado Em Jornalismo,Gavea,Rio De Janeiro,RJ,23-25,S,2026-04
ALU_cd0d88d4c7,S/E - Sem Especificacao,1,,Copacabana,Rio De Janeiro,RJ,20-22,S,2026-04
ALU_5347f6ecd8,Pos-Graduacao Em Informatica,2,Mestrado Em Informatica,Alto São Francisco,Quixada,CE,,S,2026-04
ALU_31afb04d08,Pos-Graduacao Em Design,7,Doutorado Em Design,Catete,Rio De Janeiro,RJ,30+,S,2026-04
ALU_cbb5978949,Engenharia,11,Bac Em Engenharia De Produção,Sao Conrado,Rio De Janeiro,RJ,23-25,S,2026-04
ALU_5e6b6f1c8c,Ciências Econômicas,1,Bac Em Ciências Econômicas,Lagoa,Rio De Janeiro,RJ,,S,2026-04
ALU_3f84299aa3,Estudos De Mídia,7,Bacharelado Estudos De Mídia,Copacabana,Rio De Janeiro,RJ,23-25,S,2026-04
ALU_4e741b13f5,Letras,1,"Bac Letras, Prod Textual",Icaraí,Niteroi,RJ,,S,2026-04
ALU_f844f5ab63,Ciência Da Computação,3,Bac Ciência Da Computação,Barra Da Tijuca,Rio De Janeiro,RJ,,S,2026-04
ALU_a11951fa1e,Direito,3,Bacharelado Em Direito,Copacabana,Rio De Janeiro,RJ,20-22,S,2026-04
ALU_ae2fc16fb9,Serviço Social,9,Bac Serviço Social,Grajau,Rio De Janeiro,RJ,,S,2026-04
ALU_4f94997125,Ciências Sociais,9,Licenciatura Ciências Sociais,Copacabana,Rio De Janeiro,RJ,,S,2026-04
ALU_2b6aef7d68,Psicologia,1,Bacharelado Em Psicologia,Barra Da Tijuca,Rio De Janeiro,RJ,<=19,S,2026-04
ALU_b8f86e0b48,Administração,9,Bacharelado Em Administração,Jardim Oceanico,Rio De Janeiro,RJ,23-25,S,2026-04
ALU_386fb415b1,Design,3,Bacharelado Em Design,Jacarepagua,Rio De Janeiro,RJ,<=19,S,2026-04
ALU_3882a58c48,Estudos De Mídia,7,Bacharelado Estudos De Mídia,Ipanema,Rio De Janeiro,RJ,30+,S,2026-04
ALU_63074d1e2b,Inteligência Artificial,1,Bac Inteligência Artificial,Centro São João,Sao Joao De Meriti,RJ,20-22,S,2026-04
ALU_e9c7297787,Direito,3,Bacharelado Em Direito,Leblon,Rio De Janeiro,RJ,,S,2026-04
ALU_3a150d56fb,Inteligência Artificial,1,Bac Inteligência Artificial,Taquara,Rio De Janeiro,RJ,20-22,S,2026-04
ALU_4aecb041c1,Engenharia,9,Bac Em Engenharia Química,Tijuca,Rio De Janeiro,RJ,23-25,S,2026-04
ALU_97faf85616,Direito,12,Bacharelado Em Direito,Recreio Dos Bandeirantes,Rio De Janeiro,RJ,30+,S,2026-04
ALU_fcdd19d97d,Letras,11,"Lic Let, Port Inglês Resp Lit",Sao Cristovao,Rio De Janeiro,RJ,23-25,S,2026-04
ALU_d5d3d1a4f9,Direito,2,Bacharelado Em Direito,Recreio Dos Bandeirantes,Rio De Janeiro,RJ,,S,2026-04
ALU_c9ea08b5bb,Nutriçao,7,Bacharelado Em Nutriçao,Icarai,Niteroi,RJ,,S,2026-04
ALU_bc1f0ac446,Estudos De Mídia,5,Bacharelado Estudos De Mídia,Botafogo,Rio De Janeiro,RJ,,S,2026-04
ALU_8a6e866fa8,Estudos De Mídia,9,Bacharelado Estudos De Mídia,Copacabana,Rio De Janeiro,RJ,20-22,S,2026-04
ALU_6fb7bb2a87,Design,11,Bacharelado Em Design,Gavea,Rio De Janeiro,RJ,23-25,S,2026-04
ALU_607f59763f,Relacões Internacionais,3,Bac Relacões Internacionais,Gardenia Azul,Rio De Janeiro,RJ,<=19,S,2026-04
ALU_62ccc292e0,Direito,7,Bacharelado Em Direito,Barra De Tijuca,Rio De Janeiro,RJ,20-22,S,2026-04
ALU_af6b8aca74,Estudos De Mídia,1,Bacharelado Estudos De Mídia,Glória,Rio De Janeiro,RJ,26-30,S,2026-04
ALU_0a16fd43c2,Design,17,Bacharelado Em Design,Santa Teresa,Belford Roxo,RJ,26-30,S,2026-04
ALU_a7474b10c5,Engenharia,7,Bac Engenharia De Computação,Botafogo,Rio De Janeiro,RJ,,S,2026-04
ALU_e735c9177a,Geografia,9,Bacharelado Em Geografia,Barra Da Tijuca,Rio De Janeiro,RJ,23-25,S,2026-04
ALU_d0bff0efbd,Relacões Internacionais,3,Bac Relacões Internacionais,Bosque Da Praia,Rio Das Ostras,RJ,,S,2026-04
ALU_132f37a68f,Teologia,1,Bacharelado Em Teologia,Copacabana,Rio De Janeiro,RJ,,S,2026-04
ALU_190621092f,Engenharia,11,Bac Em Engenharia De Produção,Barra Da Tijuca,Rio De Janeiro,RJ,,S,2026-04
ALU_850d626cd6,Design,5,Bacharelado Em Design,Icarai,Niteroi,RJ,20-22,S,2026-04
ALU_196e5f93db,Engenharia,9,Bac Em Engenharia De Produção,Gavea,Rio De Janeiro,RJ,,S,2026-04
ALU_f8dd1e8ee1,Teologia,1,Bacharelado Em Teologia,Cordovil,Rio De Janeiro,RJ,23-25,S,2026-04
ALU_848a2dc72a,Inteligência Artificial,1,Bac Inteligência Artificial,Olaria,Rio De Janeiro,RJ,<=19,S,2026-04
ALU_8d495657a1,Ciências Econômicas,9,Bac Em Ciências Econômicas,Gavea,Rio De Janeiro,RJ,,S,2026-04
ALU_700af6371e,Direito,2,Bacharelado Em Direito,Copacabana,Rio De Janeiro,RJ,<=19,S,2026-04
ALU_a98c6f7412,Ciência Da Computação,9,Bac Ciência Da Computação,Laranjeiras,Rio De Janeiro,RJ,,S,2026-04
ALU_df368b3a21,Jornalismo,1,Bacharelado Em Jornalismo,Parque Anchieta,Rio De Janeiro,RJ,<=19,S,2026-04
ALU_6d4256bd42,Estudos De Mídia,2,Bacharelado Estudos De Mídia,Santo Cristo,Rio De Janeiro,RJ,20-22,S,2026-04
ALU_14304c1539,Pos-Graduacao Em Ensino De Historia,1,Mestr Profis Ens De Historia,Olaria,Rio De Janeiro,RJ,,S,2026-04
ALU_b5ee0e1436,Psicologia,8,Bacharelado Em Psicologia,Leblon,Rio De Janeiro,RJ,26-30,S,2026-04
ALU_ed0f6d9db5,Administração,4,Bacharelado Em Administração,Copacabana,Rio De Janeiro,RJ,,S,2026-04
ALU_7d21d1accd,Engenharia,2,Bac Engenharia De Computação,Gávea,Rio De Janeiro,RJ,20-22,S,2026-04
ALU_87546c6757,Direito,2,Bacharelado Em Direito,Copacabana,Rio De Janeiro,RJ,<=19,S,2026-04
ALU_492467966f,Ciências Econômicas,6,Bac Em Ciências Econômicas,Catete,Rio De Janeiro,RJ,20-22,S,2026-04
ALU_7c7b4e9403,Ciências Econômicas,5,Bac Em Ciências Econômicas,Copacabana,Rio De Janeiro,RJ,20-22,S,2026-04
ALU_ad2e60c399,Jornalismo,9,Bacharelado Em Jornalismo,Lagoa,Rio De Janeiro,RJ,23-25,S,2026-05
ALU_5174b94f86,Psicologia,2,Bacharelado Em Psicologia,Porto Da Roca 2,Saquarema,RJ,,S,2026-05
ALU_e7e1d0c9c9,Estudos De Mídia,9,Bacharelado Estudos De Mídia,Icarai,Niteroi,RJ,,S,2026-05
ALU_47cb6b9fe0,Design,6,Bacharelado Em Design,Anil,Rio De Janeiro,RJ,23-25,S,2026-05
ALU_510422d434,Ciência Da Computação,4,Bac Ciência Da Computação,Botafogo,Rio De Janeiro,RJ,23-25,S,2026-05
ALU_6dcd609d45,Direito,12,Bacharelado Em Direito,Ipanema,Rio De Janeiro,RJ,,S,2026-05
ALU_1ff97c254d,Administração,9,Bacharelado Em Administração,Leblon,Rio De Janeiro,RJ,20-22,S,2026-05
ALU_f6e9d444e1,Administração,3,Bacharelado Em Administração,Rocinha,Rio De Janeiro,RJ,,S,2026-05
ALU_e84672a731,Direito,8,Bacharelado Em Direito,Barra Da Tijuca,Rio De Janeiro,RJ,,S,2026-05
ALU_3db680f652,Arquitetura E Urbanismo,5,Bac Arquitetura E Urbanismo,Barra Da Tijuca,Rio De Janeiro,RJ,20-22,S,2026-05
ALU_5915e1b62f,Ciências Biológicas,13,Lic Em Ciências Biológicas,Flamengo,Rio De Janeiro,RJ,,S,2026-05
ALU_13a19dda46,Administração,9,Bacharelado Em Administração,Leblon,Rio De Janeiro,RJ,23-25,S,2026-05
ALU_4e556c8819,Nutriçao,5,Bacharelado Em Nutriçao,Barra Da Tijuca,Rio De Janeiro,RJ,20-22,S,2026-05
ALU_bcfb049535,Ciência Da Computação,2,Bac Ciência Da Computação,Copacabana,Rio De Janeiro,RJ,<=19,S,2026-05
ALU_6fa3ac339d,Direito,1,Bacharelado Em Direito,Barra Da Tijuca,Rio De Janeiro,RJ,,S,2026-05
ALU_93e2ab8166,Direito,5,Bacharelado Em Direito,Humaita,Rio De Janeiro,RJ,,S,2026-05
ALU_48da3d1422,Design,3,Bacharelado Em Design,Copacabana,Rio De Janeiro,RJ,,S,2026-05
ALU_7477bcbd7e,Engenharia,3,Bac Engenharia De Computação,Barra Da Tijuca,Rio De Janeiro,RJ,20-22,S,2026-05
ALU_2b10c1cb12,Engenharia,1,Bac Em Engenharia Mecânica,Vargem Pequena,Rio De Janeiro,RJ,23-25,S,2026-05
ALU_d034b654cf,Engenharia,3,Bac Em Engenharia De Produção,Ipanema,Rio De Janeiro,RJ,<=19,S,2026-05
ALU_dc2ee803b8,Direito,9,Bacharelado Em Direito,Jardim Botanico,Rio De Janeiro,RJ,,S,2026-05
ALU_9580f7d733,Engenharia,7,Bac Em Engenharia De Produção,Lagoa Rodrigo De Freitas,Rio De Janeiro,RJ,,S,2026-05
ALU_2dd4241191,Administração,5,Bacharelado Em Administração,Leblon,Rio De Janeiro,RJ,,S,2026-05
ALU_cd890b45e9,Psicologia,2,Bacharelado Em Psicologia,Tijuca,Rio De Janeiro,RJ,20-22,S,2026-05
ALU_62d2f9d6eb,Estudos De Mídia,5,Bacharelado Estudos De Mídia,Ipanema,Rio De Janeiro,RJ,,S,2026-05
ALU_7ce90525a8,Engenharia,1,Bac Em Engenharia De Produção,Leblon,Rio De Janeiro,RJ,<=19,S,2026-05
ALU_09eb1af7ab,Engenharia,1,Bac Em Engenharia De Produção,Lagoa,Rio De Janeiro,RJ,<=19,S,2026-05
ALU_50aa513437,Engenharia,1,Bac Em Engenharia Mecânica,Vargem Pequena,Rio De Janeiro,RJ,,S,2026-05
ALU_363cf5b8bc,Engenharia,3,Bac Engenharia De Computação,Barra Da Tijuca,Rio De Janeiro,RJ,,S,2026-05
ALU_290016eafa,Neurociências,1,Bacharelado Em Neurociências,Copacabana,Rio De Janeiro,RJ,,S,2026-05
ALU_66bfa8fdcc,Direito,1,Bacharelado Em Direito,Itanhanga,Rio De Janeiro,RJ,,S,2026-05
ALU_4d90b979f6,Ciência Da Computação,7,Bac Ciência Da Computação,Boa Viagem,Niteroi,RJ,20-22,N,2026-05
ALU_ff286e20ce,Relacões Internacionais,7,Bac Relacões Internacionais,Barra Da Tijuca,Rio De Janeiro,RJ,20-22,S,2026-05
ALU_6e02dd8011,Jornalismo,1,Bacharelado Em Jornalismo,Icaraí,Niterói,RJ,<=19,S,2026-05
ALU_1b24462f98,Engenharia,2,Bac Em Engenharia De Produção,Leblon,Rio De Janeiro,RJ,,S,2026-05
ALU_d08dd50a11,Engenharia,7,Bac Engenharia De Computação,Sao Conrado,Rio De Janeiro,RJ,20-22,S,2026-05
ALU_64cd3f0e1f,Direito,10,Bacharelado Em Direito,Itanhanga,Rio De Janeiro,RJ,23-25,S,2026-05
ALU_cb27b69889,Relacões Internacionais,3,Bac Relacões Internacionais,Sao Conrado,Rio De Janeiro,RJ,,S,2026-05
ALU_4da8d1a5db,Ciências Econômicas,5,Bac Em Ciências Econômicas,Recreio Dos Bandeiranres,Rio De Janeiro,RJ,,S,2026-05
ALU_56fbf2aa82,Arquitetura E Urbanismo,11,Bac Arquitetura E Urbanismo,Laranjeiras,Rio De Janeiro,RJ,,S,2026-05
ALU_eef2e2e914,Engenharia,3,Bac Em Engenharia De Produção,Raul Veiga,Sao Goncalo,RJ,20-22,S,2026-05
ALU_ee532c983d,Engenharia,3,Bac Em Engenharia De Produção,Ipanema,Rio De Janeiro,RJ,20-22,S,2026-05
ALU_673d568c51,Psicologia,8,Bacharelado Em Psicologia,Recreio Dos Bandeirantes,Rio De Janeiro,RJ,26-30,N,2026-05
ALU_da79885163,Administração,6,Bacharelado Em Administração,Pavuna,Rio De Janeiro,RJ,30+,S,2026-05
ALU_8f87b57f42,Neurociências,7,Bacharelado Em Neurociências,Leblon,Rio De Janeiro,RJ,20-22,S,2026-05
ALU_b11b7a1f53,Psicologia,5,Bacharelado Em Psicologia,Sao Conrado,Rio De Janeiro,RJ,20-22,S,2026-05
ALU_7b11889b4f,Direito,10,Bacharelado Em Direito,Ipanema,Rio De Janeiro,RJ,30+,S,2026-05
ALU_a56ad5240d,Engenharia,18,Bac Em Engenharia Mecânica,Barra Da Tijuca,Rio De Janeiro,RJ,,S,2026-05
ALU_42d2ed9c90,Direito,14,Bacharelado Em Direito,Ipanema,Rio De Janeiro,RJ,,N,2026-05
ALU_3bb1712fab,Direito,1,Bacharelado Em Direito,Campo Grande,Rio De Janeiro,RJ,20-22,S,2026-05
ALU_c51b268a10,Nutriçao,1,Bacharelado Em Nutriçao,Das Graças,Belford Roxo,RJ,<=19,S,2026-05
ALU_da347f9206,Design,7,Bacharelado Em Design,Candido Benicio,Rio De Janeiro,RJ,20-22,S,2026-05
ALU_3b8924b342,Direito,3,Bacharelado Em Direito,Copacabanna,Rio De Janeiro,RJ,,S,2026-05
ALU_9ceffa0774,Direito,10,Bacharelado Em Direito,Urca,Rio De Janeiro,RJ,,S,2026-05
ALU_389f34f63d,Jornalismo,1,Bacharelado Em Jornalismo,Barra Da Tijuca,Rio De Janeiro,RJ,,S,2026-05
ALU_53c180fcd3,Direito,12,Bacharelado Em Direito,Leblon,Rio De Janeiro,RJ,,S,2026-05
ALU_114a682d1d,Direito,7,Bacharelado Em Direito,Rio Comprido,Rio De Janeiro,RJ,23-25,S,2026-05
ALU_e1676ea9f1,Direito,9,Bacharelado Em Direito,Leblon,Rio De Janeiro,RJ,,S,2026-05
ALU_5a404c639b,Engenharia,9,Bac Em Engenharia De Produção,Barra Da Tijuca,Rio De Janeiro,RJ,,S,2026-05
ALU_e7cb66af7a,Ciência Da Computação,17,Bac Ciência Da Computação,Barra Da Tijuca,Rio De Janeiro,RJ,26-30,S,2026-06
ALU_0015cc7f0b,Ciências Econômicas,7,Bac Em Ciências Econômicas,Ipanema,Rio De Janeiro,RJ,20-22,S,2026-06
ALU_58e843c1fa,Direito,10,Bacharelado Em Direito,Centro,Sao Joao De Meriti,RJ,,S,2026-06
ALU_0a4ea0e22d,Pedagogia,3,Sem Especificação,Recreio Dos Bandeirantes,Rio De Janeiro,RJ,,S,2026-06
ALU_41202b6499,Estudos De Mídia,4,Bacharelado Estudos De Mídia,Anil,Rio De Janeiro,RJ,20-22,S,2026-06
ALU_c969fd8d60,Direito,7,Bacharelado Em Direito,Freguesia,Rio De Janeiro,RJ,20-22,S,2026-06
ALU_f479ae2f9c,Engenharia,9,Bac Em Engenharia De Produção,Leblon,Rio De Janeiro,RJ,,S,2026-06
ALU_0b80f6bc8d,Pos-Graduacao Em Psicologia,1,Mestrado Em Psicologia,Fonseca,Niteroi,RJ,,S,2026-06
ALU_4854af884e,Estudos De Mídia,5,Bacharelado Estudos De Mídia,Leblon,Rio De Janeiro,RJ,,N,2026-06
ALU_eb36cedd4e,Engenharia,7,Bac Em Engenharia De Produção,Leblon,Rio De Janeiro,RJ,20-22,S,2026-06
ALU_de0effa678,Psicologia,2,Bacharelado Em Psicologia,Botafogo,Rio De Janeiro,RJ,,S,2026-06
ALU_d4ff921ad0,Engenharia,1,Bac Em Engenharia Química,Barra Da Tijuca,Rio De Janeiro,RJ,,S,2026-06
ALU_755003a19e,Engenharia,5,Bac Em Engenharia De Produção,Barra Da Tijuca,Rio De Janeiro,RJ,20-22,S,2026-06
ALU_58e5cb9f39,Pedagogia,3,Sem Especificação,Cabucu,Itaborai,RJ,,S,2026-06
ALU_85c821a98d,Psicologia,9,Bacharelado Em Psicologia,Barra Da Tijuca,Rio De Janeiro,RJ,,S,2026-06
ALU_7abbfa6543,Ciências Econômicas,6,Bac Em Ciências Econômicas,Icarai,Niteroi,RJ,,S,2026-06
ALU_b02ad45959,Design,4,Bacharelado Em Design,Icaraí,Niterói,RJ,20-22,S,2026-06
ALU_66d3ee4256,Design,11,Bacharelado Em Design,Copacabana,Rio De Janeiro,RJ,23-25,S,2026-06
ALU_8125fe7f83,Jornalismo,2,Bacharelado Em Jornalismo,Sao Francisco,Niteroi,RJ,<=19,S,2026-06
ALU_22a5b02f96,Ciência Da Computação,8,Bac Ciência Da Computação,Copacabana,Rio De Janeiro,RJ,,S,2026-06
ALU_a8077661e6,Pos-Graduacao Em Engenharia De Producao,1,Mestrado Em Eng De Producao,Sao Conrado,Rio De Janeiro,RJ,,S,2026-06
ALU_df5662de06,Engenharia,7,Bac Engenharia De Computação,Copacabana,Rio De Janeiro,RJ,,S,2026-06
ALU_71679b6ac7,Psicologia,9,Bacharelado Em Psicologia,Rocinha,Rio De Janeiro,RJ,23-25,S,2026-06
ALU_d678ff702a,Administração,7,Bacharelado Em Administração,Lagoa,Rio De Janeiro,RJ,23-25,S,2026-06
ALU_0a2f131738,Estudos De Mídia,5,Bacharelado Estudos De Mídia,Barra Da Tijuca,Rio De Janeiro,RJ,20-22,N,2026-06
ALU_6b817d10de,Psicologia,2,Bacharelado Em Psicologia,Recreio Dos Bandeirantes,Rio De Janeiro,RJ,20-22,S,2026-06
ALU_6b684b5dbf,Direito,2,Bacharelado Em Direito,Rocinha,Rio De Janeiro,RJ,<=19,S,2026-06
ALU_5003b8f321,Pos-Graduacao Em Design,3,Mestrado Em Design,Flamengo,Rio De Janeiro,RJ,,S,2026-06
ALU_65c373f4dc,Psicologia,9,Bacharelado Em Psicologia,Freguesia Jacarepagua,Rio De Janeiro,RJ,,S,2026-06
ALU_9663a9e64e,Psicologia,7,Bacharelado Em Psicologia,Recreio Dos Bandeirantes,Rio De Janeiro,RJ,,S,2026-06
ALU_9375cd1b6f,Jornalismo,1,Bacharelado Em Jornalismo,Barra Da Tijuca,Rio De Janeiro,RJ,30+,S,2026-06
ALU_5987d99c96,Estudos De Mídia,1,Bacharelado Estudos De Mídia,Ipanema,Rio De Janeiro,RJ,,S,2026-06
ALU_69e21176df,Psicologia,2,Bacharelado Em Psicologia,Taquara,Rio De Janeiro,RJ,20-22,S,2026-06
ALU_c6539a6b2a,Ciência Da Computação,7,Bac Ciência Da Computação,Barra Da Tijuca,Rio De Janeiro,RJ,,N,2026-06
ALU_59098a8e2e,Design,3,Bacharelado Em Design,Tijuca,Rio De Janeiro,RJ,,S,2026-06
ALU_c891366fff,Direito,3,Bacharelado Em Direito,Lagoa,Rio De Janeiro,RJ,,S,2026-06
ALU_d68daa7e31,Ciências Econômicas,6,Bac Em Ciências Econômicas,Tanque,Rio De Janeiro,RJ,20-22,S,2026-06
ALU_22860f0959,Arquitetura E Urbanismo,2,Bac Arquitetura E Urbanismo,Praca Seca,Rio De Janeiro,RJ,20-22,S,2026-06
ALU_7904ec7990,Engenharia,3,Bac Eng Controle E Automação,Leblon,Rio De Janeiro,RJ,,S,2026-06
ALU_9aa671a26c,Geografia,3,Licenciatura Em Geografia,Penha Circular,Rio De Janeiro,RJ,,S,2026-06
ALU_201bd0063e,Direito,7,Bacharelado Em Direito,Jardim Botanico,Rio De Janeiro,RJ,,S,2026-06
ALU_18abfe2eaf,Administração,13,Bacharelado Em Administração,Leme,Rio De Janeiro,RJ,23-25,N,2026-06
ALU_34b9970e17,Neurociências,9,Bacharelado Em Neurociências,Laranjeiras,Rio De Janeiro,RJ,20-22,S,2026-06
ALU_2712cc0adf,Direito,2,Bacharelado Em Direito,Aracatiba,Marica,RJ,20-22,S,2026-06
ALU_2e6ab38a3d,Design,21,Bacharelado Em Design,Ilha De Paqueta,Rio De Janeiro,RJ,,N,2026-06
ALU_983604c820,Ciências Econômicas,6,Bac Em Ciências Econômicas,Gardenia Azul,Rio De Janeiro,RJ,,S,2026-06
ALU_738a51afe0,Jornalismo,3,Bacharelado Em Jornalismo,Copacabana,Rio De Janeiro,RJ,23-25,S,2026-06
ALU_bf64bed401,Estudos De Mídia,7,Bacharelado Estudos De Mídia,Barra Da Tijuca,Rio De Janeiro,RJ,20-22,S,2026-06
ALU_8200b92237,Psicologia,4,Bacharelado Em Psicologia,Santa Rosa,Niteroi,RJ,,S,2026-06
ALU_3ed43c15c1,Estudos De Mídia,7,Bacharelado Estudos De Mídia,Jardim America,Rio De Janeiro,RJ,,S,2026-06
ALU_e761176978,Pos-Graduacao Em Educacao,1,Mestrado Em Educacao,Centro,Nova Iguacu,RJ,,S,2026-06
ALU_9a9cc7ce75,Ciência Da Computação,5,Bac Ciência Da Computação,Baixo Grande,Sao Pedro Da Aldeia,RJ,,S,2026-06
ALU_d5570e6b45,Engenharia,9,Bac Engenharia De Computação,Botafogo,Rio De Janeiro,RJ,20-22,S,2026-06
ALU_159700725d,Engenharia,9,Bac Engenharia De Computação,Botafogo,Rio De Janeiro,RJ,,S,2026-06
ALU_b904f167b0,Direito,7,Bacharelado Em Direito,Penha,Rio De Janeiro,RJ,,S,2026-06
ALU_fc377ff4dc,Administração,11,Bacharelado Em Administração,Barra Da Tijuca,Rio De Janeiro,RJ,,S,2026-06
ALU_75e70be8f6,Estudos De Mídia,7,Bacharelado Estudos De Mídia,Jardim Botanico,Rio De Janeiro,RJ,20-22,N,2026-06
ALU_b06b222ae1,Pedagogia,5,Sem Especificação,Rocinha,Rio De Janeiro,RJ,,S,2026-07
ALU_afdcad8193,Ciência Da Computação,1,Bac Ciência Da Computação,Tijuca,Rio De Janeiro,RJ,,S,2026-07
ALU_77ad1441e6,Administração,1,Bacharelado Em Administração,Copacabana,Rio De Janeiro,RJ,<=19,S,2026-07
ALU_bbd0acd496,Design,13,Bacharelado Em Design,Tijuca,Rio De Janeiro,RJ,,S,2026-07
ALU_911ae51973,Engenharia,11,Bac Em Engenharia De Produção,Jardim Botanico,Rio De Janeiro,RJ,,S,2026-07
ALU_46a82b61e4,Direito,7,Bacharelado Em Direito,Ipanema,Rio De Janeiro,RJ,,S,2026-07
ALU_780efff81f,Administração,1,Bacharelado Em Administração,Rio Comprido,Rio De Janeiro,RJ,<=19,S,2026-07
ALU_14762f7b3b,Artes Cênicas,4,Bac Art Cênicas,Pedra De Guaratiba,Rio De Janeiro,RJ,,S,2026-07
ALU_c758a89e9a,Ciências Econômicas,3,Bac Em Ciências Econômicas,São Francisco,Niterói,RJ,20-22,S,2026-07
ALU_66aafe4ecf,Nutriçao,7,Bacharelado Em Nutriçao,Vargem Grande,Rio De Janeiro,RJ,30+,S,2026-07
ALU_729306274b,Neurociências,1,Bacharelado Em Neurociências,Lindo Parque,São Gonçalo,RJ,30+,S,2026-07
ALU_90626bf5ce,Psicologia,3,Bacharelado Em Psicologia,Flamengo,Rio De Janeiro,RJ,,S,2026-07
ALU_c1a2b9c0c0,Relacões Internacionais,1,Bac Relacões Internacionais,Engenho Do Mato,Niterói,RJ,,S,2026-07
ALU_c4a90d3bc5,Estudos De Mídia,3,Bacharelado Estudos De Mídia,Gavea,Rio De Janeiro,RJ,,S,2026-07
ALU_65e27e7e6a,Design,3,Bacharelado Em Design,Rocinha,Rio De Janeiro,RJ,,S,2026-07
ALU_4d869cca4e,Ciências Econômicas,4,Bac Em Ciências Econômicas,Botafogo,Rio De Janeiro,RJ,20-22,S,2026-07
ALU_df35da067e,Engenharia,5,Bac Em Engenharia De Produção,Barra Da Tijuca,Rio De Janeiro,RJ,20-22,S,2026-07
ALU_58a5ee33c1,Psicologia,5,Bacharelado Em Psicologia,Lagoa,Rio De Janeiro,RJ,20-22,S,2026-07
ALU_b8ca29666b,Ciências Biológicas,5,Bac Em Ciências Biológicas,Pechincha,Rio De Janeiro,RJ,,S,2026-07
ALU_de70088301,Estudos De Mídia,3,Bacharelado Estudos De Mídia,Copacabana,Rio De Janeiro,RJ,,S,2026-07
ALU_aa2e25978e,Jornalismo,1,Bacharelado Em Jornalismo,Inhauma,Rio De Janeiro,RJ,,S,2026-07
ALU_4d383c597e,Engenharia,10,Bac Em Engenharia De Produção,Alto Da Boa Vista,Rio De Janeiro,RJ,,S,2026-07
ALU_0e9fc4f6ef,Ciências Econômicas,1,Bac Em Ciências Econômicas,,Rio De Janeiro,RJ,20-22,S,2026-07
ALU_54a8cd1bb1,Jornalismo,1,Bacharelado Em Jornalismo,Itanhanga,Rio De Janeiro,RJ,23-25,S,2026-07
ALU_18e62d3120,Engenharia,11,Bac Eng Mat Nano,Flamengo,Rio De Janeiro,RJ,23-25,S,2026-07
ALU_1a3ad6a3ae,Ciências Biológicas,1,Bac Em Ciências Biológicas,Anchieta,Rio De Janeiro,RJ,,S,2026-07
ALU_c5e1ecaf75,Pos-Graduacao Em Engenharia De Producao,1,Mestrado Em Eng De Producao,Padre Miguel,Rio De Janeiro,RJ,,S,2026-07
ALU_3194a42fd4,Ciências Econômicas,4,Bac Em Ciências Econômicas,Botafogo,Rio De Janeiro,RJ,20-22,S,2026-07
ALU_9a27ffcf5d,Direito,1,Bacharelado Em Direito,Barra Da Tijuca,Rio De Janeiro,RJ,<=19,S,2026-07
ALU_0b18475e3b,Ciências Econômicas,5,Bac Em Ciências Econômicas,Jardim Botanico,Rio De Janeiro,RJ,,S,2026-07
ALU_57f4bfdae5,Ciência Da Computação,5,Bac Ciência Da Computação,Jardim Metropole,Sao Joao De Meriti,RJ,,S,2026-07
ALU_7f5ac45676,Serviço Social,1,Bac Serviço Social,Rocinha,Rio De Janeiro,RJ,20-22,S,2026-07
ALU_e0d06f055b,Pos-Graduacao Em Engenharia De Producao,1,Mestrado Em Eng De Producao,Jardim Botanico,Rio De Janeiro,RJ,,S,2026-07
ALU_abe3bdfcd5,Pos-Graduacao Em Engenharia Mecanica,3,Mestrado Em Eng Mecanica,Piratininga,Niteroi,RJ,26-30,S,2026-07
ALU_1c58193c4a,Administração,9,Bacharelado Em Administração,Ipanema,Rio De Janeiro,RJ,23-25,S,2026-07
ALU_b77146decb,Ciências Econômicas,11,Bac Em Ciências Econômicas,Humaita,Rio De Janeiro,RJ,23-25,S,2026-07
ALU_e8ee77f2d6,Arquitetura E Urbanismo,6,Bac Arquitetura E Urbanismo,Lagoa,Rio De Janeiro,RJ,,S,2026-07
ALU_60773fb869,Ciência Da Computação,9,Bac Ciência Da Computação,Copacabana,Rio De Janeiro,RJ,,S,2026-07
ALU_7542978013,Administração,1,Bacharelado Em Administração,São Conrado,Rio De Janeiro,RJ,20-22,S,2026-07
ALU_96dd14639e,Engenharia,16,Bac Em Engenharia Elétrica,Barra Da Tijuca,Rio De Janeiro,RJ,26-30,S,2026-07
ALU_6ede5ff35e,Direito,6,Bacharelado Em Direito,Sao Conrado,Rio De Janeiro,RJ,20-22,S,2026-07
ALU_531a504388,Direito,2,Bacharelado Em Direito,Recreio Dos Bandeirantes,Rio De Janeiro,RJ,20-22,S,2026-07
ALU_7ce5f434c6,S/E - Sem Especificacao,1,,Copacabana,Rio De Janeiro,RJ,23-25,S,2026-07
ALU_b803a151fd,Matemática Aplicada E Computacional,1,Bacharelado Em Mat Apl E Comp,Copacabana,Rio De Janeiro,RJ,,S,2026-07
ALU_7156b61998,Direito,1,Bacharelado Em Direito,Freguesia,Rio De Janeiro,RJ,,S,2026-07
ALU_4198763426,Direito,1,Bacharelado Em Direito,Pavuna,Rio De Janeiro,RJ,,S,2026-07
ALU_c1b4108139,Neurociências,7,Bacharelado Em Neurociências,Flamengo,Rio De Janeiro,RJ,20-22,S,2026-07
ALU_4a263db2f2,Estudos De Mídia,7,Bacharelado Estudos De Mídia,Humaita,Rio De Janeiro,RJ,,S,2026-07
ALU_0b65dff210,Administração,2,Bacharelado Em Administração,Ipanema,Rio De Janeiro,RJ,,S,2026-07
ALU_66edea825d,Arquitetura E Urbanismo,7,Bac Arquitetura E Urbanismo,Recreio,Rio De Janeiro,RJ,20-22,S,2026-07
ALU_f38581ee34,Arquitetura E Urbanismo,3,Bac Arquitetura E Urbanismo,Laranjeiras,Rio De Janeiro,RJ,20-22,S,2026-07
ALU_4cc4ccff4c,Direito,3,Bacharelado Em Direito,Santa Rosa,Niteroi,RJ,20-22,S,2026-07
ALU_1afd9526e5,Engenharia,3,Bac Em Engenharia De Produção,Lagoa,Rio De Janeiro,RJ,,S,2026-07
ALU_2894442772,Direito,2,Bacharelado Em Direito,Barra Da Tijuca,Rio De Janeiro,RJ,,S,2026-07
ALU_053be6bc21,Psicologia,1,Bacharelado Em Psicologia,Posse,Nova Iguaçu,RJ,23-25,S,2026-07
ALU_3bb6589010,Engenharia,15,Bac Em Engenharia De Produção,Gradim,Sao Goncalo,RJ,,N,2026-07
ALU_08ac0897d0,Ciência Da Computação,1,Bac Ciência Da Computação,Coelho Neto,Rio De Janeiro,RJ,20-22,S,2026-07
ALU_60a0a62f5c,Direito,1,Bacharelado Em Direito,Rio Do Ouro,São Gonçalo,RJ,20-22,S,2026-07
ALU_d8eaa9b1bc,Pos-Graduacao Em Informatica,1,Mestrado Em Informatica,Leblon,Rio De Janeiro,RJ,26-30,S,2026-07
ALU_d449d9d78e,Engenharia,7,Bac Engenharia De Computação,Ipanema,Rio De Janeiro,RJ,20-22,S,2026-07
ALU_99f8bb1ef7,Pos-Graduacao Em Design,1,Doutorado Em Design,Gávea,Rio De Janeiro,RJ,,S,2026-07
ALU_1f302a95a9,Direito,1,Bacharelado Em Direito,Laranjeiras,Rio De Janeiro,RJ,20-22,S,2026-07
ALU_e0f4a426b4,Ciência Da Computação,9,Bac Ciência Da Computação,Lagoa,Rio De Janeiro,RJ,23-25,S,2026-07
ALU_572d311cd5,Engenharia,1,Bac Engenharia De Computação,Wona,Belford Roxo,RJ,20-22,S,2026-07
ALU_47327a5a01,Direito,1,Bacharelado Em Direito,Centro,Nova Iguaçu,RJ,,S,2026-07
ALU_655a3f18d8,Serviço Social,6,Bac Serviço Social,Bonsucesso,Rio De Janeiro,RJ,30+,S,2026-07
ALU_1fd03b74a4,Psicologia,5,Bacharelado Em Psicologia,Recreio Dos Bandeirantes,Rio De Janeiro,RJ,,S,2026-07
ALU_44d2cd93dc,Jornalismo,1,Bacharelado Em Jornalismo,Botafogo,Rio De Janeiro,RJ,<=19,S,2026-07
ALU_69c779e10f,Ciências Econômicas,1,Bac Em Ciências Econômicas,Laranjeiras,Rio De Janeiro,RJ,20-22,S,2026-07
ALU_4ca309151b,Psicologia,8,Bacharelado Em Psicologia,Barra Da Tijuca,Rio De Janeiro,RJ,,S,2026-07
ALU_f9b59a8fea,Direito,2,Bacharelado Em Direito,Itanhangá,Rio De Janeiro,RJ,30+,S,2026-07
ALU_9653c9df20,Direito,3,Bacharelado Em Direito,Leblon,Rio De Janeiro,RJ,,S,2026-07
ALU_d62188e51a,Administração,11,Bacharelado Em Administração,Flamengo,Rio De Janeiro,RJ,23-25,N,2026-07
ALU_72d6ccb10f,Psicologia,1,Bacharelado Em Psicologia,Botafogo,Rio De Janeiro,RJ,<=19,S,2026-07
ALU_2886379185,Arquitetura E Urbanismo,1,Bac Arquitetura E Urbanismo,Gávea,Rio De Janeiro,RJ,<=19,S,2026-07
ALU_8e2cb2a1f4,Psicologia,14,Bacharelado Em Psicologia,Agostinho Porto,Sao Joao De Meriti,RJ,26-30,N,2026-07
ALU_1269675fe5,Geografia,6,Bacharelado Em Geografia,Barra Da Tijuca,Rio De Janeiro,RJ,30+,S,2026-07
ALU_607b06764a,Pos-Graduacao Em Informatica,2,Mestrado Em Informatica,Barra Da Tijuca,Rio De Janeiro,RJ,,S,2026-07
ALU_051503a332,Estudos De Mídia,1,Bacharelado Estudos De Mídia,Santíssimo,Rio De Janeiro,RJ,23-25,S,2026-07
ALU_dee55f2c68,Pos-Graduacao Em Administracao,1,Mest Em Adm De Empresas,Itanhanga,Rio De Janeiro,RJ,30+,S,2026-07
ALU_41ff121b43,Nutriçao,1,Bacharelado Em Nutriçao,Leblon,Rio De Janeiro,RJ,20-22,S,2026-07
ALU_32a51c9f1e,Direito,7,Bacharelado Em Direito,Jacarepagua,Rio De Janeiro,RJ,,S,2026-07
ALU_5635065cfb,Engenharia,1,Bac Engenharia De Computação,Botafogo,Rio De Janeiro,RJ,<=19,S,2026-07
ALU_c5ea70ed42,Direito,1,Bacharelado Em Direito,Botafogo,Rio De Janeiro,RJ,20-22,S,2026-07
ALU_84568e3b29,Design,5,Bacharelado Em Design,Botafogo,Rio De Janeiro,RJ,20-22,S,2026-07
ALU_39d44d426b,Direito,8,Bacharelado Em Direito,Barra Da Tijuca,Rio De Janeiro,RJ,23-25,S,2026-07
ALU_71c2c615a6,Relacões Internacionais,2,Bac Relacões Internacionais,Santa Rita,Nova Iguacu,RJ,30+,S,2026-07
ALU_59ea3b1bf8,Psicologia,1,Bacharelado Em Psicologia,Botafogo,Rio De Janeiro,RJ,20-22,S,2026-07
ALU_38740d21ed,Engenharia,1,Bac Engenharia De Computação,Leblon,Rio De Janeiro,RJ,,S,2026-07
ALU_48982409e6,Direito,8,Bacharelado Em Direito,Copacabana,Rio De Janeiro,RJ,30+,S,2026-07
ALU_3f67076715,Administração,6,Bacharelado Em Administração,Rio Comprido,Rio De Janeiro,RJ,,S,2026-08
ALU_ac762e3b00,Psicologia,1,Bacharelado Em Psicologia,Barra Da Tijuca,Rio De Janeiro,RJ,<=19,S,2026-08
ALU_fffd88d49c,Estudos De Mídia,1,Bacharelado Estudos De Mídia,Barra Olímpica,Rio De Janeiro,RJ,<=19,S,2026-08
ALU_c78d685d28,Psicologia,6,Bacharelado Em Psicologia,Vila Paula,Duque De Caxias,RJ,20-22,S,2026-08
ALU_e9e15a3558,Ciências Econômicas,6,Bac Em Ciências Econômicas,Humaitá,Rio De Janeiro,RJ,30+,S,2026-08
ALU_6e4421cd77,Direito,6,Bacharelado Em Direito,Rocinha,Rio De Janeiro,RJ,,S,2026-08
ALU_5f0b385d19,Direito,12,Bacharelado Em Direito,Barra Da Tijuca,Rio De Janeiro,RJ,,S,2026-08
ALU_07a49e52ab,Estudos De Mídia,7,Bacharelado Estudos De Mídia,Jardim Botanico,Rio De Janeiro,RJ,,S,2026-08
ALU_637b712887,Psicologia,5,Bacharelado Em Psicologia,Ipanema,Rio De Janeiro,RJ,20-22,S,2026-08
ALU_3735c9d5d1,Psicologia,6,Bacharelado Em Psicologia,Barra Da Tijuca,Rio De Janeiro,RJ,,S,2026-08
ALU_34eee248f9,Direito,4,Bacharelado Em Direito,Lagoa,Rio De Janeiro,RJ,20-22,S,2026-08
ALU_6e69ac68de,Ciências Econômicas,1,Bac Em Ciências Econômicas,Cosme Velho,Rio De Janeiro,RJ,<=19,S,2026-08
ALU_00843dee2f,Engenharia,1,Bac Em Engenharia Química,Lagoa,Rio De Janeiro,RJ,,S,2026-08
ALU_6ab723740c,Design,5,Bacharelado Em Design,Recreio Dos Bandeirantes,Rio De Janeiro,RJ,20-22,S,2026-08
ALU_b1b278e204,Arquitetura E Urbanismo,17,Bac Arquitetura E Urbanismo,Gamboa,Rio De Janeiro,RJ,26-30,S,2026-08
ALU_a62aefd25b,Pos-Graduacao Em Informatica,3,Dout Em Ciencias-Informatica,Urca,Rio De Janeiro,RJ,26-30,S,2026-08
ALU_d95a291ca4,Estudos De Mídia,1,Bacharelado Estudos De Mídia,Gávea,Rio De Janeiro,RJ,<=19,S,2026-08
ALU_9e5d39f56e,Farmácia,1,Bacharelado Em Farmácia,Cachambi,Rio De Janeiro,RJ,20-22,S,2026-08
ALU_9c6331a746,Direito,11,Bacharelado Em Direito,Rocinha,Rio De Janeiro,RJ,,S,2026-08
ALU_64a9d049c5,S/E - Sem Especificacao,1,,Ipanema,,RJ,23-25,S,2026-08
ALU_8dcd93b4de,Direito,5,Bacharelado Em Direito,Copacabana,Rio De Janeiro,RJ,20-22,S,2026-08
ALU_65f4fbbd75,Neurociências,1,Bacharelado Em Neurociências,Flamengo,Rio De Janeiro,RJ,<=19,S,2026-08
ALU_ae226867ae,Psicologia,1,Bacharelado Em Psicologia,Rocinha,Rio De Janeiro,RJ,20-22,S,2026-08
ALU_a7cb994df9,Relacões Internacionais,5,Bac Relacões Internacionais,Centro,Tres Rios,RJ,,S,2026-08
ALU_15d5c5c699,Relacões Internacionais,8,Bac Relacões Internacionais,Itaipu,Niterói,RJ,23-25,S,2026-08
ALU_dd1a98d3f0,S/E - Sem Especificacao,1,,,Barcelona,RJ,,S,2026-08
ALU_97e0e90648,Ciências Econômicas,5,Bac Em Ciências Econômicas,Lagoa,Rio De Janeiro,RJ,,S,2026-08
ALU_8597250852,Neurociências,1,Bacharelado Em Neurociências,Icaraí,Niterói,RJ,,S,2026-08
ALU_7ec09ad7cc,Administração,7,Bacharelado Em Administração,Copacabana,Rio De Janeiro,RJ,20-22,S,2026-08
ALU_05f2f45eda,Psicologia,9,Bacharelado Em Psicologia,Barra Da Tijuca,Rio De Janeiro,RJ,,S,2026-08
ALU_26fbe1a2ec,S/E - Sem Especificacao,1,,,Rancho Cucamonga,RJ,,S,2026-08
ALU_2ea4938c97,Estudos De Mídia,6,Bacharelado Estudos De Mídia,Barra Da Tijuca,Rio De Janeiro,RJ,20-22,S,2026-08
ALU_8e327bcec7,Administração,3,Bacharelado Em Administração,Santa Cruz,Rio De Janeiro,RJ,,S,2026-08
ALU_9f87ca4d89,Ciência Da Computação,1,Bac Ciência Da Computação,Gávea,Rio De Janeiro,RJ,,S,2026-08
ALU_46025b04da,S/E - Sem Especificacao,1,,Copacabana,Rio De Janeiro,RJ,20-22,S,2026-08
ALU_f6a356c414,Design,7,Bacharelado Em Design,Barra Da Tijuca,Rio De Janeiro,RJ,20-22,S,2026-08
ALU_179e21bcd2,Ciência Da Computação,13,Bac Ciência Da Computação,Recreio Dos Bandeirantes,Rio De Janeiro,RJ,,N,2026-08
ALU_4e4e263b35,Ciências Econômicas,7,Bac Em Ciências Econômicas,Barra Da Tijuca,Rio De Janeiro,RJ,,S,2026-08
ALU_a5adcd29e4,Design,8,Bacharelado Em Design,Barra Da Tijuca,Rio De Janeiro,RJ,23-25,S,2026-08
ALU_1315be511b,Arquitetura E Urbanismo,7,Bac Arquitetura E Urbanismo,Ipanema,Rio De Janeiro,RJ,,S,2026-08
ALU_5cd7634cd7,Ciência Da Computação,7,Bac Ciência Da Computação,Meier,Rio De Janeiro,RJ,23-25,S,2026-08
ALU_427cce0a1a,Design,3,Bacharelado Em Design,Barra Da Tijuca,Rio De Janeiro,RJ,,S,2026-08
ALU_9cb2f68cfd,Estudos De Mídia,3,Bacharelado Estudos De Mídia,Barra Da Tijuca,Rio De Janeiro,RJ,23-25,S,2026-08
ALU_3356491a9d,Psicologia,1,Bacharelado Em Psicologia,Gávea,Rio De Janeiro,RJ,<=19,S,2026-08
ALU_c4257f9d68,Engenharia,5,Bac Em Engenharia De Produção,Lagoa,Rio De Janeiro,RJ,,S,2026-08
ALU_141f0b2531,Administração,4,Bacharelado Em Administração,Leblon,Rio De Janeiro,RJ,,S,2026-08
ALU_06e103102c,Administração,3,Bacharelado Em Administração,Gavea,Rio De Janeiro,RJ,20-22,S,2026-08
ALU_7f21e1fddd,Administração,3,Bacharelado Em Administração,Gavea,Rio De Janeiro,RJ,,S,2026-08
ALU_bb2910073a,Psicologia,6,Bacharelado Em Psicologia,Barra Da Tijuca,Rio De Janeiro,RJ,26-30,S,2026-08
ALU_252a254a7e,Direito,13,Bacharelado Em Direito,Barra Da Tijuca,Rio De Janeiro,RJ,23-25,S,2026-08
ALU_2b7829e949,Neurociências,3,Bacharelado Em Neurociências,Barra Da Tijuca,Rio De Janeiro,RJ,20-22,S,2026-08
ALU_34210c45c0,Ciência Da Computação,1,Bac Ciência Da Computação,Rocinha,Rio De Janeiro,RJ,20-22,S,2026-08
ALU_0153a42852,Administração,1,Bacharelado Em Administração,Leblon,Rio De Janeiro,RJ,,S,2026-08
ALU_09f10c8fdb,Estudos De Mídia,7,Bacharelado Estudos De Mídia,Jardim Guanabara,Rio De Janeiro,RJ,,S,2026-08
ALU_0b216115af,Psicologia,2,Bacharelado Em Psicologia,Leblon,Rio De Janeiro,RJ,,S,2026-08
ALU_0bb2e54d93,Estudos De Mídia,1,Bacharelado Estudos De Mídia,Jardim América,Belford Roxo,RJ,20-22,S,2026-08
ALU_cb2a898a50,Design,7,Bacharelado Em Design,Icarai,Niteroi,RJ,20-22,S,2026-08
ALU_84af2c67db,Direito,6,Bacharelado Em Direito,Jacarepagua,Rio De Janeiro,RJ,20-22,S,2026-08
ALU_a832410ee1,Engenharia,1,Bac Engenharia De Computação,Maré,Rio De Janeiro,RJ,26-30,S,2026-08
ALU_e4fc307ed1,Direito,16,Bacharelado Em Direito,Todos Os Santos,Rio De Janeiro,RJ,30+,S,2026-08
ALU_6b3ab0e8be,S/E - Sem Especificacao,1,,,La Rochelle,RJ,,S,2026-08
ALU_bd353b130f,Pedagogia,9,Sem Especificação,Austin,Nova Iguacu,RJ,,S,2026-08
ALU_0fc448fe0a,Direito,9,Bacharelado Em Direito,Leblon,Rio De Janeiro,RJ,,S,2026-08
ALU_2d7ab8589b,Ciência Da Computação,3,Bac Ciência Da Computação,Barra Da Tijuca,Rio De Janeiro,RJ,,S,2026-08
ALU_f0aba7430d,Design,6,Bacharelado Em Design,Redentor,Belford Roxo,RJ,23-25,S,2026-08
ALU_337af7b050,Direito,3,Bacharelado Em Direito,Copacabana,Rio De Janeiro,RJ,,S,2026-08
ALU_74adc5b8d9,Direito,6,Bacharelado Em Direito,Portuguesa,Rio De Janeiro,RJ,20-22,S,2026-08
ALU_6b9a6942a4,Engenharia,3,Bac Em Engenharia De Produção,Barra Da Tijuca,Rio De Janeiro,RJ,,S,2026-08
ALU_92da861182,Direito,3,Bacharelado Em Direito,Copacabana,Rio De Janeiro,RJ,20-22,S,2026-08
ALU_2d72e9fc06,Ciências Econômicas,5,Bac Em Ciências Econômicas,Leblon,Rio De Janeiro,RJ,20-22,S,2026-08
ALU_fbe40eb6d0,Psicologia,2,Bacharelado Em Psicologia,Vargem Grande,Rio De Janeiro,RJ,,S,2026-08
ALU_eb2fdac71c,Engenharia,4,Bac Em Engenharia De Produção,Barra Da Tijuca,Rio De Janeiro,RJ,,S,2026-08
