vaga_id,curso
VAGA_abbf3a351e,ADMINISTRAÇÃO
VAGA_abbf3a351e,COMUNICAÇÃO SOCIAL
VAGA_abbf3a351e,ESTUDOS DE MÍDIA
VAGA_abbf3a351e,PUBLICIDADE E PROPAGANDA
VAGA_167dce28be,CIÊNCIA DA COMPUTAÇÃO
VAGA_167dce28be,ENGENHARIA DE COMPUTAÇÃO
VAGA_167dce28be,ENGENHARIA ELÉTRICA
VAGA_167dce28be,SISTEMAS DE INFORMAÇÃO
VAGA_c6949b5209,ADMINISTRAÇÃO
VAGA_c6949b5209,TECNOLOGO EM GESTAO FINANCEIRA
VAGA_d5a21a635c,DIREITO
VAGA_fb4972eb61,ENGENHARIA CIVIL
VAGA_626ce21491,CIÊNCIA DA COMPUTAÇÃO
VAGA_626ce21491,ENGENHARIA DE COMPUTAÇÃO
VAGA_626ce21491,ENGENHARIA ELÉTRICA
VAGA_626ce21491,SISTEMAS DE INFORMAÇÃO
VAGA_dedb16bbe6,ADMINISTRAÇÃO
VAGA_dedb16bbe6,COMUNICAÇÃO SOCIAL
VAGA_dedb16bbe6,ESTUDOS DE MÍDIA
VAGA_dedb16bbe6,PUBLICIDADE E PROPAGANDA
VAGA_8836ae43a7,ENGENHARIA DE PRODUÇÃO MECÂNICA
VAGA_4999317e1a,PEDAGOGIA
VAGA_89025c7d70,ARQUITETURA E URBANISMO
VAGA_0c19f1d991,ADMINISTRAÇÃO
VAGA_0c19f1d991,TECNOLOGO EM GESTAO FINANCEIRA
VAGA_a9213b545a,ADMINISTRAÇÃO
VAGA_a9213b545a,TECNOLOGO EM GESTAO FINANCEIRA
VAGA_1187111dd7,ARQUITETURA E URBANISMO
VAGA_4c5227338d,CIÊNCIA DA COMPUTAÇÃO
VAGA_4c5227338d,ENGENHARIA DE COMPUTAÇÃO
VAGA_4c5227338d,ENGENHARIA ELÉTRICA
VAGA_4c5227338d,SISTEMAS DE INFORMAÇÃO
VAGA_fc7e405f47,ADMINISTRAÇÃO
VAGA_8a268f5727,ADMINISTRAÇÃO
VAGA_8a268f5727,TECNOLOGO EM GESTAO FINANCEIRA
VAGA_efa52f92f1,ADMINISTRAÇÃO
VAGA_efa52f92f1,TECNOLOGO EM GESTAO FINANCEIRA
VAGA_a53b608ea2,ENGENHARIA DE MATERIAIS
VAGA_a53b608ea2,ENGENHARIA DE PRODUÇÃO
VAGA_a53b608ea2,ENGENHARIA DE PRODUÇÃO CIVIL
VAGA_a53b608ea2,ENGENHARIA DE PRODUÇÃO ELÉTRICA
VAGA_a53b608ea2,ENGENHARIA DE PRODUÇÃO MECÂNICA
VAGA_a53b608ea2,ENGENHARIA DE PRODUÇÃO METALÚRGICA
VAGA_a53b608ea2,ENGENHARIA DE PRODUÇÃO QUÍMICA
VAGA_a53b608ea2,ENGENHARIA QUÍMICA
VAGA_61c895283e,PEDAGOGIA
VAGA_43375a5e74,DIREITO
VAGA_c9c016a7c6,ADMINISTRAÇÃO
VAGA_c9c016a7c6,TECNOLOGO EM GESTAO FINANCEIRA
VAGA_acdb0abf3e,PEDAGOGIA
VAGA_cd425564a1,ARQUITETURA E URBANISMO
VAGA_e294d74783,JORNALISMO
VAGA_e294d74783,MÍDIA DIGITAL
VAGA_e294d74783,PUBLICIDADE E PROPAGANDA
VAGA_f6ca185ca0,ENGENHARIA MECÂNICA
VAGA_10a1351d03,PUBLICIDADE E PROPAGANDA
VAGA_d42343ee46,ENGENHARIA ELÉTRICA
VAGA_e8677d03c5,ARQUITETURA E URBANISMO
VAGA_bf0710e930,ADMINISTRAÇÃO
VAGA_bf0710e930,TECNOLOGO EM GESTAO FINANCEIRA
VAGA_542fee7b76,NUTRIÇÃO
VAGA_59c1101cfa,PEDAGOGIA
VAGA_171230ab27,ARQUITETURA E URBANISMO
VAGA_891d2f64b0,ADMINISTRAÇÃO
VAGA_891d2f64b0,TECNOLOGO EM GESTAO FINANCEIRA
VAGA_41d7f6a2e6,ADMINISTRAÇÃO
VAGA_41d7f6a2e6,TECNOLOGO EM GESTAO FINANCEIRA
VAGA_2dc7db6a74,DIREITO
VAGA_0b82cd21ed,ENGENHARIA DE PRODUÇÃO
VAGA_0b82cd21ed,ENGENHARIA DE PRODUÇÃO CIVIL
VAGA_0b82cd21ed,ENGENHARIA DE PRODUÇÃO ELÉTRICA
VAGA_0b82cd21ed,ENGENHARIA DE PRODUÇÃO MECÂNICA
VAGA_0b82cd21ed,ENGENHARIA DE PRODUÇÃO METALÚRGICA
VAGA_0b82cd21ed,ENGENHARIA DE PRODUÇÃO QUÍMICA
VAGA_94c06dece7,ADMINISTRAÇÃO
VAGA_94c06dece7,TECNOLOGO EM GESTAO FINANCEIRA
VAGA_a4df299177,CINEMA
VAGA_a4df299177,COMUNICAÇÃO SOCIAL
VAGA_a4df299177,ESTUDOS DE MÍDIA
VAGA_a4df299177,JORNALISMO
VAGA_a4df299177,PUBLICIDADE E PROPAGANDA
VAGA_e0f0dcd69f,DIREITO
VAGA_6a2c863e33,PEDAGOGIA
VAGA_352da72aa8,CIÊNCIA DA COMPUTAÇÃO
VAGA_352da72aa8,ENGENHARIA DE COMPUTAÇÃO
VAGA_352da72aa8,ENGENHARIA ELÉTRICA
VAGA_352da72aa8,SISTEMAS DE INFORMAÇÃO
VAGA_953ac0afc5,ADMINISTRAÇÃO
VAGA_953ac0afc5,ECONOMIA
VAGA_953ac0afc5,ENGENHARIA DE PRODUÇÃO
VAGA_9c56e0ce91,DIREITO
VAGA_46db7e0bb8,ADMINISTRAÇÃO
VAGA_46db7e0bb8,ECONOMIA
VAGA_46db7e0bb8,TECNOLOGO EM GESTAO FINANCEIRA
VAGA_c084200350,DIREITO
VAGA_c4a89427fc,ADMINISTRAÇÃO
VAGA_c4a89427fc,TECNOLOGO EM GESTAO FINANCEIRA
VAGA_564de8b259,DIREITO
VAGA_ec8e112ee5,CIÊNCIAS SOCIAIS
VAGA_ec8e112ee5,SERVIÇO SOCIAL
VAGA_f63594cf17,ADMINISTRAÇÃO
VAGA_f63594cf17,TECNOLOGO EM GESTAO FINANCEIRA
VAGA_6059f13819,PEDAGOGIA
VAGA_f215f66ec5,CIÊNCIA DA COMPUTAÇÃO
VAGA_f215f66ec5,ENGENHARIA DE COMPUTAÇÃO
VAGA_f215f66ec5,ENGENHARIA ELÉTRICA
VAGA_f215f66ec5,SISTEMAS DE INFORMAÇÃO
VAGA_a6034266b7,ADMINISTRAÇÃO
VAGA_a6034266b7,COMUNICAÇÃO SOCIAL
VAGA_a6034266b7,ESTUDOS DE MÍDIA
VAGA_a6034266b7,PUBLICIDADE E PROPAGANDA
VAGA_3421319cf5,ADMINISTRAÇÃO
VAGA_3421319cf5,TECNOLOGO EM GESTAO FINANCEIRA
VAGA_fbfe1ef57e,PEDAGOGIA
VAGA_f7918c8c60,ADMINISTRAÇÃO
VAGA_f7918c8c60,TECNOLOGO EM GESTAO FINANCEIRA
VAGA_a6635eb5aa,ADMINISTRAÇÃO
VAGA_a6635eb5aa,TECNOLOGO EM GESTAO FINANCEIRA
VAGA_53ee4c5521,ADMINISTRAÇÃO
VAGA_53ee4c5521,TECNOLOGO EM GESTAO FINANCEIRA
VAGA_c9e9519a89,ENGENHARIA DE PRODUÇÃO QUÍMICA
VAGA_c9e9519a89,ENGENHARIA QUÍMICA
VAGA_c9e9519a89,QUÍMICA
VAGA_c9e9519a89,QUÍMICA INDUSTRIAL
VAGA_87594f169f,ADMINISTRAÇÃO
VAGA_87594f169f,TECNOLOGO EM GESTAO FINANCEIRA
VAGA_eba3be9472,PEDAGOGIA
VAGA_bc2d321f72,ADMINISTRAÇÃO
VAGA_bc2d321f72,TECNOLOGO EM GESTAO FINANCEIRA
VAGA_0a7e3f5788,ADMINISTRAÇÃO
VAGA_0a7e3f5788,COMUNICAÇÃO SOCIAL
VAGA_0a7e3f5788,ESTUDOS DE MÍDIA
VAGA_0a7e3f5788,PUBLICIDADE E PROPAGANDA
VAGA_296ddc72a5,ADMINISTRAÇÃO
VAGA_296ddc72a5,TECNOLOGO EM GESTAO FINANCEIRA
VAGA_4bb9361225,DIREITO
VAGA_3a35bf1d1c,PEDAGOGIA
VAGA_e63d736150,ENGENHARIA DE PRODUÇÃO
VAGA_e63d736150,ENGENHARIA DE PRODUÇÃO CIVIL
VAGA_e63d736150,ENGENHARIA DE PRODUÇÃO ELÉTRICA
VAGA_e63d736150,ENGENHARIA DE PRODUÇÃO MECÂNICA
VAGA_e63d736150,ENGENHARIA DE PRODUÇÃO METALÚRGICA
VAGA_e63d736150,ENGENHARIA DE PRODUÇÃO QUÍMICA
VAGA_261c6f4bc3,ADMINISTRAÇÃO
VAGA_261c6f4bc3,TECNOLOGO EM GESTAO FINANCEIRA
VAGA_c7e003fbd7,ADMINISTRAÇÃO
VAGA_c7e003fbd7,TECNOLOGO EM GESTAO FINANCEIRA
VAGA_45ce01d14f,PEDAGOGIA
VAGA_711f9cbcd8,PEDAGOGIA
VAGA_bdef7c3e80,ENGENHARIA CIVIL
VAGA_bdcb240ba1,ENGENHARIA CIVIL
VAGA_3cbeb4f598,ADMINISTRAÇÃO
VAGA_3cbeb4f598,TECNOLOGO EM GESTAO FINANCEIRA
VAGA_2beb9125ca,ENGENHARIA ELÉTRICA
VAGA_edfad06761,ENGENHARIA CIVIL
VAGA_671abb0d9e,DIREITO
VAGA_1699c6faec,ADMINISTRAÇÃO
VAGA_1699c6faec,TECNOLOGO EM GESTAO FINANCEIRA
VAGA_49b2cfd54e,PEDAGOGIA
VAGA_d36d2b027e,PEDAGOGIA
VAGA_87d91edf8a,CIÊNCIA DA COMPUTAÇÃO
VAGA_87d91edf8a,ENGENHARIA DE COMPUTAÇÃO
VAGA_87d91edf8a,ENGENHARIA ELÉTRICA
VAGA_87d91edf8a,SISTEMAS DE INFORMAÇÃO
VAGA_3b9957e1b3,ADMINISTRAÇÃO
VAGA_3b9957e1b3,TECNOLOGO EM GESTAO FINANCEIRA
VAGA_28d4192a33,ADMINISTRAÇÃO
VAGA_28d4192a33,TECNOLOGO EM GESTAO FINANCEIRA
VAGA_43165a16c5,ADMINISTRAÇÃO
VAGA_43165a16c5,TECNOLOGO EM GESTAO FINANCEIRA
VAGA_94ab02f895,CIÊNCIA DA COMPUTAÇÃO
VAGA_94ab02f895,ENGENHARIA DE COMPUTAÇÃO
VAGA_94ab02f895,ENGENHARIA ELÉTRICA
VAGA_94ab02f895,SISTEMAS DE INFORMAÇÃO
VAGA_d656dbd286,ADMINISTRAÇÃO
VAGA_d656dbd286,TECNOLOGO EM GESTAO FINANCEIRA
VAGA_6e4f73b735,ADMINISTRAÇÃO
VAGA_6e4f73b735,TECNOLOGO EM GESTAO FINANCEIRA
VAGA_9b2c0cc03a,ENGENHARIA CIVIL
VAGA_e2f4df14e0,COMUNICAÇÃO VISUAL
VAGA_e2f4df14e0,DESIGN
VAGA_e2f4df14e0,MÍDIA DIGITAL
VAGA_e2f4df14e0,MODA
VAGA_e2f4df14e0,PROJETO DE PRODUTO
VAGA_4a6881aabd,DIREITO
VAGA_eb76e84ef6,ENGENHARIA AMBIENTAL
VAGA_d6a319bcd6,QUÍMICA
VAGA_31f50fca62,ENGENHARIA DE PRODUÇÃO MECÂNICA
VAGA_dad4fa3fe6,DIREITO
VAGA_87b51a714a,ADMINISTRAÇÃO
VAGA_87b51a714a,TECNOLOGO EM GESTAO FINANCEIRA
VAGA_ac43fd81f5,ADMINISTRAÇÃO
VAGA_ac43fd81f5,COMUNICAÇÃO SOCIAL
VAGA_ac43fd81f5,ESTUDOS DE MÍDIA
VAGA_ac43fd81f5,PUBLICIDADE E PROPAGANDA
VAGA_f28190eead,CINEMA
VAGA_f28190eead,COMUNICAÇÃO SOCIAL
VAGA_f28190eead,ESTUDOS DE MÍDIA
VAGA_f28190eead,JORNALISMO
VAGA_f28190eead,PUBLICIDADE E PROPAGANDA
VAGA_4a086acb91,ARQUITETURA E URBANISMO
VAGA_baafed007a,ADMINISTRAÇÃO
VAGA_baafed007a,TECNOLOGO EM GESTAO FINANCEIRA
VAGA_c5ac481c45,ADMINISTRAÇÃO
VAGA_c5ac481c45,DIREITO
VAGA_c5ac481c45,ECONOMIA
VAGA_c5ac481c45,ENGENHARIA CIVIL
VAGA_c5ac481c45,ENGENHARIA DE CONTROLE E AUTOMAÇÃO
VAGA_c5ac481c45,ENGENHARIA DE MATERIAIS
VAGA_c5ac481c45,ENGENHARIA DE PRODUÇÃO
VAGA_c5ac481c45,ENGENHARIA DE PRODUÇÃO CIVIL
VAGA_fed51ed9e7,DIREITO
VAGA_e209c927ac,PEDAGOGIA
VAGA_b01b014de8,ADMINISTRAÇÃO
VAGA_b01b014de8,TECNOLOGO EM GESTAO FINANCEIRA
VAGA_d754654f09,ADMINISTRAÇÃO
VAGA_d754654f09,TECNOLOGO EM GESTAO FINANCEIRA
VAGA_02e41d7b2c,DIREITO
VAGA_817aab2c7e,CIÊNCIA DA COMPUTAÇÃO
VAGA_817aab2c7e,ENGENHARIA DE COMPUTAÇÃO
VAGA_817aab2c7e,SISTEMAS DE INFORMAÇÃO
VAGA_e2bd0092ec,ADMINISTRAÇÃO
VAGA_e2bd0092ec,ARTES CENICAS
VAGA_b933e695a1,ADMINISTRAÇÃO
VAGA_b933e695a1,TECNOLOGO EM GESTAO FINANCEIRA
VAGA_a1619ae027,ADMINISTRAÇÃO
VAGA_a1619ae027,TECNOLOGO EM GESTAO FINANCEIRA
VAGA_5341d6aa49,ADMINISTRAÇÃO
VAGA_5341d6aa49,TECNOLOGO EM GESTAO FINANCEIRA
VAGA_4f3e395f4f,ADMINISTRAÇÃO
VAGA_4f3e395f4f,TECNOLOGO EM GESTAO FINANCEIRA
VAGA_ca554b0835,ADMINISTRAÇÃO
VAGA_ca554b0835,TECNOLOGO EM GESTAO FINANCEIRA
VAGA_5b717edb55,ADMINISTRAÇÃO
VAGA_5b717edb55,TECNOLOGO EM GESTAO FINANCEIRA
VAGA_f13e3d88b1,ECONOMIA
VAGA_542bcbcb16,ADMINISTRAÇÃO
VAGA_542bcbcb16,TECNOLOGO EM GESTAO FINANCEIRA
VAGA_164ed38d6f,ADMINISTRAÇÃO
VAGA_164ed38d6f,DIREITO
VAGA_164ed38d6f,ECONOMIA
VAGA_164ed38d6f,ENGENHARIA DE PRODUÇÃO
VAGA_0cad630e9e,ADMINISTRAÇÃO
VAGA_0cad630e9e,TECNOLOGO EM GESTAO FINANCEIRA
VAGA_f4b0fe3590,DIREITO
VAGA_99c7b9293d,DIREITO
VAGA_64bd83d5dc,ECONOMIA
VAGA_e5a95f941f,CIÊNCIA DA COMPUTAÇÃO
VAGA_e5a95f941f,ENGENHARIA DE COMPUTAÇÃO
VAGA_e5a95f941f,ENGENHARIA ELÉTRICA
VAGA_e5a95f941f,SISTEMAS DE INFORMAÇÃO
VAGA_2f1c596355,ADMINISTRAÇÃO
VAGA_2f1c596355,TECNOLOGO EM GESTAO FINANCEIRA
VAGA_e4dc2fef60,CIÊNCIA DA COMPUTAÇÃO
VAGA_e4dc2fef60,ENGENHARIA DE COMPUTAÇÃO
VAGA_e4dc2fef60,ENGENHARIA ELÉTRICA
VAGA_e4dc2fef60,SISTEMAS DE INFORMAÇÃO
VAGA_1e51c19553,ECONOMIA
VAGA_aceb8cb005,ADMINISTRAÇÃO
VAGA_aceb8cb005,TECNOLOGO EM GESTAO FINANCEIRA
VAGA_2ea3cf76ad,ADMINISTRAÇÃO
VAGA_2ea3cf76ad,TECNOLOGO EM GESTAO FINANCEIRA
VAGA_c14bbe6560,ECONOMIA
VAGA_c26b9546ec,ENGENHARIA AMBIENTAL
VAGA_3e167e3b74,CINEMA
VAGA_3e167e3b74,DIREITO
VAGA_108b6ed843,ADMINISTRAÇÃO
VAGA_108b6ed843,TECNOLOGO EM GESTAO FINANCEIRA
VAGA_0e968e6989,ADMINISTRAÇÃO
VAGA_0e968e6989,TECNOLOGO EM GESTAO FINANCEIRA
VAGA_75e161781a,PEDAGOGIA
VAGA_63f5f501cc,ADMINISTRAÇÃO
VAGA_63f5f501cc,TECNOLOGO EM GESTAO FINANCEIRA
VAGA_26dc8985c7,DIREITO
VAGA_f20c233989,ADMINISTRAÇÃO
VAGA_f20c233989,TECNOLOGO EM GESTAO FINANCEIRA
VAGA_1bc0c7461a,PSICOLOGIA
VAGA_35476431b0,ADMINISTRAÇÃO
VAGA_35476431b0,RELAÇÕES INTERNACIONAIS
VAGA_8f2a24ff74,ADMINISTRAÇÃO
VAGA_8f2a24ff74,TECNOLOGO EM GESTAO FINANCEIRA
VAGA_1e637c1b92,ENGENHARIA CIVIL
VAGA_81284022e9,ADMINISTRAÇÃO
VAGA_81284022e9,TECNOLOGO EM GESTAO FINANCEIRA
VAGA_c6770dc609,ADMINISTRAÇÃO
VAGA_c6770dc609,TECNOLOGO EM GESTAO FINANCEIRA
VAGA_64ff6d8013,ADMINISTRAÇÃO
VAGA_64ff6d8013,TECNOLOGO EM GESTAO FINANCEIRA
VAGA_a3a0f9c986,ADMINISTRAÇÃO
VAGA_a3a0f9c986,TECNOLOGO EM GESTAO FINANCEIRA
VAGA_846ccf0834,PSICOLOGIA
VAGA_f20b93fad8,COMUNICAÇÃO VISUAL
VAGA_f20b93fad8,DESIGN
VAGA_f20b93fad8,MÍDIA DIGITAL
VAGA_f20b93fad8,MODA
VAGA_f20b93fad8,PROJETO DE PRODUTO
VAGA_499a98a6ef,DIREITO
VAGA_d12e6f26f7,ENGENHARIA CIVIL
VAGA_47cc66afb8,DIREITO
VAGA_bc41b91ff6,ADMINISTRAÇÃO
VAGA_bc41b91ff6,COMUNICAÇÃO SOCIAL
VAGA_bc41b91ff6,ESTUDOS DE MÍDIA
VAGA_bc41b91ff6,PUBLICIDADE E PROPAGANDA
VAGA_afce8150b7,ADMINISTRAÇÃO
VAGA_afce8150b7,TECNOLOGO EM GESTAO FINANCEIRA
VAGA_ffc1ab8152,ECONOMIA
VAGA_38e5a99104,COMUNICAÇÃO SOCIAL
VAGA_38e5a99104,COMUNICAÇÃO VISUAL
VAGA_38e5a99104,DESIGN
VAGA_38e5a99104,ESTUDOS DE MÍDIA
VAGA_38e5a99104,MÍDIA DIGITAL
VAGA_38e5a99104,PUBLICIDADE E PROPAGANDA
VAGA_45418cb92d,ADMINISTRAÇÃO
VAGA_45418cb92d,TECNOLOGO EM GESTAO FINANCEIRA
VAGA_3b67411e96,ADMINISTRAÇÃO
VAGA_3b67411e96,TECNOLOGO EM GESTAO FINANCEIRA
VAGA_9e80f7b11b,CIÊNCIA DA COMPUTAÇÃO
VAGA_9e80f7b11b,ENGENHARIA DE COMPUTAÇÃO
VAGA_9e80f7b11b,ENGENHARIA ELÉTRICA
VAGA_9e80f7b11b,SISTEMAS DE INFORMAÇÃO
VAGA_9b2488cad6,CIÊNCIA DA COMPUTAÇÃO
VAGA_9b2488cad6,ENGENHARIA DE COMPUTAÇÃO
VAGA_9b2488cad6,ENGENHARIA ELÉTRICA
VAGA_9b2488cad6,SISTEMAS DE INFORMAÇÃO
VAGA_a5d14ec724,DIREITO
VAGA_fbc3985779,DIREITO
VAGA_d3b85f778a,NUTRIÇÃO
VAGA_475bf08f5a,ADMINISTRAÇÃO
VAGA_475bf08f5a,TECNOLOGO EM GESTAO FINANCEIRA
VAGA_f4fc15b59f,ENGENHARIA DE PRODUÇÃO
VAGA_f4fc15b59f,ENGENHARIA DE PRODUÇÃO CIVIL
VAGA_f4fc15b59f,ENGENHARIA DE PRODUÇÃO ELÉTRICA
VAGA_f4fc15b59f,ENGENHARIA DE PRODUÇÃO MECÂNICA
VAGA_f4fc15b59f,ENGENHARIA DE PRODUÇÃO METALÚRGICA
VAGA_f4fc15b59f,ENGENHARIA DE PRODUÇÃO QUÍMICA
VAGA_a004cf7324,PEDAGOGIA
VAGA_3daedc5b35,CINEMA
VAGA_3daedc5b35,COMUNICAÇÃO SOCIAL
VAGA_3daedc5b35,ESTUDOS DE MÍDIA
VAGA_3daedc5b35,JORNALISMO
VAGA_3daedc5b35,PUBLICIDADE E PROPAGANDA
VAGA_6d61273012,CIÊNCIA DA COMPUTAÇÃO
VAGA_6d61273012,ENGENHARIA DE COMPUTAÇÃO
VAGA_6d61273012,ENGENHARIA ELÉTRICA
VAGA_6d61273012,SISTEMAS DE INFORMAÇÃO
VAGA_63381abeb6,PEDAGOGIA
VAGA_4dcf54104d,ADMINISTRAÇÃO
VAGA_4dcf54104d,TECNOLOGO EM GESTAO FINANCEIRA
VAGA_02273b4a2d,ADMINISTRAÇÃO
VAGA_02273b4a2d,TECNOLOGO EM GESTAO FINANCEIRA
VAGA_72a611038e,ADMINISTRAÇÃO
VAGA_72a611038e,TECNOLOGO EM GESTAO FINANCEIRA
VAGA_cc4ac36aac,ADMINISTRAÇÃO
VAGA_cc4ac36aac,TECNOLOGO EM GESTAO FINANCEIRA
VAGA_04ac72af59,ADMINISTRAÇÃO
VAGA_04ac72af59,TECNOLOGO EM GESTAO FINANCEIRA
VAGA_ca87ba83c6,DIREITO
VAGA_1d1ae0b5e3,ADMINISTRAÇÃO
VAGA_1d1ae0b5e3,ECONOMIA
VAGA_b7db621e4e,PEDAGOGIA
VAGA_61f184fb1d,ADMINISTRAÇÃO
VAGA_61f184fb1d,TECNOLOGO EM GESTAO FINANCEIRA
VAGA_4fe439f2a8,ADMINISTRAÇÃO
VAGA_4fe439f2a8,TECNOLOGO EM GESTAO FINANCEIRA
VAGA_e04d8a04a9,ENGENHARIA DE PRODUÇÃO
VAGA_e04d8a04a9,ENGENHARIA DE PRODUÇÃO CIVIL
VAGA_e04d8a04a9,ENGENHARIA DE PRODUÇÃO ELÉTRICA
VAGA_e04d8a04a9,ENGENHARIA DE PRODUÇÃO MECÂNICA
VAGA_e04d8a04a9,ENGENHARIA DE PRODUÇÃO METALÚRGICA
VAGA_e04d8a04a9,ENGENHARIA DE PRODUÇÃO QUÍMICA
VAGA_0d18705ec8,ARQUITETURA E URBANISMO
VAGA_0d18705ec8,ENGENHARIA CIVIL
VAGA_c255eb3318,DIREITO
VAGA_5ebbd4c325,CIÊNCIA DA COMPUTAÇÃO
VAGA_5ebbd4c325,ENGENHARIA DE COMPUTAÇÃO
VAGA_5ebbd4c325,ENGENHARIA ELÉTRICA
VAGA_5ebbd4c325,SISTEMAS DE INFORMAÇÃO
VAGA_f34b0d6d2a,ADMINISTRAÇÃO
VAGA_f34b0d6d2a,TECNOLOGO EM GESTAO FINANCEIRA
VAGA_4eab878a21,DIREITO
VAGA_327cde4e60,ENGENHARIA DE PRODUÇÃO MECÂNICA
VAGA_06eac2eaae,ADMINISTRAÇÃO
VAGA_06eac2eaae,TECNOLOGO EM GESTAO FINANCEIRA
VAGA_ba539d33ea,DIREITO
VAGA_a779559c10,ADMINISTRAÇÃO
VAGA_a779559c10,TECNOLOGO EM GESTAO FINANCEIRA
VAGA_ed1fda49b1,ADMINISTRAÇÃO
VAGA_ed1fda49b1,TECNOLOGO EM GESTAO FINANCEIRA
VAGA_b038a63fc6,ADMINISTRAÇÃO
VAGA_b038a63fc6,TECNOLOGO EM GESTAO FINANCEIRA
VAGA_55dc1c6767,ADMINISTRAÇÃO
VAGA_55dc1c6767,TECNOLOGO EM GESTAO FINANCEIRA
VAGA_e932f3200b,ENGENHARIA CIVIL
VAGA_3782d70eef,COMUNICAÇÃO SOCIAL
VAGA_3782d70eef,COMUNICAÇÃO VISUAL
VAGA_3782d70eef,JORNALISMO
VAGA_8d9ea9b1dc,PEDAGOGIA
VAGA_10d80e3509,ADMINISTRAÇÃO
VAGA_10d80e3509,TECNOLOGO EM GESTAO FINANCEIRA
VAGA_908d61ae8a,ADMINISTRAÇÃO
VAGA_908d61ae8a,TECNOLOGO EM GESTAO FINANCEIRA
VAGA_d895acfff5,DIREITO
VAGA_b17803da3d,ADMINISTRAÇÃO
VAGA_9eafd72b54,JORNALISMO
VAGA_c29eb5acb7,ADMINISTRAÇÃO
VAGA_c29eb5acb7,ENGENHARIA DE PRODUÇÃO
VAGA_2098e12bc3,ENGENHARIA CIVIL
VAGA_b893ddde09,ADMINISTRAÇÃO
VAGA_b893ddde09,TECNOLOGO EM GESTAO FINANCEIRA
VAGA_e1fad401d5,DIREITO
VAGA_808f33b35c,ADMINISTRAÇÃO
VAGA_808f33b35c,TECNOLOGO EM GESTAO FINANCEIRA
VAGA_96872ac5f7,ADMINISTRAÇÃO
VAGA_96872ac5f7,DESIGN
VAGA_96872ac5f7,PUBLICIDADE E PROPAGANDA
VAGA_4a812d78bd,ADMINISTRAÇÃO
VAGA_4a812d78bd,TECNOLOGO EM GESTAO FINANCEIRA
VAGA_ecc4f8935b,RELAÇÕES INTERNACIONAIS
VAGA_0cdf0a6443,ADMINISTRAÇÃO
VAGA_0cdf0a6443,TECNOLOGO EM GESTAO FINANCEIRA
VAGA_31460f3102,ENGENHARIA CIVIL
VAGA_723fae4c3b,ADMINISTRAÇÃO
VAGA_723fae4c3b,TECNOLOGO EM GESTAO FINANCEIRA
VAGA_992f6bed41,ADMINISTRAÇÃO
VAGA_992f6bed41,TECNOLOGO EM GESTAO FINANCEIRA
VAGA_091cdcfbe0,ADMINISTRAÇÃO
VAGA_091cdcfbe0,TECNOLOGO EM GESTAO FINANCEIRA
VAGA_36db2da6a3,COMUNICAÇÃO SOCIAL
VAGA_536dc58f9f,ADMINISTRAÇÃO
VAGA_536dc58f9f,TECNOLOGO EM GESTAO FINANCEIRA
VAGA_3e08175dce,ADMINISTRAÇÃO
VAGA_3e08175dce,TECNOLOGO EM GESTAO FINANCEIRA
VAGA_43a5b8355c,ADMINISTRAÇÃO
VAGA_43a5b8355c,TECNOLOGO EM GESTAO FINANCEIRA
VAGA_c2c8f0757a,ADMINISTRAÇÃO
VAGA_c2c8f0757a,TECNOLOGO EM GESTAO FINANCEIRA
VAGA_a28ae79bef,ENGENHARIA DE PRODUÇÃO QUÍMICA
VAGA_a28ae79bef,ENGENHARIA QUÍMICA
VAGA_a28ae79bef,QUÍMICA
VAGA_a28ae79bef,QUÍMICA INDUSTRIAL
VAGA_480293e0b9,DIREITO
VAGA_892f77951b,ADMINISTRAÇÃO
VAGA_892f77951b,TECNOLOGO EM GESTAO FINANCEIRA
VAGA_5e47fe49b9,ARQUITETURA E URBANISMO
VAGA_02b6b69b45,CINEMA
VAGA_02b6b69b45,COMUNICAÇÃO SOCIAL
VAGA_02b6b69b45,ESTUDOS DE MÍDIA
VAGA_02b6b69b45,JORNALISMO
VAGA_02b6b69b45,PUBLICIDADE E PROPAGANDA
VAGA_0638ef64fb,ADMINISTRAÇÃO
VAGA_0638ef64fb,TECNOLOGO EM GESTAO FINANCEIRA
VAGA_7ea39a80ce,ENGENHARIA CIVIL
VAGA_5ad2f2b538,ADMINISTRAÇÃO
VAGA_5ad2f2b538,TECNOLOGO EM GESTAO FINANCEIRA
VAGA_c7befe3bb0,CINEMA
VAGA_c7befe3bb0,COMUNICAÇÃO SOCIAL
VAGA_c7befe3bb0,ESTUDOS DE MÍDIA
VAGA_c7befe3bb0,JORNALISMO
VAGA_c7befe3bb0,PUBLICIDADE E PROPAGANDA
VAGA_f73c52b75f,ADMINISTRAÇÃO
VAGA_f73c52b75f,TECNOLOGO EM GESTAO FINANCEIRA
VAGA_1ed9d29c68,ADMINISTRAÇÃO
VAGA_1ed9d29c68,TECNOLOGO EM GESTAO FINANCEIRA
VAGA_ede75d29a0,DIREITO
VAGA_ed9a0d5ede,CINEMA
VAGA_ed9a0d5ede,COMUNICAÇÃO SOCIAL
VAGA_ed9a0d5ede,ESTUDOS DE MÍDIA
VAGA_ed9a0d5ede,JORNALISMO
VAGA_ed9a0d5ede,PUBLICIDADE E PROPAGANDA
VAGA_59ba61413f,ADMINISTRAÇÃO
VAGA_59ba61413f,TECNOLOGO EM GESTAO FINANCEIRA
VAGA_3f82c9f224,ARQUITETURA E URBANISMO
VAGA_f1674dc15f,ENGENHARIA AMBIENTAL
VAGA_27225b384e,DIREITO
VAGA_ba66ea67ac,ARQUITETURA E URBANISMO
VAGA_40c809cf99,CIÊNCIAS SOCIAIS
VAGA_40c809cf99,SERVIÇO SOCIAL
VAGA_d95ad93d8b,ADMINISTRAÇÃO
VAGA_d95ad93d8b,TECNOLOGO EM GESTAO FINANCEIRA
VAGA_3bd616686d,DIREITO
VAGA_24931e4173,ADMINISTRAÇÃO
VAGA_24931e4173,ECONOMIA
VAGA_9d0352fde5,ADMINISTRAÇÃO
VAGA_c2dbbf3746,COMUNICAÇÃO SOCIAL
VAGA_c2dbbf3746,MÍDIA DIGITAL
VAGA_c2dbbf3746,PUBLICIDADE E PROPAGANDA
VAGA_7296defc5b,ADMINISTRAÇÃO
VAGA_7296defc5b,TECNOLOGO EM GESTAO FINANCEIRA
VAGA_9d4fa7ad15,ADMINISTRAÇÃO
VAGA_9d4fa7ad15,TECNOLOGO EM GESTAO FINANCEIRA
VAGA_0e839d4cc1,ADMINISTRAÇÃO
VAGA_0e839d4cc1,TECNOLOGO EM GESTAO FINANCEIRA
VAGA_7c101dfee7,ENGENHARIA CIVIL
VAGA_7126c7ded6,ADMINISTRAÇÃO
VAGA_7126c7ded6,TECNOLOGO EM GESTAO FINANCEIRA
VAGA_55c9c8eeb5,ADMINISTRAÇÃO
VAGA_55c9c8eeb5,ARTES CENICAS
VAGA_a074cbddea,ENGENHARIA CIVIL
VAGA_6fc7651865,ENGENHARIA DE PRODUÇÃO MECÂNICA
VAGA_1858bda1f0,ARQUITETURA E URBANISMO
VAGA_e274189781,ENGENHARIA DE PRODUÇÃO
VAGA_1beb749899,DIREITO
VAGA_bdcfc32d4f,ADMINISTRAÇÃO
VAGA_bdcfc32d4f,TECNOLOGO EM GESTAO FINANCEIRA
VAGA_2a0b53c78b,ADMINISTRAÇÃO
VAGA_2a0b53c78b,TECNOLOGO EM GESTAO FINANCEIRA
VAGA_f69fea7395,ADMINISTRAÇÃO
VAGA_f69fea7395,COMUNICAÇÃO SOCIAL
VAGA_f69fea7395,ESTUDOS DE MÍDIA
VAGA_f69fea7395,PUBLICIDADE E PROPAGANDA
VAGA_3356b48aae,ADMINISTRAÇÃO
VAGA_3356b48aae,TECNOLOGO EM GESTAO FINANCEIRA
VAGA_55802513d0,ENGENHARIA DE PRODUÇÃO MECÂNICA
VAGA_5cf3d3a59d,ADMINISTRAÇÃO
VAGA_5cf3d3a59d,ECONOMIA
VAGA_5cf3d3a59d,ENGENHARIA AMBIENTAL
VAGA_5cf3d3a59d,ENGENHARIA CIVIL
VAGA_5cf3d3a59d,ENGENHARIA DE COMPUTAÇÃO
VAGA_5cf3d3a59d,ENGENHARIA DE CONTROLE E AUTOMAÇÃO
VAGA_5cf3d3a59d,ENGENHARIA DE MATERIAIS
VAGA_5cf3d3a59d,ENGENHARIA DE PETRÓLEO
VAGA_5cf3d3a59d,ENGENHARIA DE PRODUÇÃO
VAGA_5cf3d3a59d,ENGENHARIA DE PRODUÇÃO CIVIL
VAGA_5cf3d3a59d,ENGENHARIA DE PRODUÇÃO ELÉTRICA
VAGA_5cf3d3a59d,ENGENHARIA DE PRODUÇÃO MECÂNICA
VAGA_5cf3d3a59d,ENGENHARIA DE PRODUÇÃO METALÚRGICA
VAGA_5cf3d3a59d,ENGENHARIA DE PRODUÇÃO QUÍMICA
VAGA_5cf3d3a59d,ENGENHARIA ELÉTRICA
VAGA_5cf3d3a59d,ENGENHARIA MECÂNICA
VAGA_5cf3d3a59d,ENGENHARIA METALÚRGICA
VAGA_5cf3d3a59d,ENGENHARIA QUÍMICA
VAGA_5cf3d3a59d,ESTUDOS DE MÍDIA
VAGA_5cf3d3a59d,MATEMÁTICA
VAGA_5cf3d3a59d,RELAÇÕES INTERNACIONAIS
VAGA_54fbc736d6,ADMINISTRAÇÃO
VAGA_54fbc736d6,CIÊNCIA DA COMPUTAÇÃO
VAGA_54fbc736d6,ECONOMIA
VAGA_54fbc736d6,ENGENHARIA AMBIENTAL
VAGA_54fbc736d6,ENGENHARIA CIVIL
VAGA_54fbc736d6,ENGENHARIA DE COMPUTAÇÃO
VAGA_54fbc736d6,ENGENHARIA DE CONTROLE E AUTOMAÇÃO
VAGA_54fbc736d6,ENGENHARIA DE MATERIAIS
VAGA_54fbc736d6,ENGENHARIA DE PETRÓLEO
VAGA_54fbc736d6,ENGENHARIA DE PRODUÇÃO
VAGA_54fbc736d6,ENGENHARIA DE PRODUÇÃO CIVIL
VAGA_54fbc736d6,ENGENHARIA DE PRODUÇÃO ELÉTRICA
VAGA_54fbc736d6,ENGENHARIA DE PRODUÇÃO MECÂNICA
VAGA_54fbc736d6,ENGENHARIA DE PRODUÇÃO METALÚRGICA
VAGA_54fbc736d6,ENGENHARIA DE PRODUÇÃO QUÍMICA
VAGA_54fbc736d6,ENGENHARIA ELÉTRICA
VAGA_54fbc736d6,ENGENHARIA MECÂNICA
VAGA_54fbc736d6,ENGENHARIA METALÚRGICA
VAGA_54fbc736d6,ENGENHARIA QUÍMICA
VAGA_54fbc736d6,ESTUDOS DE MÍDIA
VAGA_54fbc736d6,FÍSICA
VAGA_54fbc736d6,MATEMÁTICA
VAGA_54fbc736d6,SISTEMAS DE INFORMAÇÃO
VAGA_8434358e2a,CIÊNCIA DA COMPUTAÇÃO
VAGA_8434358e2a,ENGENHARIA AMBIENTAL
VAGA_8434358e2a,ENGENHARIA CIVIL
VAGA_8434358e2a,ENGENHARIA DE COMPUTAÇÃO
VAGA_8434358e2a,ENGENHARIA DE CONTROLE E AUTOMAÇÃO
VAGA_8434358e2a,ENGENHARIA DE MATERIAIS
VAGA_8434358e2a,ENGENHARIA DE PETRÓLEO
VAGA_8434358e2a,ENGENHARIA DE PRODUÇÃO
VAGA_8434358e2a,ENGENHARIA DE PRODUÇÃO CIVIL
VAGA_8434358e2a,ENGENHARIA DE PRODUÇÃO ELÉTRICA
VAGA_8434358e2a,ENGENHARIA DE PRODUÇÃO MECÂNICA
VAGA_8434358e2a,ENGENHARIA DE PRODUÇÃO METALÚRGICA
VAGA_8434358e2a,ENGENHARIA DE PRODUÇÃO QUÍMICA
VAGA_8434358e2a,ENGENHARIA ELÉTRICA
VAGA_8434358e2a,ENGENHARIA MECÂNICA
VAGA_8434358e2a,ENGENHARIA METALÚRGICA
VAGA_8434358e2a,ENGENHARIA QUÍMICA
VAGA_8434358e2a,SISTEMAS DE INFORMAÇÃO
VAGA_25d8cccfd5,ENGENHARIA CIVIL
VAGA_690b8ca1aa,ENGENHARIA DE PRODUÇÃO QUÍMICA
VAGA_690b8ca1aa,ENGENHARIA QUÍMICA
VAGA_690b8ca1aa,QUÍMICA
VAGA_690b8ca1aa,QUÍMICA INDUSTRIAL
VAGA_6582f27c8f,CINEMA
VAGA_6582f27c8f,COMUNICAÇÃO SOCIAL
VAGA_6582f27c8f,ESTUDOS DE MÍDIA
VAGA_6582f27c8f,JORNALISMO
VAGA_6582f27c8f,PUBLICIDADE E PROPAGANDA
VAGA_743a0bfd82,DIREITO
VAGA_e536c15968,ADMINISTRAÇÃO
VAGA_e536c15968,TECNOLOGO EM GESTAO FINANCEIRA
VAGA_e4c53195c3,ADMINISTRAÇÃO
VAGA_e4c53195c3,TECNOLOGO EM GESTAO FINANCEIRA
VAGA_f9d0e331db,DIREITO
VAGA_e09fb28255,ADMINISTRAÇÃO
VAGA_e09fb28255,COMUNICAÇÃO SOCIAL
VAGA_e09fb28255,ESTUDOS DE MÍDIA
VAGA_e09fb28255,PUBLICIDADE E PROPAGANDA
VAGA_c38f0643cf,PEDAGOGIA
VAGA_ff76d5784e,ADMINISTRAÇÃO
VAGA_ff76d5784e,TECNOLOGO EM GESTAO FINANCEIRA
VAGA_482a462c3e,CIÊNCIA DA COMPUTAÇÃO
VAGA_482a462c3e,ENGENHARIA DE COMPUTAÇÃO
VAGA_482a462c3e,ENGENHARIA ELÉTRICA
VAGA_482a462c3e,SISTEMAS DE INFORMAÇÃO
VAGA_b21ae54b48,ADMINISTRAÇÃO
VAGA_b21ae54b48,TECNOLOGO EM GESTAO FINANCEIRA
VAGA_a98613db87,ADMINISTRAÇÃO
VAGA_a98613db87,TECNOLOGO EM GESTAO FINANCEIRA
VAGA_350afb00f8,ENGENHARIA AMBIENTAL
VAGA_350afb00f8,ENGENHARIA CIVIL
VAGA_350afb00f8,ENGENHARIA MECÂNICA
VAGA_dd6447d60c,DIREITO
VAGA_367ad98f64,ADMINISTRAÇÃO
VAGA_367ad98f64,TECNOLOGO EM GESTAO FINANCEIRA
VAGA_285e3c4ee7,PEDAGOGIA
VAGA_a71978a9dc,DIREITO
VAGA_10699a9f50,ADMINISTRAÇÃO
VAGA_10699a9f50,TECNOLOGO EM GESTAO FINANCEIRA
VAGA_adf27007bf,ENGENHARIA DE PRODUÇÃO
VAGA_adf27007bf,ENGENHARIA DE PRODUÇÃO CIVIL
VAGA_adf27007bf,ENGENHARIA DE PRODUÇÃO ELÉTRICA
VAGA_adf27007bf,ENGENHARIA DE PRODUÇÃO MECÂNICA
VAGA_adf27007bf,ENGENHARIA DE PRODUÇÃO METALÚRGICA
VAGA_adf27007bf,ENGENHARIA DE PRODUÇÃO QUÍMICA
VAGA_b8cd72d894,CIÊNCIA DA COMPUTAÇÃO
VAGA_b8cd72d894,ENGENHARIA DE COMPUTAÇÃO
VAGA_39ffdbbb4b,DIREITO
VAGA_2b1fc17348,PEDAGOGIA
VAGA_ef9e23b9e3,ADMINISTRAÇÃO
VAGA_ef9e23b9e3,TECNOLOGO EM GESTAO FINANCEIRA
VAGA_15933af14f,ADMINISTRAÇÃO
VAGA_15933af14f,COMUNICAÇÃO SOCIAL
VAGA_15933af14f,ESTUDOS DE MÍDIA
VAGA_15933af14f,PUBLICIDADE E PROPAGANDA
VAGA_a1b47f52dd,ADMINISTRAÇÃO
VAGA_a1b47f52dd,TECNOLOGO EM GESTAO FINANCEIRA
VAGA_db98fe9cda,ENGENHARIA CIVIL
VAGA_eebb2f6e85,ADMINISTRAÇÃO
VAGA_eebb2f6e85,TECNOLOGO EM GESTAO FINANCEIRA
VAGA_908d0220a5,ADMINISTRAÇÃO
VAGA_908d0220a5,COMUNICAÇÃO SOCIAL
VAGA_908d0220a5,ESTUDOS DE MÍDIA
VAGA_908d0220a5,PUBLICIDADE E PROPAGANDA
VAGA_628af5da3d,ADMINISTRAÇÃO
VAGA_628af5da3d,TECNOLOGO EM GESTAO FINANCEIRA
VAGA_b0109b5687,ENGENHARIA CIVIL
VAGA_33eaf2c71d,ADMINISTRAÇÃO
VAGA_33eaf2c71d,TECNOLOGO EM GESTAO FINANCEIRA
VAGA_513a18e370,ADMINISTRAÇÃO
VAGA_513a18e370,TECNOLOGO EM GESTAO FINANCEIRA
VAGA_7f5db51b2a,ADMINISTRAÇÃO
VAGA_7f5db51b2a,COMUNICAÇÃO SOCIAL
VAGA_7f5db51b2a,ESTUDOS DE MÍDIA
VAGA_7f5db51b2a,PUBLICIDADE E PROPAGANDA
VAGA_5d5bba9b0c,ADMINISTRAÇÃO
VAGA_5d5bba9b0c,TECNOLOGO EM GESTAO FINANCEIRA
VAGA_6654632d22,PEDAGOGIA
VAGA_240e7f37d0,ADMINISTRAÇÃO
VAGA_240e7f37d0,TECNOLOGO EM GESTAO FINANCEIRA
VAGA_ba1cbc8d12,CIÊNCIA DA COMPUTAÇÃO
VAGA_ba1cbc8d12,ENGENHARIA DE COMPUTAÇÃO
VAGA_ba1cbc8d12,ENGENHARIA ELÉTRICA
VAGA_ba1cbc8d12,SISTEMAS DE INFORMAÇÃO
VAGA_c17fe470fb,CIÊNCIA DA COMPUTAÇÃO
VAGA_c17fe470fb,ENGENHARIA DE COMPUTAÇÃO
VAGA_c17fe470fb,ENGENHARIA ELÉTRICA
VAGA_c17fe470fb,SISTEMAS DE INFORMAÇÃO
VAGA_93ac918031,ECONOMIA
VAGA_35006ea9d3,ENGENHARIA DE COMPUTAÇÃO
VAGA_5f1008d29e,ARQUITETURA E URBANISMO
VAGA_4f6b6392f9,ADMINISTRAÇÃO
VAGA_4f6b6392f9,TECNOLOGO EM GESTAO FINANCEIRA
VAGA_b1febfa719,ADMINISTRAÇÃO
VAGA_b1febfa719,TECNOLOGO EM GESTAO FINANCEIRA
VAGA_9c0e79b807,NUTRIÇÃO
VAGA_018a9960ce,CINEMA
VAGA_018a9960ce,COMUNICAÇÃO SOCIAL
VAGA_018a9960ce,ESTUDOS DE MÍDIA
VAGA_018a9960ce,JORNALISMO
VAGA_018a9960ce,PUBLICIDADE E PROPAGANDA
VAGA_d6e28f9ab6,ADMINISTRAÇÃO
VAGA_d6e28f9ab6,TECNOLOGO EM GESTAO FINANCEIRA
VAGA_719356da99,ADMINISTRAÇÃO
VAGA_a0fc5c7cce,ADMINISTRAÇÃO
VAGA_a0fc5c7cce,COMUNICAÇÃO SOCIAL
VAGA_a0fc5c7cce,ESTUDOS DE MÍDIA
VAGA_a0fc5c7cce,PUBLICIDADE E PROPAGANDA
VAGA_e2e06c597f,ENGENHARIA DE PRODUÇÃO
VAGA_e2e06c597f,ENGENHARIA DE PRODUÇÃO CIVIL
VAGA_e2e06c597f,ENGENHARIA DE PRODUÇÃO ELÉTRICA
VAGA_e2e06c597f,ENGENHARIA DE PRODUÇÃO MECÂNICA
VAGA_e2e06c597f,ENGENHARIA DE PRODUÇÃO METALÚRGICA
VAGA_e2e06c597f,ENGENHARIA DE PRODUÇÃO QUÍMICA
VAGA_fe1544ec03,ENGENHARIA MECÂNICA
VAGA_3610f0ca2a,ADMINISTRAÇÃO
VAGA_3610f0ca2a,TECNOLOGO EM GESTAO FINANCEIRA
VAGA_ebe8c66a93,PEDAGOGIA
VAGA_82fb87dd7e,ADMINISTRAÇÃO
VAGA_82fb87dd7e,TECNOLOGO EM GESTAO FINANCEIRA
VAGA_72cbeef79f,ADMINISTRAÇÃO
VAGA_72cbeef79f,TECNOLOGO EM GESTAO FINANCEIRA
VAGA_adcc1dc7ca,ADMINISTRAÇÃO
VAGA_adcc1dc7ca,TECNOLOGO EM GESTAO FINANCEIRA
VAGA_9737603812,CINEMA
VAGA_9737603812,COMUNICAÇÃO SOCIAL
VAGA_9737603812,ESTUDOS DE MÍDIA
VAGA_9737603812,JORNALISMO
VAGA_9737603812,PUBLICIDADE E PROPAGANDA
VAGA_720cefc4db,ADMINISTRAÇÃO
VAGA_720cefc4db,COMUNICAÇÃO SOCIAL
VAGA_720cefc4db,ESTUDOS DE MÍDIA
VAGA_720cefc4db,PUBLICIDADE E PROPAGANDA
VAGA_088fd9b04b,DIREITO
VAGA_782f68fa1f,ARQUITETURA E URBANISMO
VAGA_a65194a937,ENGENHARIA CIVIL
VAGA_a65194a937,ENGENHARIA DE COMPUTAÇÃO
VAGA_a65194a937,ENGENHARIA DE MATERIAIS
VAGA_a65194a937,ENGENHARIA DE PRODUÇÃO
VAGA_a65194a937,ENGENHARIA DE PRODUÇÃO ELÉTRICA
VAGA_a65194a937,ENGENHARIA ELÉTRICA
VAGA_a65194a937,ENGENHARIA MECÂNICA
VAGA_b0f40416a7,DIREITO
VAGA_565376c068,ENGENHARIA CIVIL
VAGA_1b6dab1bc0,ARQUITETURA E URBANISMO
VAGA_3bcc2546e4,ADMINISTRAÇÃO
VAGA_3bcc2546e4,TECNOLOGO EM GESTAO FINANCEIRA
VAGA_e1611b9309,DIREITO
VAGA_625d502012,CIÊNCIA DA COMPUTAÇÃO
VAGA_625d502012,ENGENHARIA DE COMPUTAÇÃO
VAGA_625d502012,ENGENHARIA ELÉTRICA
VAGA_625d502012,SISTEMAS DE INFORMAÇÃO
VAGA_030ae86012,DIREITO
VAGA_dc8e3ba957,ADMINISTRAÇÃO
VAGA_dc8e3ba957,TECNOLOGO EM GESTAO FINANCEIRA
VAGA_2eb53d964a,ADMINISTRAÇÃO
VAGA_2eb53d964a,TECNOLOGO EM GESTAO FINANCEIRA
VAGA_21e2c3264f,DIREITO
VAGA_ec17a9de96,DIREITO
VAGA_6f4d6dd0ed,ENGENHARIA CIVIL
VAGA_0aa093d10c,DIREITO
VAGA_e99d32f1b7,ADMINISTRAÇÃO
VAGA_e99d32f1b7,TECNOLOGO EM GESTAO FINANCEIRA
VAGA_05318c2164,ADMINISTRAÇÃO
VAGA_05318c2164,TECNOLOGO EM GESTAO FINANCEIRA
VAGA_2fc0ca5f6b,CIÊNCIA DA COMPUTAÇÃO
VAGA_2fc0ca5f6b,ENGENHARIA DE COMPUTAÇÃO
VAGA_2fc0ca5f6b,ENGENHARIA ELÉTRICA
VAGA_2fc0ca5f6b,SISTEMAS DE INFORMAÇÃO
VAGA_6020c4092b,ADMINISTRAÇÃO
VAGA_6020c4092b,TECNOLOGO EM GESTAO FINANCEIRA
VAGA_e7dea4ea95,PSICOLOGIA
VAGA_b4960d7c99,ADMINISTRAÇÃO
VAGA_b4960d7c99,TECNOLOGO EM GESTAO FINANCEIRA
VAGA_d593982241,NUTRIÇÃO
VAGA_256c6fabd9,ADMINISTRAÇÃO
VAGA_256c6fabd9,TECNOLOGO EM GESTAO FINANCEIRA
VAGA_03f24b9068,ENGENHARIA DE PRODUÇÃO MECÂNICA
VAGA_ac22dba50a,ADMINISTRAÇÃO
VAGA_ac22dba50a,COMUNICAÇÃO SOCIAL
VAGA_ac22dba50a,ESTUDOS DE MÍDIA
VAGA_ac22dba50a,PUBLICIDADE E PROPAGANDA
VAGA_fda1e76b34,DIREITO
VAGA_5ac369c55f,PEDAGOGIA
VAGA_bd45ccc06e,ADMINISTRAÇÃO
VAGA_bd45ccc06e,TECNOLOGO EM GESTAO FINANCEIRA
VAGA_397ad3ba6f,CIÊNCIA DA COMPUTAÇÃO
VAGA_397ad3ba6f,ENGENHARIA DE COMPUTAÇÃO
VAGA_397ad3ba6f,ENGENHARIA DE CONTROLE E AUTOMAÇÃO
VAGA_397ad3ba6f,ENGENHARIA DE PRODUÇÃO
VAGA_397ad3ba6f,MATEMÁTICA
VAGA_397ad3ba6f,SISTEMAS DE INFORMAÇÃO
VAGA_9c7b9f41eb,MODA
VAGA_a376e175ef,ARQUITETURA E URBANISMO
VAGA_ca0121549d,ADMINISTRAÇÃO
VAGA_ca0121549d,TECNOLOGO EM GESTAO FINANCEIRA
VAGA_6cae57c524,ADMINISTRAÇÃO
VAGA_6cae57c524,TECNOLOGO EM GESTAO FINANCEIRA
VAGA_80c8663009,COMUNICAÇÃO VISUAL
VAGA_80c8663009,DESIGN
VAGA_80c8663009,MÍDIA DIGITAL
VAGA_80c8663009,MODA
VAGA_80c8663009,PROJETO DE PRODUTO
VAGA_cd6d2d1628,ENGENHARIA DE PRODUÇÃO
VAGA_cd6d2d1628,ENGENHARIA DE PRODUÇÃO CIVIL
VAGA_cd6d2d1628,ENGENHARIA DE PRODUÇÃO ELÉTRICA
VAGA_cd6d2d1628,ENGENHARIA DE PRODUÇÃO MECÂNICA
VAGA_cd6d2d1628,ENGENHARIA DE PRODUÇÃO METALÚRGICA
VAGA_cd6d2d1628,ENGENHARIA DE PRODUÇÃO QUÍMICA
VAGA_2ff01e46b6,ECONOMIA
VAGA_b2f608d203,ADMINISTRAÇÃO
VAGA_b2f608d203,RELAÇÕES INTERNACIONAIS
VAGA_9b530eb5eb,ADMINISTRAÇÃO
VAGA_9b530eb5eb,TECNOLOGO EM GESTAO FINANCEIRA
VAGA_4885d160c7,ENGENHARIA DE PRODUÇÃO QUÍMICA
VAGA_4885d160c7,ENGENHARIA QUÍMICA
VAGA_4885d160c7,QUÍMICA
VAGA_4885d160c7,QUÍMICA INDUSTRIAL
VAGA_c5c1fe7434,ENGENHARIA CIVIL
VAGA_6b35cc8d4d,ADMINISTRAÇÃO
VAGA_6b35cc8d4d,TECNOLOGO EM GESTAO FINANCEIRA
VAGA_d7e81a50e5,DIREITO
VAGA_02b01d7347,ENGENHARIA CIVIL
VAGA_5534486137,ENGENHARIA AMBIENTAL
VAGA_4313b3fde1,PEDAGOGIA
VAGA_b71a8453dd,ENGENHARIA DE MATERIAIS
VAGA_b71a8453dd,ENGENHARIA DE PRODUÇÃO
VAGA_b71a8453dd,ENGENHARIA DE PRODUÇÃO CIVIL
VAGA_b71a8453dd,ENGENHARIA DE PRODUÇÃO ELÉTRICA
VAGA_b71a8453dd,ENGENHARIA DE PRODUÇÃO MECÂNICA
VAGA_b71a8453dd,ENGENHARIA DE PRODUÇÃO METALÚRGICA
VAGA_b71a8453dd,ENGENHARIA DE PRODUÇÃO QUÍMICA
VAGA_b71a8453dd,ENGENHARIA QUÍMICA
VAGA_6fce3d2c80,ADMINISTRAÇÃO
VAGA_6fce3d2c80,COMUNICAÇÃO SOCIAL
VAGA_6fce3d2c80,ESTUDOS DE MÍDIA
VAGA_6fce3d2c80,PUBLICIDADE E PROPAGANDA
VAGA_c0b26f193e,DIREITO
VAGA_190c00c2c2,ADMINISTRAÇÃO
VAGA_190c00c2c2,TECNOLOGO EM GESTAO FINANCEIRA
VAGA_2be8162990,DIREITO
VAGA_5da1f385f6,ARQUITETURA E URBANISMO
VAGA_a897013196,NUTRIÇÃO
VAGA_77890151eb,ADMINISTRAÇÃO
VAGA_77890151eb,TECNOLOGO EM GESTAO FINANCEIRA
VAGA_b383b7c79c,ADMINISTRAÇÃO
VAGA_b383b7c79c,ENGENHARIA CIVIL
VAGA_b383b7c79c,ENGENHARIA DE CONTROLE E AUTOMAÇÃO
VAGA_b383b7c79c,ENGENHARIA DE PRODUÇÃO
VAGA_b383b7c79c,ENGENHARIA ELÉTRICA
VAGA_b383b7c79c,ENGENHARIA MECÂNICA
VAGA_b383b7c79c,ENGENHARIA METALÚRGICA
VAGA_b383b7c79c,ENGENHARIA QUÍMICA
VAGA_6670ca6448,ADMINISTRAÇÃO
VAGA_6670ca6448,COMUNICAÇÃO SOCIAL
VAGA_6670ca6448,ESTUDOS DE MÍDIA
VAGA_6670ca6448,PUBLICIDADE E PROPAGANDA
VAGA_ac59f335ce,ADMINISTRAÇÃO
VAGA_ac59f335ce,TECNOLOGO EM GESTAO FINANCEIRA
VAGA_2469892258,ENGENHARIA ELÉTRICA
VAGA_f47a7db43e,ADMINISTRAÇÃO
VAGA_f47a7db43e,TECNOLOGO EM GESTAO FINANCEIRA
VAGA_0882c7eb2c,ECONOMIA
VAGA_771db94619,ARQUITETURA E URBANISMO
VAGA_66ab1d80f6,ARQUITETURA E URBANISMO
VAGA_2598ad9374,DIREITO
VAGA_de001e188f,ENGENHARIA CIVIL
VAGA_6c4dc3e2a0,ADMINISTRAÇÃO
VAGA_6c4dc3e2a0,TECNOLOGO EM GESTAO FINANCEIRA
VAGA_fc59a2a6c0,ADMINISTRAÇÃO
VAGA_fc59a2a6c0,TECNOLOGO EM GESTAO FINANCEIRA
VAGA_927275d512,ENGENHARIA CIVIL
VAGA_c54282d679,ADMINISTRAÇÃO
VAGA_c54282d679,TECNOLOGO EM GESTAO FINANCEIRA
VAGA_b30ce6b0c8,CIÊNCIA DA COMPUTAÇÃO
VAGA_b30ce6b0c8,ENGENHARIA DE COMPUTAÇÃO
VAGA_b30ce6b0c8,ENGENHARIA ELÉTRICA
VAGA_b30ce6b0c8,SISTEMAS DE INFORMAÇÃO
VAGA_8b4f4d8c41,DIREITO
VAGA_2c00898273,DIREITO
VAGA_7b9b12448e,ENGENHARIA DE PRODUÇÃO
VAGA_7b9b12448e,ENGENHARIA DE PRODUÇÃO CIVIL
VAGA_7b9b12448e,ENGENHARIA DE PRODUÇÃO ELÉTRICA
VAGA_7b9b12448e,ENGENHARIA DE PRODUÇÃO MECÂNICA
VAGA_7b9b12448e,ENGENHARIA DE PRODUÇÃO METALÚRGICA
VAGA_7b9b12448e,ENGENHARIA DE PRODUÇÃO QUÍMICA
VAGA_5d078d0fb1,CIÊNCIA DA COMPUTAÇÃO
VAGA_5d078d0fb1,ENGENHARIA DE COMPUTAÇÃO
VAGA_5d078d0fb1,ENGENHARIA ELÉTRICA
VAGA_5d078d0fb1,SISTEMAS DE INFORMAÇÃO
VAGA_4a3edde64d,ADMINISTRAÇÃO
VAGA_4a3edde64d,TECNOLOGO EM GESTAO FINANCEIRA
VAGA_f9b426c2c3,ENGENHARIA ELÉTRICA
VAGA_155806eb70,ADMINISTRAÇÃO
VAGA_155806eb70,COMUNICAÇÃO SOCIAL
VAGA_155806eb70,ESTUDOS DE MÍDIA
VAGA_155806eb70,PUBLICIDADE E PROPAGANDA
VAGA_5663be60e6,ADMINISTRAÇÃO
VAGA_5663be60e6,TECNOLOGO EM GESTAO FINANCEIRA
VAGA_37c7a16223,CIÊNCIA DA COMPUTAÇÃO
VAGA_37c7a16223,ENGENHARIA DE COMPUTAÇÃO
VAGA_37c7a16223,ENGENHARIA ELÉTRICA
VAGA_37c7a16223,SISTEMAS DE INFORMAÇÃO
VAGA_49714a8cf9,ADMINISTRAÇÃO
VAGA_49714a8cf9,TECNOLOGO EM GESTAO FINANCEIRA
VAGA_79576ce1ee,ENGENHARIA AMBIENTAL
VAGA_16cb9a5f12,CIÊNCIAS BIOLÓGICAS
VAGA_c966cf75b5,ADMINISTRAÇÃO
VAGA_c966cf75b5,TECNOLOGO EM GESTAO FINANCEIRA
VAGA_2494b0483e,ADMINISTRAÇÃO
VAGA_2494b0483e,TECNOLOGO EM GESTAO FINANCEIRA
VAGA_4d8b354fd7,ADMINISTRAÇÃO
VAGA_4d8b354fd7,TECNOLOGO EM GESTAO FINANCEIRA
VAGA_f57b0a545a,DIREITO
VAGA_1046d43440,ADMINISTRAÇÃO
VAGA_1046d43440,TECNOLOGO EM GESTAO FINANCEIRA
VAGA_00e5fdedf6,ADMINISTRAÇÃO
VAGA_00e5fdedf6,TECNOLOGO EM GESTAO FINANCEIRA
VAGA_6c8c0438f3,ADMINISTRAÇÃO
VAGA_6c8c0438f3,TECNOLOGO EM GESTAO FINANCEIRA
VAGA_74fb6e1c10,ADMINISTRAÇÃO
VAGA_74fb6e1c10,TECNOLOGO EM GESTAO FINANCEIRA
VAGA_ab92f86f36,ADMINISTRAÇÃO
VAGA_ab92f86f36,TECNOLOGO EM GESTAO FINANCEIRA
VAGA_280f0dc6bc,DIREITO
VAGA_de9650c041,ADMINISTRAÇÃO
VAGA_de9650c041,TECNOLOGO EM GESTAO FINANCEIRA
VAGA_c306f43902,ADMINISTRAÇÃO
VAGA_ffde03c5f2,ADMINISTRAÇÃO
VAGA_ffde03c5f2,CIÊNCIA DA COMPUTAÇÃO
VAGA_ffde03c5f2,ECONOMIA
VAGA_ffde03c5f2,ENGENHARIA CIVIL
VAGA_b94425dd56,ADMINISTRAÇÃO
VAGA_b94425dd56,ENGENHARIA DE PRODUÇÃO
VAGA_b94425dd56,SISTEMAS DE INFORMAÇÃO
VAGA_cf04d42405,ADMINISTRAÇÃO
VAGA_cf04d42405,TECNOLOGO EM GESTAO FINANCEIRA
VAGA_b467446c2b,PEDAGOGIA
VAGA_829a8bcb22,CIÊNCIA DA COMPUTAÇÃO
VAGA_829a8bcb22,ENGENHARIA DE COMPUTAÇÃO
VAGA_829a8bcb22,ENGENHARIA ELÉTRICA
VAGA_829a8bcb22,SISTEMAS DE INFORMAÇÃO
VAGA_c0c23836ba,CINEMA
VAGA_c0c23836ba,COMUNICAÇÃO SOCIAL
VAGA_c0c23836ba,ESTUDOS DE MÍDIA
VAGA_c0c23836ba,JORNALISMO
VAGA_c0c23836ba,PUBLICIDADE E PROPAGANDA
VAGA_a1e3bb6fe2,ADMINISTRAÇÃO
VAGA_a1e3bb6fe2,TECNOLOGO EM GESTAO FINANCEIRA
VAGA_9b7a1f9f06,NUTRIÇÃO
VAGA_baa0e0f5db,ADMINISTRAÇÃO
VAGA_baa0e0f5db,TECNOLOGO EM GESTAO FINANCEIRA
VAGA_515e73990d,ADMINISTRAÇÃO
VAGA_515e73990d,TECNOLOGO EM GESTAO FINANCEIRA
VAGA_1401de5b3b,ADMINISTRAÇÃO
VAGA_1401de5b3b,TECNOLOGO EM GESTAO FINANCEIRA
VAGA_f48614185d,ADMINISTRAÇÃO
VAGA_f48614185d,TECNOLOGO EM GESTAO FINANCEIRA
VAGA_64b0252cf5,ADMINISTRAÇÃO
VAGA_64b0252cf5,TECNOLOGO EM GESTAO FINANCEIRA
VAGA_51f0ef31eb,PEDAGOGIA
VAGA_00e178cfef,PSICOLOGIA
VAGA_a572b2f640,PEDAGOGIA
VAGA_f132526656,ADMINISTRAÇÃO
VAGA_f132526656,TECNOLOGO EM GESTAO FINANCEIRA
VAGA_f04520773c,DIREITO
VAGA_b8a868c9b9,DIREITO
VAGA_3312d0994b,ADMINISTRAÇÃO
VAGA_3312d0994b,TECNOLOGO EM GESTAO FINANCEIRA
VAGA_6ec8d43085,ENGENHARIA CIVIL
VAGA_7a2b0d36bd,CINEMA
VAGA_7a2b0d36bd,COMUNICAÇÃO SOCIAL
VAGA_7a2b0d36bd,ESTUDOS DE MÍDIA
VAGA_7a2b0d36bd,JORNALISMO
VAGA_7a2b0d36bd,PUBLICIDADE E PROPAGANDA
VAGA_a2e6924f65,ADMINISTRAÇÃO
VAGA_a2e6924f65,TECNOLOGO EM GESTAO FINANCEIRA
VAGA_db1474448d,ENGENHARIA CIVIL
VAGA_dfdc494a9a,ADMINISTRAÇÃO
VAGA_dfdc494a9a,TECNOLOGO EM GESTAO FINANCEIRA
VAGA_631d9de1f9,ADMINISTRAÇÃO
VAGA_631d9de1f9,TECNOLOGO EM GESTAO FINANCEIRA
VAGA_3200319956,PUBLICIDADE E PROPAGANDA
VAGA_24dec59f12,CIÊNCIA DA COMPUTAÇÃO
VAGA_24dec59f12,ENGENHARIA DE COMPUTAÇÃO
VAGA_24dec59f12,ENGENHARIA ELÉTRICA
VAGA_24dec59f12,SISTEMAS DE INFORMAÇÃO
VAGA_4aa08b966d,PEDAGOGIA
VAGA_afdc1ce8e7,ADMINISTRAÇÃO
VAGA_afdc1ce8e7,TECNOLOGO EM GESTAO FINANCEIRA
VAGA_6561d8a09e,PSICOLOGIA
VAGA_45d7f78f87,ADMINISTRAÇÃO
VAGA_45d7f78f87,COMUNICAÇÃO SOCIAL
VAGA_45d7f78f87,ESTUDOS DE MÍDIA
VAGA_45d7f78f87,PUBLICIDADE E PROPAGANDA
VAGA_7dd61ac90d,PEDAGOGIA
VAGA_de3f233144,ENGENHARIA DE PRODUÇÃO MECÂNICA
VAGA_6cf3475dc5,ADMINISTRAÇÃO
VAGA_6cf3475dc5,TECNOLOGO EM GESTAO FINANCEIRA
VAGA_4c07ef7deb,PEDAGOGIA
VAGA_a3a95e57b9,ENGENHARIA CIVIL
VAGA_36cddb5eb9,ADMINISTRAÇÃO
VAGA_36cddb5eb9,ENGENHARIA DE PRODUÇÃO
VAGA_16b4afb4de,ADMINISTRAÇÃO
VAGA_16b4afb4de,ECONOMIA
VAGA_16b4afb4de,ENGENHARIA DE PRODUÇÃO
VAGA_28877156f8,DIREITO
VAGA_8c18563c26,ADMINISTRAÇÃO
VAGA_8c18563c26,COMUNICAÇÃO SOCIAL
VAGA_8c18563c26,PEDAGOGIA
VAGA_9d1e114a78,ADMINISTRAÇÃO
VAGA_9d1e114a78,ARTES CENICAS
VAGA_c2dff047a0,ENGENHARIA DE PRODUÇÃO MECÂNICA
VAGA_de9c96be72,DIREITO
VAGA_3e5fc6a9f7,COMUNICAÇÃO VISUAL
VAGA_3e5fc6a9f7,DESIGN
VAGA_3e5fc6a9f7,MÍDIA DIGITAL
VAGA_3e5fc6a9f7,MODA
VAGA_3e5fc6a9f7,PROJETO DE PRODUTO
VAGA_d0c67d8c41,ADMINISTRAÇÃO
VAGA_d0c67d8c41,COMUNICAÇÃO SOCIAL
VAGA_d0c67d8c41,ESTUDOS DE MÍDIA
VAGA_d0c67d8c41,PUBLICIDADE E PROPAGANDA
VAGA_1c34f710a5,ENGENHARIA CIVIL
VAGA_10d41ddbad,ENGENHARIA DE PRODUÇÃO QUÍMICA
VAGA_10d41ddbad,ENGENHARIA QUÍMICA
VAGA_10d41ddbad,QUÍMICA
VAGA_10d41ddbad,QUÍMICA INDUSTRIAL
VAGA_7f7450c7f1,ADMINISTRAÇÃO
VAGA_7f7450c7f1,TECNOLOGO EM GESTAO FINANCEIRA
VAGA_85644d53ef,ADMINISTRAÇÃO
VAGA_85644d53ef,TECNOLOGO EM GESTAO FINANCEIRA
VAGA_d6738a3237,ADMINISTRAÇÃO
VAGA_d6738a3237,COMUNICAÇÃO SOCIAL
VAGA_d6738a3237,ESTUDOS DE MÍDIA
VAGA_d6738a3237,PUBLICIDADE E PROPAGANDA
VAGA_9c03132e32,DIREITO
VAGA_3dce4b9cc9,ADMINISTRAÇÃO
VAGA_3dce4b9cc9,TECNOLOGO EM GESTAO FINANCEIRA
VAGA_97c1a907d9,ADMINISTRAÇÃO
VAGA_97c1a907d9,TECNOLOGO EM GESTAO FINANCEIRA
VAGA_c3fb011eec,CINEMA
VAGA_c3fb011eec,COMUNICAÇÃO SOCIAL
VAGA_c3fb011eec,ESTUDOS DE MÍDIA
VAGA_c3fb011eec,JORNALISMO
VAGA_c3fb011eec,PUBLICIDADE E PROPAGANDA
VAGA_f3014f4e83,CIÊNCIA DA COMPUTAÇÃO
VAGA_f3014f4e83,ENGENHARIA DE COMPUTAÇÃO
VAGA_f3014f4e83,ENGENHARIA ELÉTRICA
VAGA_f3014f4e83,SISTEMAS DE INFORMAÇÃO
VAGA_c4e6f70dc8,DIREITO
VAGA_61b9ce2738,DIREITO
VAGA_77455928a2,ADMINISTRAÇÃO
VAGA_77455928a2,ECONOMIA
VAGA_77455928a2,RELAÇÕES INTERNACIONAIS
VAGA_60abb3b8c3,ADMINISTRAÇÃO
VAGA_60abb3b8c3,DIREITO
VAGA_60abb3b8c3,ECONOMIA
VAGA_60abb3b8c3,ENGENHARIA DE COMPUTAÇÃO
VAGA_60abb3b8c3,ENGENHARIA DE PRODUÇÃO
VAGA_3dbaa96c85,ADMINISTRAÇÃO
VAGA_3dbaa96c85,TECNOLOGO EM GESTAO FINANCEIRA
VAGA_81ef2c83eb,ADMINISTRAÇÃO
VAGA_81ef2c83eb,TECNOLOGO EM GESTAO FINANCEIRA
VAGA_9c936e66f5,ADMINISTRAÇÃO
VAGA_9c936e66f5,TECNOLOGO EM GESTAO FINANCEIRA
VAGA_9373abce71,PEDAGOGIA
VAGA_27eafc9313,ADMINISTRAÇÃO
VAGA_27eafc9313,COMUNICAÇÃO SOCIAL
VAGA_27eafc9313,ESTUDOS DE MÍDIA
VAGA_27eafc9313,PUBLICIDADE E PROPAGANDA
VAGA_faec678373,PEDAGOGIA
VAGA_6bcadfe1cd,CIÊNCIAS SOCIAIS
VAGA_6bcadfe1cd,SERVIÇO SOCIAL
VAGA_243e63128c,PEDAGOGIA
VAGA_931e85a14d,DIREITO
VAGA_df02ed2f63,DIREITO
VAGA_feb29347b1,DIREITO
VAGA_96fa39cdcc,PEDAGOGIA
VAGA_a4b6813ffb,PEDAGOGIA
VAGA_644bc59e94,ADMINISTRAÇÃO
VAGA_644bc59e94,TECNOLOGO EM GESTAO FINANCEIRA
VAGA_ad05bafa80,ENGENHARIA AMBIENTAL
VAGA_18b888a8c9,ADMINISTRAÇÃO
VAGA_18b888a8c9,TECNOLOGO EM GESTAO FINANCEIRA
VAGA_6b2830f717,ADMINISTRAÇÃO
VAGA_6b2830f717,TECNOLOGO EM GESTAO FINANCEIRA
VAGA_3846a40bc7,ADMINISTRAÇÃO
VAGA_3846a40bc7,TECNOLOGO EM GESTAO FINANCEIRA
VAGA_413c86f324,CIÊNCIA DA COMPUTAÇÃO
VAGA_413c86f324,ENGENHARIA DE COMPUTAÇÃO
VAGA_413c86f324,ENGENHARIA ELÉTRICA
VAGA_413c86f324,SISTEMAS DE INFORMAÇÃO
VAGA_89e7300472,ADMINISTRAÇÃO
VAGA_89e7300472,TECNOLOGO EM GESTAO FINANCEIRA
VAGA_04e59cdf95,ADMINISTRAÇÃO
VAGA_04e59cdf95,TECNOLOGO EM GESTAO FINANCEIRA
VAGA_260833bfea,PSICOLOGIA
VAGA_a79b4fe568,DIREITO
VAGA_f86d5c4599,ADMINISTRAÇÃO
VAGA_f86d5c4599,TECNOLOGO EM GESTAO FINANCEIRA
VAGA_1b83f26ddc,CIÊNCIAS BIOLÓGICAS
VAGA_89d5263d6b,ADMINISTRAÇÃO
VAGA_89d5263d6b,TECNOLOGO EM GESTAO FINANCEIRA
VAGA_8ea807f64d,ADMINISTRAÇÃO
VAGA_8ea807f64d,TECNOLOGO EM GESTAO FINANCEIRA
VAGA_f347c2996b,DIREITO
VAGA_e26dee7606,ADMINISTRAÇÃO
VAGA_e26dee7606,TECNOLOGO EM GESTAO FINANCEIRA
VAGA_2168dd18c2,PEDAGOGIA
VAGA_69bcd81f43,CIÊNCIA DA COMPUTAÇÃO
VAGA_69bcd81f43,ENGENHARIA DE COMPUTAÇÃO
VAGA_69bcd81f43,ENGENHARIA ELÉTRICA
VAGA_69bcd81f43,SISTEMAS DE INFORMAÇÃO
VAGA_ea78b4f135,CIÊNCIA DA COMPUTAÇÃO
VAGA_ea78b4f135,ENGENHARIA DE COMPUTAÇÃO
VAGA_ea78b4f135,ENGENHARIA ELÉTRICA
VAGA_ea78b4f135,SISTEMAS DE INFORMAÇÃO
VAGA_c2e6c41950,ADMINISTRAÇÃO
VAGA_c2e6c41950,COMUNICAÇÃO SOCIAL
VAGA_c2e6c41950,ESTUDOS DE MÍDIA
VAGA_c2e6c41950,PUBLICIDADE E PROPAGANDA
VAGA_f0ee9c1256,ADMINISTRAÇÃO
VAGA_f0ee9c1256,TECNOLOGO EM GESTAO FINANCEIRA
VAGA_3897af5586,ADMINISTRAÇÃO
VAGA_3897af5586,ESTUDOS DE MÍDIA
VAGA_3897af5586,MÍDIA DIGITAL
VAGA_3897af5586,PUBLICIDADE E PROPAGANDA
VAGA_f0fd3eea79,ADMINISTRAÇÃO
VAGA_f0fd3eea79,TECNOLOGO EM GESTAO FINANCEIRA
VAGA_c8c6af7f05,ADMINISTRAÇÃO
VAGA_c8c6af7f05,TECNOLOGO EM GESTAO FINANCEIRA
VAGA_6942e60527,ADMINISTRAÇÃO
VAGA_6942e60527,TECNOLOGO EM GESTAO FINANCEIRA
VAGA_44441ddc4a,ARQUITETURA E URBANISMO
VAGA_3bd965cdac,DIREITO
VAGA_e7d79430cd,ENGENHARIA CIVIL
VAGA_93cf9cd3fe,ADMINISTRAÇÃO
VAGA_93cf9cd3fe,TECNOLOGO EM GESTAO FINANCEIRA
VAGA_7bc2c500a0,ADMINISTRAÇÃO
VAGA_7bc2c500a0,TECNOLOGO EM GESTAO FINANCEIRA
VAGA_dcdd57ba4e,DIREITO
VAGA_7a35b78c6c,ADMINISTRAÇÃO
VAGA_7a35b78c6c,TECNOLOGO EM GESTAO FINANCEIRA
VAGA_41bff57e0a,ADMINISTRAÇÃO
VAGA_41bff57e0a,TECNOLOGO EM GESTAO FINANCEIRA
VAGA_9a293472fd,ADMINISTRAÇÃO
VAGA_9a293472fd,TECNOLOGO EM GESTAO FINANCEIRA
VAGA_5deba1f5d4,PEDAGOGIA
VAGA_98f03a6ff7,ADMINISTRAÇÃO
VAGA_98f03a6ff7,COMUNICAÇÃO SOCIAL
VAGA_98f03a6ff7,ESTUDOS DE MÍDIA
VAGA_98f03a6ff7,PUBLICIDADE E PROPAGANDA
VAGA_53869c1296,ADMINISTRAÇÃO
VAGA_53869c1296,TECNOLOGO EM GESTAO FINANCEIRA
VAGA_c1deed7a34,PEDAGOGIA
VAGA_1a43a2c2c8,CINEMA
VAGA_1a43a2c2c8,COMUNICAÇÃO SOCIAL
VAGA_1a43a2c2c8,ESTUDOS DE MÍDIA
VAGA_1a43a2c2c8,JORNALISMO
VAGA_1a43a2c2c8,PUBLICIDADE E PROPAGANDA
VAGA_e49caa95dd,COMUNICAÇÃO VISUAL
VAGA_e49caa95dd,DESIGN
VAGA_e49caa95dd,MÍDIA DIGITAL
VAGA_e49caa95dd,MODA
VAGA_e49caa95dd,PROJETO DE PRODUTO
VAGA_9eea8e0b09,ADMINISTRAÇÃO
VAGA_9eea8e0b09,TECNOLOGO EM GESTAO FINANCEIRA
VAGA_1ae9c36c9c,ADMINISTRAÇÃO
VAGA_1ae9c36c9c,TECNOLOGO EM GESTAO FINANCEIRA
VAGA_909d74bb40,ENGENHARIA CIVIL
VAGA_82b11549fa,CIÊNCIA DA COMPUTAÇÃO
VAGA_82b11549fa,ENGENHARIA DE COMPUTAÇÃO
VAGA_82b11549fa,ENGENHARIA ELÉTRICA
VAGA_82b11549fa,SISTEMAS DE INFORMAÇÃO
VAGA_14041eeab3,ADMINISTRAÇÃO
VAGA_14041eeab3,COMUNICAÇÃO SOCIAL
VAGA_14041eeab3,ESTUDOS DE MÍDIA
VAGA_14041eeab3,PUBLICIDADE E PROPAGANDA
VAGA_0b95cf12ad,ENGENHARIA DE PRODUÇÃO QUÍMICA
VAGA_0b95cf12ad,ENGENHARIA QUÍMICA
VAGA_0b95cf12ad,QUÍMICA
VAGA_0b95cf12ad,QUÍMICA INDUSTRIAL
VAGA_90cd820760,ENGENHARIA DE CONTROLE E AUTOMAÇÃO
VAGA_90cd820760,ENGENHARIA DE MATERIAIS
VAGA_90cd820760,ENGENHARIA DE PRODUÇÃO
VAGA_90cd820760,ENGENHARIA ELÉTRICA
VAGA_90cd820760,ENGENHARIA MECÂNICA
VAGA_90cd820760,ENGENHARIA METALÚRGICA
VAGA_252009dc86,ENGENHARIA ELÉTRICA
VAGA_252009dc86,ENGENHARIA MECÂNICA
VAGA_c78275f361,ADMINISTRAÇÃO
VAGA_c78275f361,TECNOLOGO EM GESTAO FINANCEIRA
VAGA_b7406f89e4,PEDAGOGIA
VAGA_684f81f236,ADMINISTRAÇÃO
VAGA_684f81f236,COMUNICAÇÃO SOCIAL
VAGA_684f81f236,ESTUDOS DE MÍDIA
VAGA_684f81f236,PUBLICIDADE E PROPAGANDA
VAGA_3edd64ea47,CIÊNCIA DA COMPUTAÇÃO
VAGA_3edd64ea47,ENGENHARIA DE COMPUTAÇÃO
VAGA_3edd64ea47,ENGENHARIA ELÉTRICA
VAGA_3edd64ea47,SISTEMAS DE INFORMAÇÃO
VAGA_923cf0c04d,ADMINISTRAÇÃO
VAGA_923cf0c04d,COMUNICAÇÃO SOCIAL
VAGA_923cf0c04d,ESTUDOS DE MÍDIA
VAGA_923cf0c04d,PUBLICIDADE E PROPAGANDA
VAGA_2b1e6abb10,ENGENHARIA CIVIL
VAGA_dcc5023264,ADMINISTRAÇÃO
VAGA_dcc5023264,TECNOLOGO EM GESTAO FINANCEIRA
VAGA_dcb28f5148,ADMINISTRAÇÃO
VAGA_dcb28f5148,TECNOLOGO EM GESTAO FINANCEIRA
VAGA_aa0987fd1c,ADMINISTRAÇÃO
VAGA_aa0987fd1c,TECNOLOGO EM GESTAO FINANCEIRA
VAGA_33ea0b94c2,ADMINISTRAÇÃO
VAGA_33ea0b94c2,TECNOLOGO EM GESTAO FINANCEIRA
VAGA_53b66867f9,PEDAGOGIA
VAGA_262c3d26a7,ADMINISTRAÇÃO
VAGA_262c3d26a7,COMUNICAÇÃO SOCIAL
VAGA_262c3d26a7,ESTUDOS DE MÍDIA
VAGA_262c3d26a7,PUBLICIDADE E PROPAGANDA
VAGA_8593aaebd7,ADMINISTRAÇÃO
VAGA_8593aaebd7,COMUNICAÇÃO SOCIAL
VAGA_8593aaebd7,ESTUDOS DE MÍDIA
VAGA_8593aaebd7,PUBLICIDADE E PROPAGANDA
VAGA_fdd2143b6c,NUTRIÇÃO
VAGA_6173af3426,ADMINISTRAÇÃO
VAGA_6173af3426,TECNOLOGO EM GESTAO FINANCEIRA
VAGA_aa0ddd5f87,ADMINISTRAÇÃO
VAGA_aa0ddd5f87,COMUNICAÇÃO SOCIAL
VAGA_aa0ddd5f87,ESTUDOS DE MÍDIA
VAGA_aa0ddd5f87,PUBLICIDADE E PROPAGANDA
VAGA_7fbee0d337,ADMINISTRAÇÃO
VAGA_7fbee0d337,TECNOLOGO EM GESTAO FINANCEIRA
VAGA_0c053e40ec,ENGENHARIA CIVIL
VAGA_d3ac4137b4,ENGENHARIA DE PRODUÇÃO MECÂNICA
VAGA_e6f6f6b40a,ADMINISTRAÇÃO
VAGA_e6f6f6b40a,COMUNICAÇÃO SOCIAL
VAGA_e6f6f6b40a,ESTUDOS DE MÍDIA
VAGA_e6f6f6b40a,PUBLICIDADE E PROPAGANDA
VAGA_1777bc2b47,COMUNICAÇÃO VISUAL
VAGA_1777bc2b47,DESIGN
VAGA_1777bc2b47,MÍDIA DIGITAL
VAGA_1777bc2b47,MODA
VAGA_1777bc2b47,PROJETO DE PRODUTO
VAGA_1b9e14761c,PEDAGOGIA
VAGA_ed8bf42eed,CIÊNCIA DA COMPUTAÇÃO
VAGA_ed8bf42eed,ENGENHARIA DE COMPUTAÇÃO
VAGA_ed8bf42eed,ENGENHARIA ELÉTRICA
VAGA_ed8bf42eed,SISTEMAS DE INFORMAÇÃO
VAGA_37404cc17c,ADMINISTRAÇÃO
VAGA_37404cc17c,TECNOLOGO EM GESTAO FINANCEIRA
VAGA_fba6c027b2,ADMINISTRAÇÃO
VAGA_fba6c027b2,TECNOLOGO EM GESTAO FINANCEIRA
VAGA_566a66cfb6,ENGENHARIA DE PRODUÇÃO
VAGA_566a66cfb6,ENGENHARIA DE PRODUÇÃO CIVIL
VAGA_566a66cfb6,ENGENHARIA DE PRODUÇÃO ELÉTRICA
VAGA_566a66cfb6,ENGENHARIA DE PRODUÇÃO MECÂNICA
VAGA_566a66cfb6,ENGENHARIA DE PRODUÇÃO METALÚRGICA
VAGA_566a66cfb6,ENGENHARIA DE PRODUÇÃO QUÍMICA
VAGA_af33a9020d,ADMINISTRAÇÃO
VAGA_af33a9020d,TECNOLOGO EM GESTAO FINANCEIRA
VAGA_625c9fc03c,CIÊNCIA DA COMPUTAÇÃO
VAGA_625c9fc03c,ENGENHARIA DE COMPUTAÇÃO
VAGA_625c9fc03c,ENGENHARIA ELÉTRICA
VAGA_625c9fc03c,SISTEMAS DE INFORMAÇÃO
VAGA_0c3a33e52d,ADMINISTRAÇÃO
VAGA_0c3a33e52d,TECNOLOGO EM GESTAO FINANCEIRA
VAGA_5ecbfa12f5,ADMINISTRAÇÃO
VAGA_5ecbfa12f5,TECNOLOGO EM GESTAO FINANCEIRA
VAGA_dbe73998cc,ADMINISTRAÇÃO
VAGA_dbe73998cc,TECNOLOGO EM GESTAO FINANCEIRA
VAGA_609a4d5db1,CINEMA
VAGA_609a4d5db1,COMUNICAÇÃO SOCIAL
VAGA_609a4d5db1,ESTUDOS DE MÍDIA
VAGA_609a4d5db1,JORNALISMO
VAGA_609a4d5db1,PUBLICIDADE E PROPAGANDA
VAGA_e36df1cf04,CINEMA
VAGA_e36df1cf04,COMUNICAÇÃO SOCIAL
VAGA_e36df1cf04,ESTUDOS DE MÍDIA
VAGA_e36df1cf04,JORNALISMO
VAGA_e36df1cf04,PUBLICIDADE E PROPAGANDA
VAGA_fe4d72fb02,CIÊNCIA DA COMPUTAÇÃO
VAGA_fe4d72fb02,ENGENHARIA DE COMPUTAÇÃO
VAGA_fe4d72fb02,ENGENHARIA ELÉTRICA
VAGA_fe4d72fb02,SISTEMAS DE INFORMAÇÃO
VAGA_ec4409f002,ADMINISTRAÇÃO
VAGA_ec4409f002,TECNOLOGO EM GESTAO FINANCEIRA
VAGA_4aa47b37e6,LETRAS
VAGA_4aa47b37e6,PEDAGOGIA
VAGA_4aa47b37e6,PSICOLOGIA
VAGA_7c54de0cf5,ADMINISTRAÇÃO
VAGA_7c54de0cf5,TECNOLOGO EM GESTAO FINANCEIRA
VAGA_09194b480b,ADMINISTRAÇÃO
VAGA_09194b480b,TECNOLOGO EM GESTAO FINANCEIRA
VAGA_c9635412dd,ADMINISTRAÇÃO
VAGA_c9635412dd,TECNOLOGO EM GESTAO FINANCEIRA
VAGA_aa64bc9246,ADMINISTRAÇÃO
VAGA_aa64bc9246,TECNOLOGO EM GESTAO FINANCEIRA
VAGA_3dd3a9cd5a,ADMINISTRAÇÃO
VAGA_3dd3a9cd5a,TECNOLOGO EM GESTAO FINANCEIRA
VAGA_a46b80bba7,ADMINISTRAÇÃO
VAGA_a46b80bba7,TECNOLOGO EM GESTAO FINANCEIRA
VAGA_b7fcb778f4,ENGENHARIA DE COMPUTAÇÃO
VAGA_d1bccdfd24,ADMINISTRAÇÃO
VAGA_d1bccdfd24,TECNOLOGO EM GESTAO FINANCEIRA
VAGA_3a236f2751,NUTRIÇÃO
VAGA_eefe840fab,ADMINISTRAÇÃO
VAGA_eefe840fab,TECNOLOGO EM GESTAO FINANCEIRA
VAGA_e570c6db74,ADMINISTRAÇÃO
VAGA_e570c6db74,TECNOLOGO EM GESTAO FINANCEIRA
VAGA_85ea953d0e,ENGENHARIA DE PRODUÇÃO
VAGA_85ea953d0e,ENGENHARIA DE PRODUÇÃO CIVIL
VAGA_85ea953d0e,ENGENHARIA DE PRODUÇÃO ELÉTRICA
VAGA_85ea953d0e,ENGENHARIA DE PRODUÇÃO MECÂNICA
VAGA_85ea953d0e,ENGENHARIA DE PRODUÇÃO METALÚRGICA
VAGA_85ea953d0e,ENGENHARIA DE PRODUÇÃO QUÍMICA
VAGA_c09dadbad5,ADMINISTRAÇÃO
VAGA_c09dadbad5,TECNOLOGO EM GESTAO FINANCEIRA
VAGA_e0e4e42d94,ADMINISTRAÇÃO
VAGA_e0e4e42d94,TECNOLOGO EM GESTAO FINANCEIRA
VAGA_0d52e71cd8,ADMINISTRAÇÃO
VAGA_0d52e71cd8,TECNOLOGO EM GESTAO FINANCEIRA
VAGA_31c5e3ada8,ADMINISTRAÇÃO
VAGA_31c5e3ada8,TECNOLOGO EM GESTAO FINANCEIRA
VAGA_3804b0cf76,ENGENHARIA CIVIL
VAGA_05252bad14,ADMINISTRAÇÃO
VAGA_05252bad14,COMUNICAÇÃO SOCIAL
VAGA_05252bad14,ESTUDOS DE MÍDIA
VAGA_05252bad14,PUBLICIDADE E PROPAGANDA
VAGA_f6a2bec8f3,ADMINISTRAÇÃO
VAGA_f6a2bec8f3,TECNOLOGO EM GESTAO FINANCEIRA
VAGA_f0902e38ad,ADMINISTRAÇÃO
VAGA_f0902e38ad,TECNOLOGO EM GESTAO FINANCEIRA
VAGA_a393c0b7fe,ENGENHARIA DE PRODUÇÃO
VAGA_a393c0b7fe,ENGENHARIA DE PRODUÇÃO CIVIL
VAGA_a393c0b7fe,ENGENHARIA DE PRODUÇÃO ELÉTRICA
VAGA_a393c0b7fe,ENGENHARIA DE PRODUÇÃO MECÂNICA
VAGA_a393c0b7fe,ENGENHARIA DE PRODUÇÃO METALÚRGICA
VAGA_a393c0b7fe,ENGENHARIA DE PRODUÇÃO QUÍMICA
VAGA_661d8ab7ad,ADMINISTRAÇÃO
VAGA_661d8ab7ad,TECNOLOGO EM GESTAO FINANCEIRA
VAGA_b886cffaef,PEDAGOGIA
VAGA_cfad1dff80,ADMINISTRAÇÃO
VAGA_cfad1dff80,TECNOLOGO EM GESTAO FINANCEIRA
VAGA_10542dc06c,COMUNICAÇÃO VISUAL
VAGA_10542dc06c,DESIGN
VAGA_10542dc06c,MÍDIA DIGITAL
VAGA_10542dc06c,MODA
VAGA_10542dc06c,PROJETO DE PRODUTO
VAGA_ed532023a7,ADMINISTRAÇÃO
VAGA_ed532023a7,TECNOLOGO EM GESTAO FINANCEIRA
VAGA_7ba5b3552a,ADMINISTRAÇÃO
VAGA_7ba5b3552a,TECNOLOGO EM GESTAO FINANCEIRA
VAGA_139f18d31e,DIREITO
VAGA_fb9fbc6589,ARQUITETURA E URBANISMO
VAGA_fb9fbc6589,ENGENHARIA DE PRODUÇÃO
VAGA_450f9c6695,ADMINISTRAÇÃO
VAGA_450f9c6695,TECNOLOGO EM GESTAO FINANCEIRA
VAGA_3dc8111eb4,CINEMA
VAGA_3dc8111eb4,COMUNICAÇÃO SOCIAL
VAGA_3dc8111eb4,ESTUDOS DE MÍDIA
VAGA_3dc8111eb4,JORNALISMO
VAGA_3dc8111eb4,PUBLICIDADE E PROPAGANDA
VAGA_a9f83e43aa,ADMINISTRAÇÃO
VAGA_a9f83e43aa,TECNOLOGO EM GESTAO FINANCEIRA
VAGA_17699662e7,ADMINISTRAÇÃO
VAGA_17699662e7,COMUNICAÇÃO SOCIAL
VAGA_17699662e7,ESTUDOS DE MÍDIA
VAGA_17699662e7,PUBLICIDADE E PROPAGANDA
VAGA_a4d8930dab,ENGENHARIA DE PRODUÇÃO
VAGA_a4d8930dab,ENGENHARIA DE PRODUÇÃO CIVIL
VAGA_a4d8930dab,ENGENHARIA DE PRODUÇÃO ELÉTRICA
VAGA_a4d8930dab,ENGENHARIA DE PRODUÇÃO MECÂNICA
VAGA_a4d8930dab,ENGENHARIA DE PRODUÇÃO METALÚRGICA
VAGA_a4d8930dab,ENGENHARIA DE PRODUÇÃO QUÍMICA
VAGA_0a547ddeeb,ADMINISTRAÇÃO
VAGA_0a547ddeeb,TECNOLOGO EM GESTAO FINANCEIRA
VAGA_8c24cbd298,ECONOMIA
VAGA_4b7f78d178,ADMINISTRAÇÃO
VAGA_4b7f78d178,TECNOLOGO EM GESTAO FINANCEIRA
VAGA_c8737c2c82,ENGENHARIA ELÉTRICA
VAGA_ec6ea17972,CIÊNCIA DA COMPUTAÇÃO
VAGA_ec6ea17972,ENGENHARIA DE COMPUTAÇÃO
VAGA_ec6ea17972,ENGENHARIA ELÉTRICA
VAGA_ec6ea17972,SISTEMAS DE INFORMAÇÃO
VAGA_42c0384379,DIREITO
VAGA_88d80fb908,DIREITO
VAGA_ab713edd0e,ADMINISTRAÇÃO
VAGA_ab713edd0e,TECNOLOGO EM GESTAO FINANCEIRA
VAGA_626a085c1e,ADMINISTRAÇÃO
VAGA_626a085c1e,TECNOLOGO EM GESTAO FINANCEIRA
VAGA_02fdd0fa59,DIREITO
VAGA_0ff564d275,CIÊNCIA DA COMPUTAÇÃO
VAGA_0ff564d275,ENGENHARIA DE COMPUTAÇÃO
VAGA_0ff564d275,ENGENHARIA ELÉTRICA
VAGA_0ff564d275,SISTEMAS DE INFORMAÇÃO
VAGA_c2e27a8ec7,DIREITO
VAGA_aa7b18e4cd,CIÊNCIAS SOCIAIS
VAGA_aa7b18e4cd,COMUNICAÇÃO SOCIAL
VAGA_aa7b18e4cd,ECONOMIA
VAGA_aa7b18e4cd,ENGENHARIA DE COMPUTAÇÃO
VAGA_aa7b18e4cd,FILOSOFIA
VAGA_aa7b18e4cd,JORNALISMO
VAGA_aa7b18e4cd,LETRAS
VAGA_aa7b18e4cd,NEUROCIÊNCIAS
VAGA_aa7b18e4cd,PUBLICIDADE E PROPAGANDA
VAGA_aa7b18e4cd,RELAÇÕES INTERNACIONAIS
VAGA_aa7b18e4cd,SISTEMAS DE INFORMAÇÃO
VAGA_557440e649,PSICOLOGIA
VAGA_0faf18b402,ENGENHARIA DE PRODUÇÃO MECÂNICA
VAGA_c4dc51375c,ADMINISTRAÇÃO
VAGA_c4dc51375c,COMUNICAÇÃO SOCIAL
VAGA_c4dc51375c,ESTUDOS DE MÍDIA
VAGA_c4dc51375c,PUBLICIDADE E PROPAGANDA
VAGA_d3aa840fbd,ENGENHARIA DE PRODUÇÃO
VAGA_d3aa840fbd,ENGENHARIA DE PRODUÇÃO CIVIL
VAGA_d3aa840fbd,ENGENHARIA DE PRODUÇÃO ELÉTRICA
VAGA_d3aa840fbd,ENGENHARIA DE PRODUÇÃO MECÂNICA
VAGA_d3aa840fbd,ENGENHARIA DE PRODUÇÃO METALÚRGICA
VAGA_d3aa840fbd,ENGENHARIA DE PRODUÇÃO QUÍMICA
VAGA_cb4a20619b,DIREITO
VAGA_0859e5ecd3,ADMINISTRAÇÃO
VAGA_0859e5ecd3,TECNOLOGO EM GESTAO FINANCEIRA
VAGA_00505b5aa3,ADMINISTRAÇÃO
VAGA_00505b5aa3,TECNOLOGO EM GESTAO FINANCEIRA
VAGA_5f96a2dddf,ADMINISTRAÇÃO
VAGA_5f96a2dddf,TECNOLOGO EM GESTAO FINANCEIRA
VAGA_4c0a859472,ARQUITETURA E URBANISMO
VAGA_6183877c6d,DESIGN
VAGA_6183877c6d,PUBLICIDADE E PROPAGANDA
VAGA_447f2628b1,ENGENHARIA MECÂNICA
VAGA_d5523502eb,ADMINISTRAÇÃO
VAGA_d5523502eb,TECNOLOGO EM GESTAO FINANCEIRA
VAGA_d0a8fd60da,ADMINISTRAÇÃO
VAGA_d0a8fd60da,COMUNICAÇÃO SOCIAL
VAGA_d0a8fd60da,ESTUDOS DE MÍDIA
VAGA_d0a8fd60da,PUBLICIDADE E PROPAGANDA
VAGA_c27877a7cf,ENGENHARIA CIVIL
VAGA_81b77c9863,ENGENHARIA CIVIL
VAGA_151e292773,PEDAGOGIA
VAGA_6fd6709d6d,ADMINISTRAÇÃO
VAGA_6fd6709d6d,TECNOLOGO EM GESTAO FINANCEIRA
VAGA_aba4c35615,DIREITO
VAGA_e088eb9a45,ADMINISTRAÇÃO
VAGA_e088eb9a45,COMUNICAÇÃO SOCIAL
VAGA_e088eb9a45,ESTUDOS DE MÍDIA
VAGA_e088eb9a45,PUBLICIDADE E PROPAGANDA
VAGA_64d0a6647f,ADMINISTRAÇÃO
VAGA_64d0a6647f,TECNOLOGO EM GESTAO FINANCEIRA
VAGA_7ed6662ec6,ADMINISTRAÇÃO
VAGA_7ed6662ec6,ENGENHARIA DE PETRÓLEO
VAGA_7ed6662ec6,ENGENHARIA DE PRODUÇÃO
VAGA_2d3a2ed09f,NUTRIÇÃO
VAGA_3e1f6274de,ADMINISTRAÇÃO
VAGA_3e1f6274de,TECNOLOGO EM GESTAO FINANCEIRA
VAGA_b728461a38,CIÊNCIA DA COMPUTAÇÃO
VAGA_b728461a38,ENGENHARIA DE COMPUTAÇÃO
VAGA_b728461a38,ENGENHARIA ELÉTRICA
VAGA_b728461a38,SISTEMAS DE INFORMAÇÃO
VAGA_abb3677eff,LETRAS
VAGA_39efc195d6,ADMINISTRAÇÃO
VAGA_39efc195d6,COMUNICAÇÃO SOCIAL
VAGA_39efc195d6,ESTUDOS DE MÍDIA
VAGA_39efc195d6,PUBLICIDADE E PROPAGANDA
VAGA_6ab9eec429,ADMINISTRAÇÃO
VAGA_6ab9eec429,TECNOLOGO EM GESTAO FINANCEIRA
VAGA_fdb14ea51e,DIREITO
VAGA_c197d347e6,DIREITO
VAGA_58fdea7eca,SERVIÇO SOCIAL
VAGA_ca1c5a86ee,CIÊNCIA DA COMPUTAÇÃO
VAGA_ca1c5a86ee,ENGENHARIA DE COMPUTAÇÃO
VAGA_ca1c5a86ee,ENGENHARIA ELÉTRICA
VAGA_ca1c5a86ee,SISTEMAS DE INFORMAÇÃO
VAGA_7bdef7047d,DIREITO
VAGA_d2556f4d7f,ADMINISTRAÇÃO
VAGA_d2556f4d7f,COMUNICAÇÃO SOCIAL
VAGA_d2556f4d7f,ESTUDOS DE MÍDIA
VAGA_d2556f4d7f,PUBLICIDADE E PROPAGANDA
VAGA_eb495fa9bc,ARQUITETURA E URBANISMO
VAGA_1870532541,CIÊNCIAS BIOLÓGICAS
VAGA_1870532541,CIÊNCIAS SOCIAIS
VAGA_1870532541,FILOSOFIA
VAGA_1870532541,GEOGRAFIA
VAGA_1870532541,HISTÓRIA
VAGA_1870532541,LETRAS
VAGA_1870532541,PEDAGOGIA
VAGA_1870532541,SOCIOLOGIA
VAGA_b0966ca3f6,CIÊNCIAS BIOLÓGICAS
VAGA_b0966ca3f6,CIÊNCIAS SOCIAIS
VAGA_b0966ca3f6,FILOSOFIA
VAGA_b0966ca3f6,GEOGRAFIA
VAGA_b0966ca3f6,HISTÓRIA
VAGA_b0966ca3f6,LETRAS
VAGA_b0966ca3f6,PEDAGOGIA
VAGA_b0966ca3f6,SOCIOLOGIA
VAGA_6f6cfe5ef0,CIÊNCIAS BIOLÓGICAS
VAGA_6f6cfe5ef0,CIÊNCIAS SOCIAIS
VAGA_6f6cfe5ef0,FILOSOFIA
VAGA_6f6cfe5ef0,GEOGRAFIA
VAGA_6f6cfe5ef0,HISTÓRIA
VAGA_6f6cfe5ef0,LETRAS
VAGA_6f6cfe5ef0,PEDAGOGIA
VAGA_6f6cfe5ef0,SOCIOLOGIA
VAGA_b738501144,DIREITO
VAGA_52d0415083,ADMINISTRAÇÃO
VAGA_52d0415083,TECNOLOGO EM GESTAO FINANCEIRA
VAGA_4ef2025a88,DIREITO
VAGA_2cd906a67b,DESIGN
VAGA_2cd906a67b,MODA
VAGA_293db6394c,ADMINISTRAÇÃO
VAGA_293db6394c,TECNOLOGO EM GESTAO FINANCEIRA
VAGA_59be4024fa,DIREITO
VAGA_b661a9afda,PEDAGOGIA
VAGA_ab44c25acd,ADMINISTRAÇÃO
VAGA_ab44c25acd,TECNOLOGO EM GESTAO FINANCEIRA
VAGA_147f87b6a2,PEDAGOGIA
VAGA_ef9ddc549a,DIREITO
VAGA_c527a4c4e0,DIREITO
VAGA_53c19617cd,ADMINISTRAÇÃO
VAGA_53c19617cd,TECNOLOGO EM GESTAO FINANCEIRA
VAGA_9b5ea88771,COMUNICAÇÃO VISUAL
VAGA_9b5ea88771,DESIGN
VAGA_9b5ea88771,MÍDIA DIGITAL
VAGA_9b5ea88771,MODA
VAGA_9b5ea88771,PROJETO DE PRODUTO
VAGA_4fda094904,ADMINISTRAÇÃO
VAGA_4fda094904,TECNOLOGO EM GESTAO FINANCEIRA
VAGA_c9980d91b9,ADMINISTRAÇÃO
VAGA_c9980d91b9,TECNOLOGO EM GESTAO FINANCEIRA
VAGA_3606975477,DIREITO
VAGA_09ef2a170a,ADMINISTRAÇÃO
VAGA_09ef2a170a,TECNOLOGO EM GESTAO FINANCEIRA
VAGA_25f510b4eb,ENGENHARIA DE COMPUTAÇÃO
VAGA_666e32c535,ARQUITETURA E URBANISMO
VAGA_6b5b100292,ADMINISTRAÇÃO
VAGA_6b5b100292,COMUNICAÇÃO SOCIAL
VAGA_6b5b100292,ESTUDOS DE MÍDIA
VAGA_6b5b100292,PUBLICIDADE E PROPAGANDA
VAGA_c884f574aa,ADMINISTRAÇÃO
VAGA_c884f574aa,TECNOLOGO EM GESTAO FINANCEIRA
VAGA_8c76770967,ADMINISTRAÇÃO
VAGA_8c76770967,PUBLICIDADE E PROPAGANDA
VAGA_4adc599ae5,ADMINISTRAÇÃO
VAGA_4adc599ae5,TECNOLOGO EM GESTAO FINANCEIRA
VAGA_187d97abf8,ADMINISTRAÇÃO
VAGA_187d97abf8,COMUNICAÇÃO SOCIAL
VAGA_187d97abf8,ESTUDOS DE MÍDIA
VAGA_187d97abf8,PUBLICIDADE E PROPAGANDA
VAGA_82477fadee,PSICOLOGIA
VAGA_1768ed6a26,ADMINISTRAÇÃO
VAGA_1768ed6a26,TECNOLOGO EM GESTAO FINANCEIRA
VAGA_0b287a9158,ADMINISTRAÇÃO
VAGA_0b287a9158,TECNOLOGO EM GESTAO FINANCEIRA
VAGA_d61ff235f6,PSICOLOGIA
VAGA_88acff511a,ADMINISTRAÇÃO
VAGA_88acff511a,COMUNICAÇÃO SOCIAL
VAGA_88acff511a,ESTUDOS DE MÍDIA
VAGA_88acff511a,PUBLICIDADE E PROPAGANDA
VAGA_df6dc5ceca,CIÊNCIA DA COMPUTAÇÃO
VAGA_df6dc5ceca,ENGENHARIA DE COMPUTAÇÃO
VAGA_df6dc5ceca,ENGENHARIA ELÉTRICA
VAGA_df6dc5ceca,SISTEMAS DE INFORMAÇÃO
VAGA_1fe3c21e5e,ADMINISTRAÇÃO
VAGA_1fe3c21e5e,TECNOLOGO EM GESTAO FINANCEIRA
VAGA_e6fa531b5e,PEDAGOGIA
VAGA_eff2bcfd82,DIREITO
VAGA_70575459e0,ADMINISTRAÇÃO
VAGA_70575459e0,TECNOLOGO EM GESTAO FINANCEIRA
VAGA_25df67dde3,PEDAGOGIA
VAGA_89d3d0760d,ADMINISTRAÇÃO
VAGA_89d3d0760d,CIÊNCIA DA COMPUTAÇÃO
VAGA_89d3d0760d,ECONOMIA
VAGA_89d3d0760d,ENGENHARIA CIVIL
VAGA_89d3d0760d,ENGENHARIA DE COMPUTAÇÃO
VAGA_89d3d0760d,ENGENHARIA DE CONTROLE E AUTOMAÇÃO
VAGA_89d3d0760d,ENGENHARIA DE MATERIAIS
VAGA_89d3d0760d,ENGENHARIA DE PRODUÇÃO
VAGA_89d3d0760d,ENGENHARIA DE PRODUÇÃO ELÉTRICA
VAGA_89d3d0760d,ENGENHARIA DE PRODUÇÃO METALÚRGICA
VAGA_89d3d0760d,ENGENHARIA ELÉTRICA
VAGA_89d3d0760d,ENGENHARIA QUÍMICA
VAGA_89d3d0760d,MATEMÁTICA
VAGA_89d3d0760d,PSICOLOGIA
VAGA_ea7dd7bc85,PEDAGOGIA
VAGA_cdbd1840bd,ADMINISTRAÇÃO
VAGA_cdbd1840bd,TECNOLOGO EM GESTAO FINANCEIRA
VAGA_dd562da22a,CINEMA
VAGA_dd562da22a,COMUNICAÇÃO SOCIAL
VAGA_dd562da22a,JORNALISMO
VAGA_dd562da22a,MÍDIA DIGITAL
VAGA_dd562da22a,PUBLICIDADE E PROPAGANDA
VAGA_525b5a9765,PEDAGOGIA
VAGA_525b5a9765,PSICOLOGIA
VAGA_525b5a9765,SERVIÇO SOCIAL
VAGA_ba96268a16,ENGENHARIA DE CONTROLE E AUTOMAÇÃO
VAGA_ba96268a16,ENGENHARIA ELÉTRICA
VAGA_432601aa1d,ADMINISTRAÇÃO
VAGA_432601aa1d,TECNOLOGO EM GESTAO FINANCEIRA
VAGA_ffe4fdecac,ENGENHARIA CIVIL
VAGA_1a62fb18af,PEDAGOGIA
VAGA_e1b8301a46,ENGENHARIA CIVIL
VAGA_6023e0ce14,DIREITO
VAGA_a653c00e50,ADMINISTRAÇÃO
VAGA_a653c00e50,TECNOLOGO EM GESTAO FINANCEIRA
VAGA_bcbbdd7b6d,ADMINISTRAÇÃO
VAGA_bcbbdd7b6d,TECNOLOGO EM GESTAO FINANCEIRA
VAGA_fc6f1c2b1d,ADMINISTRAÇÃO
VAGA_fc6f1c2b1d,TECNOLOGO EM GESTAO FINANCEIRA
VAGA_60bb98d5ac,ARQUITETURA E URBANISMO
VAGA_d34304c23b,CIÊNCIA DA COMPUTAÇÃO
VAGA_d34304c23b,ENGENHARIA DE COMPUTAÇÃO
VAGA_d34304c23b,ENGENHARIA ELÉTRICA
VAGA_d34304c23b,SISTEMAS DE INFORMAÇÃO
VAGA_91d7a421b7,ADMINISTRAÇÃO
VAGA_91d7a421b7,TECNOLOGO EM GESTAO FINANCEIRA
VAGA_ffed3acd0a,ADMINISTRAÇÃO
VAGA_ffed3acd0a,TECNOLOGO EM GESTAO FINANCEIRA
VAGA_b22802a356,ENGENHARIA DE PRODUÇÃO
VAGA_b22802a356,ENGENHARIA DE PRODUÇÃO CIVIL
VAGA_b22802a356,ENGENHARIA DE PRODUÇÃO ELÉTRICA
VAGA_b22802a356,ENGENHARIA DE PRODUÇÃO MECÂNICA
VAGA_b22802a356,ENGENHARIA DE PRODUÇÃO METALÚRGICA
VAGA_b22802a356,ENGENHARIA DE PRODUÇÃO QUÍMICA
VAGA_b154fd63ce,DIREITO
VAGA_1d9f1e9492,ADMINISTRAÇÃO
VAGA_1d9f1e9492,TECNOLOGO EM GESTAO FINANCEIRA
VAGA_1e1d55be55,ENGENHARIA DE PRODUÇÃO MECÂNICA
VAGA_2bb45b4422,PEDAGOGIA
VAGA_2b1d794e08,ADMINISTRAÇÃO
VAGA_2b1d794e08,TECNOLOGO EM GESTAO FINANCEIRA
VAGA_2fba96b994,ENGENHARIA ELÉTRICA
VAGA_255a2b5b0d,ADMINISTRAÇÃO
VAGA_255a2b5b0d,COMUNICAÇÃO SOCIAL
VAGA_255a2b5b0d,ESTUDOS DE MÍDIA
VAGA_255a2b5b0d,PUBLICIDADE E PROPAGANDA
VAGA_45067df941,ADMINISTRAÇÃO
VAGA_45067df941,TECNOLOGO EM GESTAO FINANCEIRA
VAGA_db57418a27,ADMINISTRAÇÃO
VAGA_db57418a27,COMUNICAÇÃO SOCIAL
VAGA_db57418a27,ESTUDOS DE MÍDIA
VAGA_db57418a27,PUBLICIDADE E PROPAGANDA
VAGA_975019c2d4,ADMINISTRAÇÃO
VAGA_975019c2d4,COMUNICAÇÃO SOCIAL
VAGA_975019c2d4,ESTUDOS DE MÍDIA
VAGA_975019c2d4,PUBLICIDADE E PROPAGANDA
VAGA_1776ded5da,PEDAGOGIA
VAGA_ec81e16edd,CIÊNCIA DA COMPUTAÇÃO
VAGA_ec81e16edd,ENGENHARIA DE COMPUTAÇÃO
VAGA_ec81e16edd,ENGENHARIA ELÉTRICA
VAGA_ec81e16edd,SISTEMAS DE INFORMAÇÃO
VAGA_5465149ac3,ADMINISTRAÇÃO
VAGA_5465149ac3,TECNOLOGO EM GESTAO FINANCEIRA
VAGA_252bb20fc6,ADMINISTRAÇÃO
VAGA_252bb20fc6,TECNOLOGO EM GESTAO FINANCEIRA
VAGA_5cb08b4210,ADMINISTRAÇÃO
VAGA_5cb08b4210,TECNOLOGO EM GESTAO FINANCEIRA
VAGA_2eb235e2f4,ADMINISTRAÇÃO
VAGA_2eb235e2f4,TECNOLOGO EM GESTAO FINANCEIRA
VAGA_0d6efb5af2,ADMINISTRAÇÃO
VAGA_0d6efb5af2,TECNOLOGO EM GESTAO FINANCEIRA
VAGA_77bed3a98d,CIÊNCIAS BIOLÓGICAS
VAGA_77bed3a98d,CIÊNCIAS SOCIAIS
VAGA_77bed3a98d,FILOSOFIA
VAGA_77bed3a98d,GEOGRAFIA
VAGA_77bed3a98d,HISTÓRIA
VAGA_77bed3a98d,LETRAS
VAGA_77bed3a98d,PEDAGOGIA
VAGA_77bed3a98d,SOCIOLOGIA
VAGA_daf99a969d,CIÊNCIAS BIOLÓGICAS
VAGA_daf99a969d,CIÊNCIAS SOCIAIS
VAGA_daf99a969d,FILOSOFIA
VAGA_daf99a969d,GEOGRAFIA
VAGA_daf99a969d,HISTÓRIA
VAGA_daf99a969d,LETRAS
VAGA_daf99a969d,PEDAGOGIA
VAGA_daf99a969d,SOCIOLOGIA
VAGA_98656258eb,CIÊNCIA DA COMPUTAÇÃO
VAGA_98656258eb,ENGENHARIA DE COMPUTAÇÃO
VAGA_98656258eb,ENGENHARIA ELÉTRICA
VAGA_98656258eb,SISTEMAS DE INFORMAÇÃO
VAGA_485800ff5c,CIÊNCIA DA COMPUTAÇÃO
VAGA_485800ff5c,ENGENHARIA DE COMPUTAÇÃO
VAGA_485800ff5c,ENGENHARIA ELÉTRICA
VAGA_485800ff5c,SISTEMAS DE INFORMAÇÃO
VAGA_30b50a870f,ADMINISTRAÇÃO
VAGA_30b50a870f,TECNOLOGO EM GESTAO FINANCEIRA
VAGA_a8cdf72278,CIÊNCIA DA COMPUTAÇÃO
VAGA_a8cdf72278,ENGENHARIA DE COMPUTAÇÃO
VAGA_a8cdf72278,ENGENHARIA ELÉTRICA
VAGA_a8cdf72278,SISTEMAS DE INFORMAÇÃO
VAGA_d4108ca2b8,DIREITO
VAGA_fe8b0f3d6d,DIREITO
VAGA_2bd770e911,ADMINISTRAÇÃO
VAGA_2bd770e911,TECNOLOGO EM GESTAO FINANCEIRA
VAGA_35b98f80db,ENGENHARIA CIVIL
VAGA_e1954829d4,DIREITO
VAGA_5ef14a35dc,ADMINISTRAÇÃO
VAGA_5ef14a35dc,TECNOLOGO EM GESTAO FINANCEIRA
VAGA_d479637f0c,DIREITO
VAGA_693dfbfd29,CIÊNCIA DA COMPUTAÇÃO
VAGA_693dfbfd29,ENGENHARIA DE COMPUTAÇÃO
VAGA_693dfbfd29,ENGENHARIA ELÉTRICA
VAGA_693dfbfd29,SISTEMAS DE INFORMAÇÃO
VAGA_07177ef565,DIREITO
VAGA_b6bf3cc40c,NUTRIÇÃO
VAGA_8ee6fe0cf0,ENGENHARIA CIVIL
VAGA_c5fe6c427f,ADMINISTRAÇÃO
VAGA_c5fe6c427f,TECNOLOGO EM GESTAO FINANCEIRA
VAGA_93d745a7db,ADMINISTRAÇÃO
VAGA_93d745a7db,TECNOLOGO EM GESTAO FINANCEIRA
VAGA_c763865d46,DIREITO
VAGA_4ace608b7b,CIÊNCIA DA COMPUTAÇÃO
VAGA_4ace608b7b,ENGENHARIA DE COMPUTAÇÃO
VAGA_4ace608b7b,ENGENHARIA ELÉTRICA
VAGA_4ace608b7b,SISTEMAS DE INFORMAÇÃO
VAGA_3e5b1238f1,ADMINISTRAÇÃO
VAGA_3e5b1238f1,TECNOLOGO EM GESTAO FINANCEIRA
VAGA_82dea4c504,CIÊNCIA DA COMPUTAÇÃO
VAGA_82dea4c504,ENGENHARIA DE COMPUTAÇÃO
VAGA_82dea4c504,ENGENHARIA ELÉTRICA
VAGA_82dea4c504,SISTEMAS DE INFORMAÇÃO
VAGA_52144caf0b,ADMINISTRAÇÃO
VAGA_52144caf0b,TECNOLOGO EM GESTAO FINANCEIRA
VAGA_59a1fdd160,CIÊNCIA DA COMPUTAÇÃO
VAGA_59a1fdd160,ENGENHARIA DE COMPUTAÇÃO
VAGA_59a1fdd160,ENGENHARIA ELÉTRICA
VAGA_59a1fdd160,SISTEMAS DE INFORMAÇÃO
VAGA_71e9e38661,NUTRIÇÃO
VAGA_bfc5890255,ADMINISTRAÇÃO
VAGA_bfc5890255,TECNOLOGO EM GESTAO FINANCEIRA
VAGA_175c272b3a,ADMINISTRAÇÃO
VAGA_175c272b3a,TECNOLOGO EM GESTAO FINANCEIRA
VAGA_8825473f22,ADMINISTRAÇÃO
VAGA_8825473f22,TECNOLOGO EM GESTAO FINANCEIRA
VAGA_64796e2a58,PSICOLOGIA
VAGA_c66e31d25b,ADMINISTRAÇÃO
VAGA_c66e31d25b,COMUNICAÇÃO SOCIAL
VAGA_c66e31d25b,ESTUDOS DE MÍDIA
VAGA_c66e31d25b,PUBLICIDADE E PROPAGANDA
VAGA_cccd30ca05,ENGENHARIA ELÉTRICA
VAGA_e7a1435ba7,ADMINISTRAÇÃO
VAGA_e7a1435ba7,TECNOLOGO EM GESTAO FINANCEIRA
VAGA_93913f3d3b,ADMINISTRAÇÃO
VAGA_93913f3d3b,TECNOLOGO EM GESTAO FINANCEIRA
VAGA_81763b47a6,CIÊNCIA DA COMPUTAÇÃO
VAGA_81763b47a6,ENGENHARIA DE COMPUTAÇÃO
VAGA_81763b47a6,ENGENHARIA ELÉTRICA
VAGA_81763b47a6,SISTEMAS DE INFORMAÇÃO
VAGA_58d6dc7bc8,ENGENHARIA DE PRODUÇÃO
VAGA_58d6dc7bc8,ENGENHARIA DE PRODUÇÃO CIVIL
VAGA_58d6dc7bc8,ENGENHARIA DE PRODUÇÃO ELÉTRICA
VAGA_58d6dc7bc8,ENGENHARIA DE PRODUÇÃO MECÂNICA
VAGA_58d6dc7bc8,ENGENHARIA DE PRODUÇÃO METALÚRGICA
VAGA_58d6dc7bc8,ENGENHARIA DE PRODUÇÃO QUÍMICA
VAGA_d91ecc10ec,DIREITO
VAGA_c7ad68d226,ENGENHARIA DE PRODUÇÃO QUÍMICA
VAGA_c7ad68d226,ENGENHARIA QUÍMICA
VAGA_c7ad68d226,QUÍMICA
VAGA_c7ad68d226,QUÍMICA INDUSTRIAL
VAGA_10fb40851f,ENGENHARIA CIVIL
VAGA_d17f765ea7,ADMINISTRAÇÃO
VAGA_d17f765ea7,TECNOLOGO EM GESTAO FINANCEIRA
VAGA_73b433d4b7,ADMINISTRAÇÃO
VAGA_73b433d4b7,TECNOLOGO EM GESTAO FINANCEIRA
VAGA_33f15ab1e8,CIÊNCIA DA COMPUTAÇÃO
VAGA_33f15ab1e8,ENGENHARIA DE COMPUTAÇÃO
VAGA_33f15ab1e8,ENGENHARIA ELÉTRICA
VAGA_33f15ab1e8,SISTEMAS DE INFORMAÇÃO
VAGA_d6ff4c75be,PSICOLOGIA
VAGA_97a922f23d,ENGENHARIA CIVIL
VAGA_6505d3a835,PEDAGOGIA
VAGA_dd2b53d382,ENGENHARIA CIVIL
VAGA_aa868ca349,ADMINISTRAÇÃO
VAGA_aa868ca349,TECNOLOGO EM GESTAO FINANCEIRA
VAGA_509c316423,ADMINISTRAÇÃO
VAGA_509c316423,TECNOLOGO EM GESTAO FINANCEIRA
VAGA_074f35c750,ADMINISTRAÇÃO
VAGA_074f35c750,TECNOLOGO EM GESTAO FINANCEIRA
VAGA_9c7337f63a,ADMINISTRAÇÃO
VAGA_9c7337f63a,TECNOLOGO EM GESTAO FINANCEIRA
VAGA_b763d642c6,PEDAGOGIA
VAGA_871c4ff2fe,ADMINISTRAÇÃO
VAGA_871c4ff2fe,TECNOLOGO EM GESTAO FINANCEIRA
VAGA_d7d11afe8f,ADMINISTRAÇÃO
VAGA_d7d11afe8f,TECNOLOGO EM GESTAO FINANCEIRA
VAGA_935a2cce02,ADMINISTRAÇÃO
VAGA_935a2cce02,TECNOLOGO EM GESTAO FINANCEIRA
VAGA_42d0eba165,ARQUITETURA E URBANISMO
VAGA_d5791fad19,ADMINISTRAÇÃO
VAGA_c37f22b254,ADMINISTRAÇÃO
VAGA_c37f22b254,ECONOMIA
VAGA_ae8d169c4b,DIREITO
VAGA_945035401f,ADMINISTRAÇÃO
VAGA_945035401f,TECNOLOGO EM GESTAO FINANCEIRA
VAGA_bc564fdd50,COMUNICAÇÃO VISUAL
VAGA_bc564fdd50,DESIGN
VAGA_bc564fdd50,MÍDIA DIGITAL
VAGA_bc564fdd50,MODA
VAGA_bc564fdd50,PROJETO DE PRODUTO
VAGA_3e9a0f1f9d,ECONOMIA
VAGA_eed8b281fe,DIREITO
VAGA_1f355e9bfd,ADMINISTRAÇÃO
VAGA_1f355e9bfd,COMUNICAÇÃO SOCIAL
VAGA_1f355e9bfd,ESTUDOS DE MÍDIA
VAGA_1f355e9bfd,PUBLICIDADE E PROPAGANDA
VAGA_468f79a981,ADMINISTRAÇÃO
VAGA_468f79a981,COMUNICAÇÃO SOCIAL
VAGA_468f79a981,ESTUDOS DE MÍDIA
VAGA_468f79a981,PUBLICIDADE E PROPAGANDA
VAGA_5f6c0022e8,ADMINISTRAÇÃO
VAGA_5f6c0022e8,TECNOLOGO EM GESTAO FINANCEIRA
VAGA_2e580c826b,ENGENHARIA ELÉTRICA
VAGA_84245603cf,CIÊNCIA DA COMPUTAÇÃO
VAGA_84245603cf,ENGENHARIA DE COMPUTAÇÃO
VAGA_84245603cf,SISTEMAS DE INFORMAÇÃO
VAGA_d5d42416b9,ENGENHARIA ELÉTRICA
VAGA_6b47459861,ADMINISTRAÇÃO
VAGA_6b47459861,TECNOLOGO EM GESTAO FINANCEIRA
VAGA_3ab1e7859d,ADMINISTRAÇÃO
VAGA_3ab1e7859d,TECNOLOGO EM GESTAO FINANCEIRA
VAGA_619c954c6f,MATEMÁTICA
VAGA_09689590e1,ADMINISTRAÇÃO
VAGA_09689590e1,TECNOLOGO EM GESTAO FINANCEIRA
VAGA_2a7960076f,ADMINISTRAÇÃO
VAGA_2a7960076f,TECNOLOGO EM GESTAO FINANCEIRA
VAGA_ac11ef1279,ADMINISTRAÇÃO
VAGA_ac11ef1279,PUBLICIDADE E PROPAGANDA
VAGA_ac11ef1279,RELAÇÕES INTERNACIONAIS
VAGA_d01a6dedc5,ADMINISTRAÇÃO
VAGA_d01a6dedc5,TECNOLOGO EM GESTAO FINANCEIRA
VAGA_be6c4ecbc6,CIÊNCIA DA COMPUTAÇÃO
VAGA_be6c4ecbc6,ENGENHARIA DE COMPUTAÇÃO
VAGA_be6c4ecbc6,ENGENHARIA ELÉTRICA
VAGA_be6c4ecbc6,SISTEMAS DE INFORMAÇÃO
VAGA_a83d2446c0,ADMINISTRAÇÃO
VAGA_a83d2446c0,TECNOLOGO EM GESTAO FINANCEIRA
VAGA_5b34907640,ADMINISTRAÇÃO
VAGA_5b34907640,TECNOLOGO EM GESTAO FINANCEIRA
VAGA_e87276ad03,ENGENHARIA CIVIL
VAGA_5928638c70,CIÊNCIAS SOCIAIS
VAGA_5928638c70,SERVIÇO SOCIAL
VAGA_1125f65639,CINEMA
VAGA_1125f65639,COMUNICAÇÃO SOCIAL
VAGA_1125f65639,ESTUDOS DE MÍDIA
VAGA_1125f65639,JORNALISMO
VAGA_1125f65639,PUBLICIDADE E PROPAGANDA
VAGA_6504c3fc52,ADMINISTRAÇÃO
VAGA_6504c3fc52,COMUNICAÇÃO SOCIAL
VAGA_6504c3fc52,ESTUDOS DE MÍDIA
VAGA_6504c3fc52,PUBLICIDADE E PROPAGANDA
VAGA_1fb9361de3,ADMINISTRAÇÃO
VAGA_1fb9361de3,TECNOLOGO EM GESTAO FINANCEIRA
VAGA_7129c9032d,ADMINISTRAÇÃO
VAGA_7129c9032d,COMUNICAÇÃO SOCIAL
VAGA_7129c9032d,ESTUDOS DE MÍDIA
VAGA_7129c9032d,PUBLICIDADE E PROPAGANDA
VAGA_f48f7d365d,ADMINISTRAÇÃO
VAGA_f48f7d365d,TECNOLOGO EM GESTAO FINANCEIRA
VAGA_e57b4d99f8,DIREITO
VAGA_e517818287,PEDAGOGIA
VAGA_a07f3067b6,ADMINISTRAÇÃO
VAGA_a07f3067b6,TECNOLOGO EM GESTAO FINANCEIRA
VAGA_1db368c191,DIREITO
VAGA_047dbb0b72,ENGENHARIA DE PRODUÇÃO
VAGA_047dbb0b72,ENGENHARIA DE PRODUÇÃO CIVIL
VAGA_047dbb0b72,ENGENHARIA DE PRODUÇÃO ELÉTRICA
VAGA_047dbb0b72,ENGENHARIA DE PRODUÇÃO MECÂNICA
VAGA_047dbb0b72,ENGENHARIA DE PRODUÇÃO METALÚRGICA
VAGA_047dbb0b72,ENGENHARIA DE PRODUÇÃO QUÍMICA
VAGA_d3e2b95032,ARQUITETURA E URBANISMO
VAGA_4c0ae17df2,ENGENHARIA AMBIENTAL
VAGA_fa4a6ea84e,ADMINISTRAÇÃO
VAGA_fa4a6ea84e,TECNOLOGO EM GESTAO FINANCEIRA
VAGA_a2077d230f,CIÊNCIA DA COMPUTAÇÃO
VAGA_a2077d230f,ENGENHARIA DE COMPUTAÇÃO
VAGA_a2077d230f,ENGENHARIA ELÉTRICA
VAGA_a2077d230f,SISTEMAS DE INFORMAÇÃO
VAGA_ad776e9d2a,ADMINISTRAÇÃO
VAGA_ad776e9d2a,TECNOLOGO EM GESTAO FINANCEIRA
VAGA_cb0d28cbd6,PEDAGOGIA
VAGA_d7e79d54f0,ADMINISTRAÇÃO
VAGA_d7e79d54f0,TECNOLOGO EM GESTAO FINANCEIRA
VAGA_8b663d5433,ENGENHARIA CIVIL
VAGA_4eaddf1931,CIÊNCIA DA COMPUTAÇÃO
VAGA_4eaddf1931,ENGENHARIA DE COMPUTAÇÃO
VAGA_4eaddf1931,ENGENHARIA ELÉTRICA
VAGA_4eaddf1931,SISTEMAS DE INFORMAÇÃO
VAGA_b239aca9f1,PEDAGOGIA
VAGA_4c870e637f,NUTRIÇÃO
VAGA_1e9a299bb2,ADMINISTRAÇÃO
VAGA_1e9a299bb2,TECNOLOGO EM GESTAO FINANCEIRA
VAGA_0a9ebe1cd3,NUTRIÇÃO
VAGA_65efc754c4,ADMINISTRAÇÃO
VAGA_65efc754c4,COMUNICAÇÃO SOCIAL
VAGA_65efc754c4,ESTUDOS DE MÍDIA
VAGA_65efc754c4,PUBLICIDADE E PROPAGANDA
VAGA_6e148e02c5,ENGENHARIA CIVIL
VAGA_081c455a3a,ADMINISTRAÇÃO
VAGA_081c455a3a,TECNOLOGO EM GESTAO FINANCEIRA
VAGA_409d6e068f,DIREITO
VAGA_337ae796a9,NUTRIÇÃO
VAGA_be5985592b,ADMINISTRAÇÃO
VAGA_be5985592b,COMUNICAÇÃO SOCIAL
VAGA_be5985592b,ESTUDOS DE MÍDIA
VAGA_be5985592b,PUBLICIDADE E PROPAGANDA
VAGA_fae696dd45,ADMINISTRAÇÃO
VAGA_fae696dd45,COMUNICAÇÃO SOCIAL
VAGA_fae696dd45,ESTUDOS DE MÍDIA
VAGA_fae696dd45,PUBLICIDADE E PROPAGANDA
VAGA_3d638a3eda,ADMINISTRAÇÃO
VAGA_3d638a3eda,TECNOLOGO EM GESTAO FINANCEIRA
VAGA_e0fb665cfa,ADMINISTRAÇÃO
VAGA_e0fb665cfa,TECNOLOGO EM GESTAO FINANCEIRA
VAGA_1a44a21cb1,ADMINISTRAÇÃO
VAGA_1a44a21cb1,TECNOLOGO EM GESTAO FINANCEIRA
VAGA_0f82430307,ENGENHARIA CIVIL
VAGA_0d234018a5,ENGENHARIA ELÉTRICA
VAGA_1b230f2758,ENGENHARIA DE CONTROLE E AUTOMAÇÃO
VAGA_1b230f2758,ENGENHARIA ELÉTRICA
VAGA_72d9c97156,ENGENHARIA MECÂNICA
VAGA_29305de36a,ENGENHARIA DE PRODUÇÃO
VAGA_29305de36a,ENGENHARIA QUÍMICA
VAGA_403cada0ce,DIREITO
VAGA_a593167df9,ADMINISTRAÇÃO
VAGA_a593167df9,ECONOMIA
VAGA_dd03d2407c,CINEMA
VAGA_dd03d2407c,COMUNICAÇÃO SOCIAL
VAGA_dd03d2407c,ESTUDOS DE MÍDIA
VAGA_dd03d2407c,JORNALISMO
VAGA_dd03d2407c,PUBLICIDADE E PROPAGANDA
VAGA_ee81f2037f,ARQUITETURA E URBANISMO
VAGA_112d8728e4,CIÊNCIA DA COMPUTAÇÃO
VAGA_112d8728e4,ENGENHARIA DE COMPUTAÇÃO
VAGA_112d8728e4,ENGENHARIA ELÉTRICA
VAGA_112d8728e4,SISTEMAS DE INFORMAÇÃO
VAGA_4d5733afab,DIREITO
VAGA_07af5e2f5f,ADMINISTRAÇÃO
VAGA_07af5e2f5f,TECNOLOGO EM GESTAO FINANCEIRA
VAGA_2ee547e848,ADMINISTRAÇÃO
VAGA_2ee547e848,TECNOLOGO EM GESTAO FINANCEIRA
VAGA_0875886695,ADMINISTRAÇÃO
VAGA_0875886695,TECNOLOGO EM GESTAO FINANCEIRA
VAGA_1c6ded870a,CIÊNCIA DA COMPUTAÇÃO
VAGA_1c6ded870a,ENGENHARIA DE COMPUTAÇÃO
VAGA_1c6ded870a,ENGENHARIA ELÉTRICA
VAGA_1c6ded870a,SISTEMAS DE INFORMAÇÃO
VAGA_59e2338bba,ADMINISTRAÇÃO
VAGA_59e2338bba,TECNOLOGO EM GESTAO FINANCEIRA
VAGA_de078fa277,ADMINISTRAÇÃO
VAGA_de078fa277,TECNOLOGO EM GESTAO FINANCEIRA
VAGA_e0ffc0bff2,DIREITO
VAGA_68f79568ca,DIREITO
VAGA_8b76f70dc5,COMUNICAÇÃO VISUAL
VAGA_8b76f70dc5,DESIGN
VAGA_8b76f70dc5,MÍDIA DIGITAL
VAGA_8b76f70dc5,MODA
VAGA_8b76f70dc5,PROJETO DE PRODUTO
VAGA_74595ac9d0,ADMINISTRAÇÃO
VAGA_74595ac9d0,TECNOLOGO EM GESTAO FINANCEIRA
VAGA_ca6eaef54a,PEDAGOGIA
VAGA_39934dcdb9,ADMINISTRAÇÃO
VAGA_39934dcdb9,COMUNICAÇÃO SOCIAL
VAGA_39934dcdb9,ESTUDOS DE MÍDIA
VAGA_39934dcdb9,PUBLICIDADE E PROPAGANDA
VAGA_30d40bb728,ADMINISTRAÇÃO
VAGA_30d40bb728,TECNOLOGO EM GESTAO FINANCEIRA
VAGA_fc730ad3a6,ADMINISTRAÇÃO
VAGA_fc730ad3a6,TECNOLOGO EM GESTAO FINANCEIRA
VAGA_cc99afd080,ENGENHARIA DE PRODUÇÃO
VAGA_cc99afd080,ENGENHARIA DE PRODUÇÃO CIVIL
VAGA_cc99afd080,ENGENHARIA DE PRODUÇÃO ELÉTRICA
VAGA_cc99afd080,ENGENHARIA DE PRODUÇÃO MECÂNICA
VAGA_cc99afd080,ENGENHARIA DE PRODUÇÃO METALÚRGICA
VAGA_cc99afd080,ENGENHARIA DE PRODUÇÃO QUÍMICA
VAGA_e75d723788,CIÊNCIA DA COMPUTAÇÃO
VAGA_e75d723788,ENGENHARIA DE COMPUTAÇÃO
VAGA_e75d723788,ENGENHARIA ELÉTRICA
VAGA_e75d723788,SISTEMAS DE INFORMAÇÃO
VAGA_54f1833900,DIREITO
VAGA_23fd1b58da,ADMINISTRAÇÃO
VAGA_23fd1b58da,TECNOLOGO EM GESTAO FINANCEIRA
VAGA_0fd63653ca,ARQUITETURA E URBANISMO
VAGA_9ec1dcb5d9,PEDAGOGIA
VAGA_44008bcccc,ENGENHARIA ELÉTRICA
VAGA_425c8f0a6c,ADMINISTRAÇÃO
VAGA_425c8f0a6c,TECNOLOGO EM GESTAO FINANCEIRA
VAGA_7d81d85f4a,ADMINISTRAÇÃO
VAGA_7d81d85f4a,TECNOLOGO EM GESTAO FINANCEIRA
VAGA_ad39ad8307,DIREITO
VAGA_fa2dba8dba,PEDAGOGIA
VAGA_5e990bacee,ADMINISTRAÇÃO
VAGA_5e990bacee,COMUNICAÇÃO SOCIAL
VAGA_5e990bacee,ESTUDOS DE MÍDIA
VAGA_5e990bacee,PUBLICIDADE E PROPAGANDA
VAGA_aff8649d95,PEDAGOGIA
VAGA_10cd3e9a93,CIÊNCIA DA COMPUTAÇÃO
VAGA_10cd3e9a93,ENGENHARIA DE COMPUTAÇÃO
VAGA_10cd3e9a93,ENGENHARIA ELÉTRICA
VAGA_10cd3e9a93,SISTEMAS DE INFORMAÇÃO
VAGA_151a5c668c,ADMINISTRAÇÃO
VAGA_151a5c668c,DIREITO
VAGA_151a5c668c,ECONOMIA
VAGA_5ebb65e0a8,COMUNICAÇÃO VISUAL
VAGA_5ebb65e0a8,DESIGN
VAGA_5ebb65e0a8,ESTUDOS DE MÍDIA
VAGA_5ebb65e0a8,MÍDIA DIGITAL
VAGA_5ebb65e0a8,PUBLICIDADE E PROPAGANDA
VAGA_a115798875,DIREITO
VAGA_58b1e3c53d,ADMINISTRAÇÃO
VAGA_58b1e3c53d,COMUNICAÇÃO SOCIAL
VAGA_58b1e3c53d,ESTUDOS DE MÍDIA
VAGA_58b1e3c53d,PUBLICIDADE E PROPAGANDA
VAGA_62214f195f,ADMINISTRAÇÃO
VAGA_62214f195f,COMUNICAÇÃO SOCIAL
VAGA_62214f195f,ESTUDOS DE MÍDIA
VAGA_62214f195f,PUBLICIDADE E PROPAGANDA
VAGA_dc800c4b38,DIREITO
VAGA_361aee3b4b,ENGENHARIA ELÉTRICA
VAGA_f2af53f13e,ADMINISTRAÇÃO
VAGA_f2af53f13e,COMUNICAÇÃO SOCIAL
VAGA_f2af53f13e,ESTUDOS DE MÍDIA
VAGA_f2af53f13e,PUBLICIDADE E PROPAGANDA
VAGA_2e22ffcb58,ADMINISTRAÇÃO
VAGA_2e22ffcb58,COMUNICAÇÃO SOCIAL
VAGA_2e22ffcb58,ESTUDOS DE MÍDIA
VAGA_2e22ffcb58,PUBLICIDADE E PROPAGANDA
VAGA_2e716d55ac,ADMINISTRAÇÃO
VAGA_2e716d55ac,TECNOLOGO EM GESTAO FINANCEIRA
VAGA_86ad38dd7c,ADMINISTRAÇÃO
VAGA_86ad38dd7c,TECNOLOGO EM GESTAO FINANCEIRA
VAGA_f0fce9f5ec,ENGENHARIA CIVIL
VAGA_941c8c883f,ENGENHARIA CIVIL
VAGA_2fd9b722bd,ARQUITETURA E URBANISMO
VAGA_2fd9b722bd,ENGENHARIA CIVIL
VAGA_39fbf6d85f,ENGENHARIA CIVIL
VAGA_a2b9c2eda1,ADMINISTRAÇÃO
VAGA_a2b9c2eda1,TECNOLOGO EM GESTAO FINANCEIRA
VAGA_8021fca930,ARQUITETURA E URBANISMO
VAGA_94bda9a7e8,ENGENHARIA CIVIL
VAGA_9192775793,ADMINISTRAÇÃO
VAGA_9192775793,TECNOLOGO EM GESTAO FINANCEIRA
VAGA_a883a79a58,ENGENHARIA CIVIL
VAGA_d05ffcce9b,ENGENHARIA CIVIL
VAGA_d5af0300ef,ENGENHARIA CIVIL
VAGA_08d34aad2b,DIREITO
VAGA_09c1133cbc,PSICOLOGIA
VAGA_31f02e6c7e,COMUNICAÇÃO VISUAL
VAGA_31f02e6c7e,DESIGN
VAGA_31f02e6c7e,MÍDIA DIGITAL
VAGA_31f02e6c7e,MODA
VAGA_31f02e6c7e,PROJETO DE PRODUTO
VAGA_489c7e8f84,DIREITO
VAGA_e14c8f259b,DIREITO
VAGA_13953ef357,CIÊNCIA DA COMPUTAÇÃO
VAGA_13953ef357,ENGENHARIA DE COMPUTAÇÃO
VAGA_13953ef357,ENGENHARIA ELÉTRICA
VAGA_13953ef357,SISTEMAS DE INFORMAÇÃO
VAGA_1a37c6cc27,COMUNICAÇÃO VISUAL
VAGA_1a37c6cc27,DESIGN
VAGA_1a37c6cc27,MÍDIA DIGITAL
VAGA_1a37c6cc27,MODA
VAGA_1a37c6cc27,PROJETO DE PRODUTO
VAGA_6ff36acb18,ADMINISTRAÇÃO
VAGA_6ff36acb18,TECNOLOGO EM GESTAO FINANCEIRA
VAGA_91bdffd27a,ENGENHARIA DE PRODUÇÃO MECÂNICA
VAGA_a4c8a3da3b,ADMINISTRAÇÃO
VAGA_a4c8a3da3b,TECNOLOGO EM GESTAO FINANCEIRA
VAGA_630988e362,CIÊNCIA DA COMPUTAÇÃO
VAGA_630988e362,ENGENHARIA DE COMPUTAÇÃO
VAGA_630988e362,SISTEMAS DE INFORMAÇÃO
VAGA_912a236cb0,ECONOMIA
VAGA_b313e3ceac,ADMINISTRAÇÃO
VAGA_b313e3ceac,TECNOLOGO EM GESTAO FINANCEIRA
VAGA_c09097f3c9,ADMINISTRAÇÃO
VAGA_c09097f3c9,TECNOLOGO EM GESTAO FINANCEIRA
VAGA_e2f15d31f6,ADMINISTRAÇÃO
VAGA_e2f15d31f6,TECNOLOGO EM GESTAO FINANCEIRA
VAGA_60686e0359,ADMINISTRAÇÃO
VAGA_60686e0359,TECNOLOGO EM GESTAO FINANCEIRA
VAGA_c6e5cc733f,ADMINISTRAÇÃO
VAGA_c6e5cc733f,TECNOLOGO EM GESTAO FINANCEIRA
VAGA_36cbd01b62,CIÊNCIA DA COMPUTAÇÃO
VAGA_36cbd01b62,ENGENHARIA DE COMPUTAÇÃO
VAGA_36cbd01b62,ENGENHARIA ELÉTRICA
VAGA_36cbd01b62,SISTEMAS DE INFORMAÇÃO
VAGA_c708de2799,ADMINISTRAÇÃO
VAGA_c708de2799,COMUNICAÇÃO SOCIAL
VAGA_c708de2799,ESTUDOS DE MÍDIA
VAGA_c708de2799,PUBLICIDADE E PROPAGANDA
VAGA_d69b048651,ADMINISTRAÇÃO
VAGA_d69b048651,TECNOLOGO EM GESTAO FINANCEIRA
VAGA_8283998a5f,ADMINISTRAÇÃO
VAGA_8283998a5f,TECNOLOGO EM GESTAO FINANCEIRA
VAGA_03b4d1e522,ADMINISTRAÇÃO
VAGA_03b4d1e522,COMUNICAÇÃO SOCIAL
VAGA_03b4d1e522,ESTUDOS DE MÍDIA
VAGA_03b4d1e522,PUBLICIDADE E PROPAGANDA
VAGA_a644472cdd,ADMINISTRAÇÃO
VAGA_a644472cdd,TECNOLOGO EM GESTAO FINANCEIRA
VAGA_634448cc32,DIREITO
VAGA_e930f64c20,CIÊNCIA DA COMPUTAÇÃO
VAGA_e930f64c20,ENGENHARIA DE COMPUTAÇÃO
VAGA_e930f64c20,ENGENHARIA ELÉTRICA
VAGA_e930f64c20,SISTEMAS DE INFORMAÇÃO
VAGA_b07c156dcc,ADMINISTRAÇÃO
VAGA_b07c156dcc,ECONOMIA
VAGA_b07c156dcc,ENGENHARIA DE PRODUÇÃO
VAGA_b07c156dcc,ENGENHARIA DE PRODUÇÃO CIVIL
VAGA_b07c156dcc,ENGENHARIA DE PRODUÇÃO MECÂNICA
VAGA_935bda4f55,ADMINISTRAÇÃO
VAGA_935bda4f55,TECNOLOGO EM GESTAO FINANCEIRA
VAGA_bca6cf8e4e,ADMINISTRAÇÃO
VAGA_bca6cf8e4e,TECNOLOGO EM GESTAO FINANCEIRA
VAGA_13fcd66dcc,CINEMA
VAGA_13fcd66dcc,COMUNICAÇÃO SOCIAL
VAGA_13fcd66dcc,ESTUDOS DE MÍDIA
VAGA_13fcd66dcc,JORNALISMO
VAGA_13fcd66dcc,PUBLICIDADE E PROPAGANDA
VAGA_46c7a7d098,ADMINISTRAÇÃO
VAGA_46c7a7d098,TECNOLOGO EM GESTAO FINANCEIRA
VAGA_f12d60f22e,ADMINISTRAÇÃO
VAGA_f12d60f22e,TECNOLOGO EM GESTAO FINANCEIRA
VAGA_539b10affa,COMUNICAÇÃO SOCIAL
VAGA_539b10affa,PUBLICIDADE E PROPAGANDA
VAGA_9dc30311e0,ADMINISTRAÇÃO
VAGA_9dc30311e0,TECNOLOGO EM GESTAO FINANCEIRA
VAGA_c1691cb22f,ADMINISTRAÇÃO
VAGA_c1691cb22f,TECNOLOGO EM GESTAO FINANCEIRA
VAGA_92d19ddee7,ADMINISTRAÇÃO
VAGA_92d19ddee7,TECNOLOGO EM GESTAO FINANCEIRA
VAGA_afc4c00278,CIÊNCIA DA COMPUTAÇÃO
VAGA_afc4c00278,ENGENHARIA DE COMPUTAÇÃO
VAGA_afc4c00278,MATEMÁTICA
VAGA_48cd5e4f01,ADMINISTRAÇÃO
VAGA_48cd5e4f01,TECNOLOGO EM GESTAO FINANCEIRA
VAGA_92fc098d5c,ADMINISTRAÇÃO
VAGA_92fc098d5c,TECNOLOGO EM GESTAO FINANCEIRA
VAGA_a5316ff489,ADMINISTRAÇÃO
VAGA_a5316ff489,TECNOLOGO EM GESTAO FINANCEIRA
VAGA_1071fa404e,ADMINISTRAÇÃO
VAGA_1071fa404e,TECNOLOGO EM GESTAO FINANCEIRA
VAGA_ce74b74f2f,ADMINISTRAÇÃO
VAGA_ce74b74f2f,TECNOLOGO EM GESTAO FINANCEIRA
VAGA_23f7d6876a,ADMINISTRAÇÃO
VAGA_23f7d6876a,COMUNICAÇÃO SOCIAL
VAGA_23f7d6876a,ESTUDOS DE MÍDIA
VAGA_23f7d6876a,PUBLICIDADE E PROPAGANDA
VAGA_626f26e219,ADMINISTRAÇÃO
VAGA_626f26e219,COMUNICAÇÃO SOCIAL
VAGA_626f26e219,ESTUDOS DE MÍDIA
VAGA_626f26e219,PUBLICIDADE E PROPAGANDA
VAGA_91cea28f91,COMUNICAÇÃO VISUAL
VAGA_91cea28f91,DESIGN
VAGA_91cea28f91,MÍDIA DIGITAL
VAGA_91cea28f91,MODA
VAGA_91cea28f91,PROJETO DE PRODUTO
VAGA_6400d84163,ADMINISTRAÇÃO
VAGA_6400d84163,TECNOLOGO EM GESTAO FINANCEIRA
VAGA_25a17eef54,ADMINISTRAÇÃO
VAGA_25a17eef54,TECNOLOGO EM GESTAO FINANCEIRA
VAGA_aef6ffd52f,CINEMA
VAGA_aef6ffd52f,COMUNICAÇÃO SOCIAL
VAGA_aef6ffd52f,ESTUDOS DE MÍDIA
VAGA_aef6ffd52f,JORNALISMO
VAGA_aef6ffd52f,PUBLICIDADE E PROPAGANDA
VAGA_d86e2981c3,DIREITO
VAGA_37d10f6347,ARQUITETURA E URBANISMO
VAGA_ebae12b4dc,ADMINISTRAÇÃO
VAGA_ebae12b4dc,ECONOMIA
VAGA_ebae12b4dc,ENGENHARIA CIVIL
VAGA_ebae12b4dc,ENGENHARIA DE COMPUTAÇÃO
VAGA_ebae12b4dc,ENGENHARIA DE PRODUÇÃO
VAGA_38ea91ca50,ENGENHARIA CIVIL
VAGA_954a852c7b,COMUNICAÇÃO VISUAL
VAGA_954a852c7b,DESIGN
VAGA_954a852c7b,MÍDIA DIGITAL
VAGA_954a852c7b,MODA
VAGA_954a852c7b,PROJETO DE PRODUTO
VAGA_96416ebc7f,ARQUITETURA E URBANISMO
VAGA_69067b1a9e,CIÊNCIA DA COMPUTAÇÃO
VAGA_69067b1a9e,ENGENHARIA DE COMPUTAÇÃO
VAGA_69067b1a9e,ENGENHARIA ELÉTRICA
VAGA_69067b1a9e,SISTEMAS DE INFORMAÇÃO
VAGA_c5632787e9,ADMINISTRAÇÃO
VAGA_c5632787e9,TECNOLOGO EM GESTAO FINANCEIRA
VAGA_631853453b,DIREITO
VAGA_1a4dacbf1f,CINEMA
VAGA_1a4dacbf1f,COMUNICAÇÃO SOCIAL
VAGA_1a4dacbf1f,ESTUDOS DE MÍDIA
VAGA_1a4dacbf1f,JORNALISMO
VAGA_1a4dacbf1f,PUBLICIDADE E PROPAGANDA
VAGA_3753a938ac,ADMINISTRAÇÃO
VAGA_3753a938ac,TECNOLOGO EM GESTAO FINANCEIRA
VAGA_225a7115a2,ADMINISTRAÇÃO
VAGA_225a7115a2,COMUNICAÇÃO SOCIAL
VAGA_225a7115a2,ESTUDOS DE MÍDIA
VAGA_225a7115a2,PUBLICIDADE E PROPAGANDA
VAGA_bbebb28a6d,ADMINISTRAÇÃO
VAGA_bbebb28a6d,TECNOLOGO EM GESTAO FINANCEIRA
VAGA_87226501a9,ENGENHARIA DE PRODUÇÃO
VAGA_87226501a9,ENGENHARIA DE PRODUÇÃO CIVIL
VAGA_87226501a9,ENGENHARIA DE PRODUÇÃO ELÉTRICA
VAGA_87226501a9,ENGENHARIA DE PRODUÇÃO MECÂNICA
VAGA_87226501a9,ENGENHARIA DE PRODUÇÃO METALÚRGICA
VAGA_87226501a9,ENGENHARIA DE PRODUÇÃO QUÍMICA
VAGA_5b3903ca18,ADMINISTRAÇÃO
VAGA_5b3903ca18,TECNOLOGO EM GESTAO FINANCEIRA
VAGA_f53c1ec94f,ADMINISTRAÇÃO
VAGA_f53c1ec94f,PUBLICIDADE E PROPAGANDA
VAGA_f53c1ec94f,RELAÇÕES INTERNACIONAIS
VAGA_cfeb9db172,ARQUITETURA E URBANISMO
VAGA_dcc290f08a,ADMINISTRAÇÃO
VAGA_dcc290f08a,TECNOLOGO EM GESTAO FINANCEIRA
VAGA_71fac87b31,ADMINISTRAÇÃO
VAGA_71fac87b31,COMUNICAÇÃO SOCIAL
VAGA_71fac87b31,ESTUDOS DE MÍDIA
VAGA_71fac87b31,PUBLICIDADE E PROPAGANDA
VAGA_c90d510d7a,ENGENHARIA CIVIL
VAGA_6c94cd8d9e,ADMINISTRAÇÃO
VAGA_6c94cd8d9e,TECNOLOGO EM GESTAO FINANCEIRA
VAGA_afe5794bff,ADMINISTRAÇÃO
VAGA_afe5794bff,TECNOLOGO EM GESTAO FINANCEIRA
VAGA_79c2b81c67,ADMINISTRAÇÃO
VAGA_79c2b81c67,TECNOLOGO EM GESTAO FINANCEIRA
VAGA_292d11fa4b,ADMINISTRAÇÃO
VAGA_baaac9a14c,ADMINISTRAÇÃO
VAGA_baaac9a14c,TECNOLOGO EM GESTAO FINANCEIRA
VAGA_22e145fe76,ADMINISTRAÇÃO
VAGA_22e145fe76,TECNOLOGO EM GESTAO FINANCEIRA
VAGA_255c97beed,PEDAGOGIA
VAGA_8d1b13e9ea,ADMINISTRAÇÃO
VAGA_8d1b13e9ea,TECNOLOGO EM GESTAO FINANCEIRA
VAGA_0461c3b445,HISTÓRIA
VAGA_861e43b8b1,ADMINISTRAÇÃO
VAGA_861e43b8b1,PSICOLOGIA
VAGA_b73a884c36,ADMINISTRAÇÃO
VAGA_b73a884c36,COMUNICAÇÃO SOCIAL
VAGA_b73a884c36,COMUNICAÇÃO VISUAL
VAGA_b73a884c36,PUBLICIDADE E PROPAGANDA
VAGA_fd6b531573,ADMINISTRAÇÃO
VAGA_fd6b531573,COMUNICAÇÃO SOCIAL
VAGA_fd6b531573,COMUNICAÇÃO VISUAL
VAGA_fd6b531573,PSICOLOGIA
VAGA_07d0fb686f,ADMINISTRAÇÃO
VAGA_07d0fb686f,CIÊNCIA DA COMPUTAÇÃO
VAGA_07d0fb686f,ECONOMIA
VAGA_07d0fb686f,ENGENHARIA AMBIENTAL
VAGA_07d0fb686f,ENGENHARIA CIVIL
VAGA_07d0fb686f,ENGENHARIA DE COMPUTAÇÃO
VAGA_07d0fb686f,ENGENHARIA DE CONTROLE E AUTOMAÇÃO
VAGA_07d0fb686f,ENGENHARIA DE MATERIAIS
VAGA_07d0fb686f,ENGENHARIA DE PETRÓLEO
VAGA_07d0fb686f,ENGENHARIA DE PRODUÇÃO
VAGA_07d0fb686f,ENGENHARIA DE PRODUÇÃO CIVIL
VAGA_07d0fb686f,ENGENHARIA DE PRODUÇÃO ELÉTRICA
VAGA_07d0fb686f,ENGENHARIA DE PRODUÇÃO MECÂNICA
VAGA_07d0fb686f,ENGENHARIA DE PRODUÇÃO METALÚRGICA
VAGA_07d0fb686f,ENGENHARIA DE PRODUÇÃO QUÍMICA
VAGA_07d0fb686f,ENGENHARIA ELÉTRICA
VAGA_07d0fb686f,ENGENHARIA MECÂNICA
VAGA_07d0fb686f,ENGENHARIA METALÚRGICA
VAGA_07d0fb686f,ENGENHARIA QUÍMICA
VAGA_07d0fb686f,FÍSICA
VAGA_07d0fb686f,MATEMÁTICA
VAGA_07d0fb686f,SISTEMAS DE INFORMAÇÃO
VAGA_fbd29a06c4,ADMINISTRAÇÃO
VAGA_fbd29a06c4,TECNOLOGO EM GESTAO FINANCEIRA
VAGA_0d34082fb8,ADMINISTRAÇÃO
VAGA_0d34082fb8,TECNOLOGO EM GESTAO FINANCEIRA
VAGA_364d792029,ARQUITETURA E URBANISMO
VAGA_e7ae64c1ec,ADMINISTRAÇÃO
VAGA_e7ae64c1ec,TECNOLOGO EM GESTAO FINANCEIRA
VAGA_8e038f633c,CINEMA
VAGA_8e038f633c,COMUNICAÇÃO SOCIAL
VAGA_8e038f633c,ESTUDOS DE MÍDIA
VAGA_8e038f633c,JORNALISMO
VAGA_8e038f633c,PUBLICIDADE E PROPAGANDA
VAGA_fb68805ee0,CINEMA
VAGA_fb68805ee0,COMUNICAÇÃO SOCIAL
VAGA_fb68805ee0,ESTUDOS DE MÍDIA
VAGA_fb68805ee0,JORNALISMO
VAGA_fb68805ee0,PUBLICIDADE E PROPAGANDA
VAGA_17b60b7ba1,ENGENHARIA CIVIL
VAGA_743e0f7bf2,DIREITO
VAGA_2242102456,CINEMA
VAGA_2242102456,COMUNICAÇÃO SOCIAL
VAGA_2242102456,ESTUDOS DE MÍDIA
VAGA_2242102456,JORNALISMO
VAGA_2242102456,PUBLICIDADE E PROPAGANDA
VAGA_3a3061625d,ADMINISTRAÇÃO
VAGA_3a3061625d,TECNOLOGO EM GESTAO FINANCEIRA
VAGA_1f5c1c8a0e,ADMINISTRAÇÃO
VAGA_0236d943da,ADMINISTRAÇÃO
VAGA_0236d943da,TECNOLOGO EM GESTAO FINANCEIRA
VAGA_22260d16b8,ADMINISTRAÇÃO
VAGA_22260d16b8,TECNOLOGO EM GESTAO FINANCEIRA
VAGA_65089d2d96,ADMINISTRAÇÃO
VAGA_65089d2d96,TECNOLOGO EM GESTAO FINANCEIRA
VAGA_4378638f9d,ENGENHARIA CIVIL
VAGA_96f8e8a502,NUTRIÇÃO
VAGA_37d25dc814,ADMINISTRAÇÃO
VAGA_37d25dc814,ARTES CENICAS
VAGA_c778b7d7e3,ADMINISTRAÇÃO
VAGA_c778b7d7e3,TECNOLOGO EM GESTAO FINANCEIRA
VAGA_a6cadf4e36,ADMINISTRAÇÃO
VAGA_a6cadf4e36,TECNOLOGO EM GESTAO FINANCEIRA
VAGA_a94006ffca,ADMINISTRAÇÃO
VAGA_a94006ffca,TECNOLOGO EM GESTAO FINANCEIRA
VAGA_6720d6d497,CINEMA
VAGA_6720d6d497,COMUNICAÇÃO SOCIAL
VAGA_6720d6d497,ESTUDOS DE MÍDIA
VAGA_6720d6d497,JORNALISMO
VAGA_6720d6d497,PUBLICIDADE E PROPAGANDA
VAGA_ec1e75a3fd,ADMINISTRAÇÃO
VAGA_ec1e75a3fd,TECNOLOGO EM GESTAO FINANCEIRA
VAGA_f442b05593,ADMINISTRAÇÃO
VAGA_f442b05593,TECNOLOGO EM GESTAO FINANCEIRA
VAGA_7d783204a3,ADMINISTRAÇÃO
VAGA_7d783204a3,TECNOLOGO EM GESTAO FINANCEIRA
VAGA_1e63c22041,DIREITO
VAGA_b8d91bdcaf,CINEMA
VAGA_b8d91bdcaf,COMUNICAÇÃO SOCIAL
VAGA_b8d91bdcaf,ESTUDOS DE MÍDIA
VAGA_b8d91bdcaf,JORNALISMO
VAGA_b8d91bdcaf,PUBLICIDADE E PROPAGANDA
VAGA_bce6dbb010,ADMINISTRAÇÃO
VAGA_bce6dbb010,TECNOLOGO EM GESTAO FINANCEIRA
VAGA_48df714693,ADMINISTRAÇÃO
VAGA_48df714693,TECNOLOGO EM GESTAO FINANCEIRA
VAGA_094509a5d4,PSICOLOGIA
VAGA_1d67aba098,ADMINISTRAÇÃO
VAGA_1d67aba098,TECNOLOGO EM GESTAO FINANCEIRA
VAGA_a290198126,ADMINISTRAÇÃO
VAGA_a290198126,TECNOLOGO EM GESTAO FINANCEIRA
VAGA_cfb29a4e0a,ENGENHARIA ELÉTRICA
VAGA_81bd9ac0f5,ADMINISTRAÇÃO
VAGA_81bd9ac0f5,TECNOLOGO EM GESTAO FINANCEIRA
VAGA_f1716386a3,CINEMA
VAGA_f1716386a3,COMUNICAÇÃO SOCIAL
VAGA_f1716386a3,ESTUDOS DE MÍDIA
VAGA_f1716386a3,JORNALISMO
VAGA_f1716386a3,PUBLICIDADE E PROPAGANDA
VAGA_af5d4dda33,ENGENHARIA DE PRODUÇÃO
VAGA_af5d4dda33,ENGENHARIA DE PRODUÇÃO CIVIL
VAGA_af5d4dda33,ENGENHARIA DE PRODUÇÃO ELÉTRICA
VAGA_af5d4dda33,ENGENHARIA DE PRODUÇÃO MECÂNICA
VAGA_af5d4dda33,ENGENHARIA DE PRODUÇÃO METALÚRGICA
VAGA_af5d4dda33,ENGENHARIA DE PRODUÇÃO QUÍMICA
VAGA_22b326cb51,ECONOMIA
VAGA_63ac43de5d,ADMINISTRAÇÃO
VAGA_63ac43de5d,TECNOLOGO EM GESTAO FINANCEIRA
VAGA_4c594383ac,ADMINISTRAÇÃO
VAGA_4c594383ac,TECNOLOGO EM GESTAO FINANCEIRA
VAGA_45ad73dc1b,ADMINISTRAÇÃO
VAGA_45ad73dc1b,TECNOLOGO EM GESTAO FINANCEIRA
VAGA_053ddf492d,ARQUITETURA E URBANISMO
VAGA_c4ddad60b4,ADMINISTRAÇÃO
VAGA_c4ddad60b4,ARTES CENICAS
VAGA_bbab85a79a,ADMINISTRAÇÃO
VAGA_bbab85a79a,ARTES CENICAS
VAGA_971fe926ad,ADMINISTRAÇÃO
VAGA_971fe926ad,TECNOLOGO EM GESTAO FINANCEIRA
VAGA_1031a4b22e,DIREITO
VAGA_46b0721fc0,NUTRIÇÃO
VAGA_3a10fbbd2f,PEDAGOGIA
VAGA_944271a61c,DIREITO
VAGA_fc87f2d12a,DIREITO
VAGA_2add6c3e72,CINEMA
VAGA_2add6c3e72,COMUNICAÇÃO SOCIAL
VAGA_2add6c3e72,ESTUDOS DE MÍDIA
VAGA_2add6c3e72,JORNALISMO
VAGA_2add6c3e72,PUBLICIDADE E PROPAGANDA
VAGA_04f65b97e1,ADMINISTRAÇÃO
VAGA_04f65b97e1,TECNOLOGO EM GESTAO FINANCEIRA
VAGA_08dced19de,DIREITO
VAGA_6c3d2c19e3,ADMINISTRAÇÃO
VAGA_6c3d2c19e3,COMUNICAÇÃO SOCIAL
VAGA_6c3d2c19e3,ESTUDOS DE MÍDIA
VAGA_6c3d2c19e3,PUBLICIDADE E PROPAGANDA
VAGA_e464d9e2d0,ENGENHARIA CIVIL
VAGA_4a00c0fa9b,ADMINISTRAÇÃO
VAGA_4a00c0fa9b,ENGENHARIA DE PRODUÇÃO
VAGA_4a00c0fa9b,RELAÇÕES INTERNACIONAIS
VAGA_7652f2c44b,ADMINISTRAÇÃO
VAGA_7652f2c44b,TECNOLOGO EM GESTAO FINANCEIRA
VAGA_8b4549743d,ENGENHARIA CIVIL
VAGA_ca5305b7aa,ADMINISTRAÇÃO
VAGA_ca5305b7aa,COMUNICAÇÃO SOCIAL
VAGA_ca5305b7aa,ESTUDOS DE MÍDIA
VAGA_ca5305b7aa,PUBLICIDADE E PROPAGANDA
VAGA_fdbe556666,ADMINISTRAÇÃO
VAGA_fdbe556666,TECNOLOGO EM GESTAO FINANCEIRA
VAGA_2d73962648,ARQUITETURA E URBANISMO
VAGA_c954103d2d,ADMINISTRAÇÃO
VAGA_c954103d2d,TECNOLOGO EM GESTAO FINANCEIRA
VAGA_8893b0284a,ADMINISTRAÇÃO
VAGA_8893b0284a,TECNOLOGO EM GESTAO FINANCEIRA
VAGA_e26641f357,ADMINISTRAÇÃO
VAGA_e26641f357,TECNOLOGO EM GESTAO FINANCEIRA
VAGA_bf57a11045,ENGENHARIA CIVIL
VAGA_9479ecb99d,ADMINISTRAÇÃO
VAGA_9479ecb99d,TECNOLOGO EM GESTAO FINANCEIRA
VAGA_361ce174cc,ADMINISTRAÇÃO
VAGA_361ce174cc,ARTES CENICAS
VAGA_827bb1fa16,ADMINISTRAÇÃO
VAGA_827bb1fa16,TECNOLOGO EM GESTAO FINANCEIRA
VAGA_cc9fd963f7,ADMINISTRAÇÃO
VAGA_cc9fd963f7,TECNOLOGO EM GESTAO FINANCEIRA
VAGA_65fe1f7b61,ADMINISTRAÇÃO
VAGA_65fe1f7b61,TECNOLOGO EM GESTAO FINANCEIRA
VAGA_be04c8d1f8,ENGENHARIA CIVIL
VAGA_80f70114b4,COMUNICAÇÃO VISUAL
VAGA_80f70114b4,DESIGN
VAGA_80f70114b4,MÍDIA DIGITAL
VAGA_80f70114b4,MODA
VAGA_80f70114b4,PROJETO DE PRODUTO
VAGA_5225d080ff,ADMINISTRAÇÃO
VAGA_5225d080ff,ECONOMIA
VAGA_5225d080ff,ENGENHARIA CIVIL
VAGA_5225d080ff,ENGENHARIA DE COMPUTAÇÃO
VAGA_5225d080ff,ENGENHARIA DE CONTROLE E AUTOMAÇÃO
VAGA_5225d080ff,ENGENHARIA DE MATERIAIS
VAGA_5225d080ff,ENGENHARIA DE PETRÓLEO
VAGA_5225d080ff,ENGENHARIA DE PRODUÇÃO
VAGA_5225d080ff,ENGENHARIA DE PRODUÇÃO CIVIL
VAGA_5225d080ff,ENGENHARIA DE PRODUÇÃO ELÉTRICA
VAGA_5225d080ff,ENGENHARIA DE PRODUÇÃO MECÂNICA
VAGA_5225d080ff,ENGENHARIA DE PRODUÇÃO METALÚRGICA
VAGA_5225d080ff,ENGENHARIA DE PRODUÇÃO QUÍMICA
VAGA_5225d080ff,ENGENHARIA ELÉTRICA
VAGA_5225d080ff,ENGENHARIA MECÂNICA
VAGA_5225d080ff,ENGENHARIA METALÚRGICA
VAGA_5225d080ff,ENGENHARIA QUÍMICA
VAGA_5a4f63826f,ADMINISTRAÇÃO
VAGA_5a4f63826f,ECONOMIA
VAGA_5a4f63826f,ENGENHARIA DE PETRÓLEO
VAGA_5a4f63826f,ENGENHARIA DE PRODUÇÃO
VAGA_f79459d371,COMUNICAÇÃO SOCIAL
VAGA_f79459d371,MÍDIA DIGITAL
VAGA_f79459d371,PUBLICIDADE E PROPAGANDA
VAGA_ac89b770ba,ADMINISTRAÇÃO
VAGA_ac89b770ba,TECNOLOGO EM GESTAO FINANCEIRA
VAGA_61d8494378,ARQUITETURA E URBANISMO
VAGA_092a247ee7,ADMINISTRAÇÃO
VAGA_092a247ee7,TECNOLOGO EM GESTAO FINANCEIRA
VAGA_cc84e909f9,ADMINISTRAÇÃO
VAGA_cc84e909f9,TECNOLOGO EM GESTAO FINANCEIRA
VAGA_4e1b2a00f2,ADMINISTRAÇÃO
VAGA_4e1b2a00f2,TECNOLOGO EM GESTAO FINANCEIRA
VAGA_eda43114cc,ADMINISTRAÇÃO
VAGA_eda43114cc,TECNOLOGO EM GESTAO FINANCEIRA
VAGA_77f2d06ed8,ADMINISTRAÇÃO
VAGA_77f2d06ed8,TECNOLOGO EM GESTAO FINANCEIRA
VAGA_1db156e96b,DIREITO
VAGA_65fe72c173,ADMINISTRAÇÃO
VAGA_65fe72c173,TECNOLOGO EM GESTAO FINANCEIRA
VAGA_c147fffeba,DIREITO
VAGA_b804cd3e23,ADMINISTRAÇÃO
VAGA_b804cd3e23,TECNOLOGO EM GESTAO FINANCEIRA
VAGA_5510b7471e,DIREITO
VAGA_d8822dac99,ADMINISTRAÇÃO
VAGA_d8822dac99,TECNOLOGO EM GESTAO FINANCEIRA
VAGA_dfc8b22877,ADMINISTRAÇÃO
VAGA_dfc8b22877,TECNOLOGO EM GESTAO FINANCEIRA
VAGA_5a91893b4f,DIREITO
VAGA_71a5874ab8,ADMINISTRAÇÃO
VAGA_71a5874ab8,TECNOLOGO EM GESTAO FINANCEIRA
VAGA_43f351fc05,ADMINISTRAÇÃO
VAGA_43f351fc05,TECNOLOGO EM GESTAO FINANCEIRA
VAGA_e4b4bd7ef9,ENGENHARIA AMBIENTAL
VAGA_54c82e562c,ENGENHARIA CIVIL
VAGA_9768b9b630,CIÊNCIA DA COMPUTAÇÃO
VAGA_9768b9b630,ENGENHARIA DE COMPUTAÇÃO
VAGA_9768b9b630,ENGENHARIA ELÉTRICA
VAGA_9768b9b630,SISTEMAS DE INFORMAÇÃO
VAGA_2ed5ad4aee,ADMINISTRAÇÃO
VAGA_2ed5ad4aee,TECNOLOGO EM GESTAO FINANCEIRA
VAGA_6220641b23,DIREITO
VAGA_bfe802ca44,ADMINISTRAÇÃO
VAGA_bfe802ca44,DIREITO
VAGA_bfe802ca44,ECONOMIA
VAGA_bfe802ca44,MÍDIA DIGITAL
VAGA_bfe802ca44,PUBLICIDADE E PROPAGANDA
VAGA_bfe802ca44,TECNOLOGO EM GESTAO FINANCEIRA
VAGA_72a316c0c3,PEDAGOGIA
VAGA_2982046d5f,PEDAGOGIA
VAGA_3d0d6dfc09,NUTRIÇÃO
VAGA_d5d4f1cd3f,ADMINISTRAÇÃO
VAGA_d5d4f1cd3f,TECNOLOGO EM GESTAO FINANCEIRA
VAGA_e7ec8a82a4,ENGENHARIA CIVIL
VAGA_6f4c169731,ADMINISTRAÇÃO
VAGA_6f4c169731,TECNOLOGO EM GESTAO FINANCEIRA
VAGA_98b2768471,CIÊNCIA DA COMPUTAÇÃO
VAGA_98b2768471,ENGENHARIA DE COMPUTAÇÃO
VAGA_98b2768471,ENGENHARIA ELÉTRICA
VAGA_98b2768471,SISTEMAS DE INFORMAÇÃO
VAGA_e8cddbc52f,CIÊNCIA DA COMPUTAÇÃO
VAGA_9762aa9405,PSICOLOGIA
VAGA_6fc749c945,CIÊNCIA DA COMPUTAÇÃO
VAGA_6fc749c945,ENGENHARIA DE COMPUTAÇÃO
VAGA_6fc749c945,ENGENHARIA ELÉTRICA
VAGA_6fc749c945,SISTEMAS DE INFORMAÇÃO
VAGA_c8959b41a4,ADMINISTRAÇÃO
VAGA_c8959b41a4,TECNOLOGO EM GESTAO FINANCEIRA
VAGA_2529007a90,ADMINISTRAÇÃO
VAGA_2529007a90,COMUNICAÇÃO SOCIAL
VAGA_2529007a90,ESTUDOS DE MÍDIA
VAGA_2529007a90,PUBLICIDADE E PROPAGANDA
VAGA_14b43cc147,DIREITO
VAGA_4189775aba,CINEMA
VAGA_4189775aba,COMUNICAÇÃO SOCIAL
VAGA_4189775aba,ESTUDOS DE MÍDIA
VAGA_4189775aba,JORNALISMO
VAGA_4189775aba,PUBLICIDADE E PROPAGANDA
VAGA_764c697a5b,DIREITO
VAGA_278fc10ab9,DIREITO
VAGA_30d187bccb,ADMINISTRAÇÃO
VAGA_30d187bccb,TECNOLOGO EM GESTAO FINANCEIRA
VAGA_4ebe48eb9b,ADMINISTRAÇÃO
VAGA_4ebe48eb9b,COMUNICAÇÃO SOCIAL
VAGA_4ebe48eb9b,ESTUDOS DE MÍDIA
VAGA_4ebe48eb9b,PUBLICIDADE E PROPAGANDA
VAGA_501c5316f3,DIREITO
VAGA_7cb7195635,ENGENHARIA CIVIL
VAGA_5504c17f19,ENGENHARIA DE PRODUÇÃO
VAGA_5504c17f19,ENGENHARIA DE PRODUÇÃO CIVIL
VAGA_5504c17f19,ENGENHARIA DE PRODUÇÃO ELÉTRICA
VAGA_5504c17f19,ENGENHARIA DE PRODUÇÃO MECÂNICA
VAGA_5504c17f19,ENGENHARIA DE PRODUÇÃO METALÚRGICA
VAGA_5504c17f19,ENGENHARIA DE PRODUÇÃO QUÍMICA
VAGA_5e3be519c0,CIÊNCIA DA COMPUTAÇÃO
VAGA_5e3be519c0,ENGENHARIA DE COMPUTAÇÃO
VAGA_5e3be519c0,ENGENHARIA ELÉTRICA
VAGA_5e3be519c0,SISTEMAS DE INFORMAÇÃO
VAGA_de4ae43bb4,CIÊNCIA DA COMPUTAÇÃO
VAGA_de4ae43bb4,ENGENHARIA DE COMPUTAÇÃO
VAGA_de4ae43bb4,ENGENHARIA ELÉTRICA
VAGA_de4ae43bb4,SISTEMAS DE INFORMAÇÃO
VAGA_426336a12f,ADMINISTRAÇÃO
VAGA_426336a12f,TECNOLOGO EM GESTAO FINANCEIRA
VAGA_b5bfde607f,DIREITO
VAGA_8cfa6ec4c2,ADMINISTRAÇÃO
VAGA_8cfa6ec4c2,TECNOLOGO EM GESTAO FINANCEIRA
VAGA_e1eb97a340,CIÊNCIA DA COMPUTAÇÃO
VAGA_e1eb97a340,ECONOMIA
VAGA_e1eb97a340,ENGENHARIA AMBIENTAL
VAGA_e1eb97a340,ENGENHARIA CIVIL
VAGA_e1eb97a340,ENGENHARIA DE COMPUTAÇÃO
VAGA_e1eb97a340,ENGENHARIA DE CONTROLE E AUTOMAÇÃO
VAGA_e1eb97a340,ENGENHARIA DE MATERIAIS
VAGA_e1eb97a340,ENGENHARIA DE PETRÓLEO
VAGA_e1eb97a340,ENGENHARIA DE PRODUÇÃO
VAGA_e1eb97a340,ENGENHARIA ELÉTRICA
VAGA_e1eb97a340,ENGENHARIA MECÂNICA
VAGA_e1eb97a340,ENGENHARIA METALÚRGICA
VAGA_e1eb97a340,ENGENHARIA QUÍMICA
VAGA_e1eb97a340,FÍSICA
VAGA_e1eb97a340,MATEMÁTICA
VAGA_dd5e0d4048,ADMINISTRAÇÃO
VAGA_dd5e0d4048,TECNOLOGO EM GESTAO FINANCEIRA
VAGA_762ed70847,ENGENHARIA DE PRODUÇÃO
VAGA_762ed70847,ENGENHARIA DE PRODUÇÃO CIVIL
VAGA_762ed70847,ENGENHARIA DE PRODUÇÃO ELÉTRICA
VAGA_762ed70847,ENGENHARIA DE PRODUÇÃO MECÂNICA
VAGA_762ed70847,ENGENHARIA DE PRODUÇÃO METALÚRGICA
VAGA_762ed70847,ENGENHARIA DE PRODUÇÃO QUÍMICA
VAGA_fe0d623d54,ADMINISTRAÇÃO
VAGA_fe0d623d54,TECNOLOGO EM GESTAO FINANCEIRA
VAGA_9bca4cf96f,ENGENHARIA CIVIL
VAGA_42e14843f1,ADMINISTRAÇÃO
VAGA_42e14843f1,TECNOLOGO EM GESTAO FINANCEIRA
VAGA_e1c336b33c,ADMINISTRAÇÃO
VAGA_e1c336b33c,TECNOLOGO EM GESTAO FINANCEIRA
VAGA_3bfdb4148f,ADMINISTRAÇÃO
VAGA_3bfdb4148f,TECNOLOGO EM GESTAO FINANCEIRA
VAGA_37446b0463,DIREITO
VAGA_0f0cad4a3e,ADMINISTRAÇÃO
VAGA_0f0cad4a3e,TECNOLOGO EM GESTAO FINANCEIRA
VAGA_698d8021c4,DIREITO
VAGA_99e5ef3b9f,ADMINISTRAÇÃO
VAGA_99e5ef3b9f,COMUNICAÇÃO SOCIAL
VAGA_99e5ef3b9f,ESTUDOS DE MÍDIA
VAGA_99e5ef3b9f,PUBLICIDADE E PROPAGANDA
VAGA_cf74fe5c3e,ADMINISTRAÇÃO
VAGA_cf74fe5c3e,TECNOLOGO EM GESTAO FINANCEIRA
VAGA_41119db305,ADMINISTRAÇÃO
VAGA_41119db305,TECNOLOGO EM GESTAO FINANCEIRA
VAGA_b563c92264,ADMINISTRAÇÃO
VAGA_b563c92264,COMUNICAÇÃO SOCIAL
VAGA_b563c92264,ESTUDOS DE MÍDIA
VAGA_b563c92264,PUBLICIDADE E PROPAGANDA
VAGA_d78eade951,ADMINISTRAÇÃO
VAGA_d78eade951,TECNOLOGO EM GESTAO FINANCEIRA
VAGA_eacfd3b8bd,DIREITO
VAGA_b3f1c31274,ADMINISTRAÇÃO
VAGA_b3f1c31274,TECNOLOGO EM GESTAO FINANCEIRA
VAGA_bd4795589d,ADMINISTRAÇÃO
VAGA_bd4795589d,TECNOLOGO EM GESTAO FINANCEIRA
VAGA_a08b506f1b,ADMINISTRAÇÃO
VAGA_a08b506f1b,TECNOLOGO EM GESTAO FINANCEIRA
VAGA_0d2baf7b16,CIÊNCIA DA COMPUTAÇÃO
VAGA_0d2baf7b16,ENGENHARIA DE COMPUTAÇÃO
VAGA_0d2baf7b16,ENGENHARIA ELÉTRICA
VAGA_0d2baf7b16,SISTEMAS DE INFORMAÇÃO
VAGA_f51f8f64e4,CIÊNCIA DA COMPUTAÇÃO
VAGA_f51f8f64e4,ENGENHARIA DE COMPUTAÇÃO
VAGA_f51f8f64e4,ENGENHARIA ELÉTRICA
VAGA_f51f8f64e4,SISTEMAS DE INFORMAÇÃO
VAGA_7c66fb2dda,ADMINISTRAÇÃO
VAGA_7c66fb2dda,TECNOLOGO EM GESTAO FINANCEIRA
VAGA_c53bd099df,CINEMA
VAGA_c53bd099df,COMUNICAÇÃO SOCIAL
VAGA_c53bd099df,ESTUDOS DE MÍDIA
VAGA_c53bd099df,JORNALISMO
VAGA_c53bd099df,PUBLICIDADE E PROPAGANDA
VAGA_42824b3999,ADMINISTRAÇÃO
VAGA_42824b3999,TECNOLOGO EM GESTAO FINANCEIRA
VAGA_6e09adf4f0,ADMINISTRAÇÃO
VAGA_6e09adf4f0,TECNOLOGO EM GESTAO FINANCEIRA
VAGA_6f34151c3b,DIREITO
VAGA_4664596185,ADMINISTRAÇÃO
VAGA_4664596185,RELAÇÕES INTERNACIONAIS
VAGA_01da0329fc,ADMINISTRAÇÃO
VAGA_01da0329fc,TECNOLOGO EM GESTAO FINANCEIRA
VAGA_7249cb7b46,ADMINISTRAÇÃO
VAGA_7249cb7b46,TECNOLOGO EM GESTAO FINANCEIRA
VAGA_b77fa99118,ADMINISTRAÇÃO
VAGA_b77fa99118,ESTUDOS DE MÍDIA
VAGA_b77fa99118,PUBLICIDADE E PROPAGANDA
VAGA_06ed795116,DIREITO
VAGA_94de17a6b1,ADMINISTRAÇÃO
VAGA_94de17a6b1,TECNOLOGO EM GESTAO FINANCEIRA
VAGA_f07f307127,NUTRIÇÃO
VAGA_54a7bee917,ADMINISTRAÇÃO
VAGA_54a7bee917,TECNOLOGO EM GESTAO FINANCEIRA
VAGA_38b40c583a,ECONOMIA
VAGA_073b6df034,ADMINISTRAÇÃO
VAGA_073b6df034,TECNOLOGO EM GESTAO FINANCEIRA
VAGA_1ac588629f,ECONOMIA
VAGA_e314342efc,ADMINISTRAÇÃO
VAGA_e314342efc,TECNOLOGO EM GESTAO FINANCEIRA
VAGA_35c276b6ca,ADMINISTRAÇÃO
VAGA_35c276b6ca,TECNOLOGO EM GESTAO FINANCEIRA
VAGA_3b35d959d2,ADMINISTRAÇÃO
VAGA_3b35d959d2,TECNOLOGO EM GESTAO FINANCEIRA
VAGA_dc647a3dea,DIREITO
VAGA_80e0609d1c,ADMINISTRAÇÃO
VAGA_80e0609d1c,TECNOLOGO EM GESTAO FINANCEIRA
VAGA_865d5eccee,CIÊNCIA DA COMPUTAÇÃO
VAGA_865d5eccee,ENGENHARIA DE COMPUTAÇÃO
VAGA_865d5eccee,ENGENHARIA ELÉTRICA
VAGA_865d5eccee,SISTEMAS DE INFORMAÇÃO
VAGA_db96f31c78,ENGENHARIA CIVIL
VAGA_699cd7717a,ADMINISTRAÇÃO
VAGA_699cd7717a,TECNOLOGO EM GESTAO FINANCEIRA
VAGA_ae4d329500,NUTRIÇÃO
VAGA_b152e62e9d,ADMINISTRAÇÃO
VAGA_b152e62e9d,TECNOLOGO EM GESTAO FINANCEIRA
VAGA_5969429a0c,ADMINISTRAÇÃO
VAGA_5969429a0c,TECNOLOGO EM GESTAO FINANCEIRA
VAGA_9c5e1a65a6,CIÊNCIA DA COMPUTAÇÃO
VAGA_9c5e1a65a6,ENGENHARIA DE COMPUTAÇÃO
VAGA_9c5e1a65a6,ENGENHARIA ELÉTRICA
VAGA_9c5e1a65a6,SISTEMAS DE INFORMAÇÃO
VAGA_7ae7447ef4,ENGENHARIA CIVIL
VAGA_8c0b725129,ADMINISTRAÇÃO
VAGA_8c0b725129,COMUNICAÇÃO SOCIAL
VAGA_8c0b725129,ESTUDOS DE MÍDIA
VAGA_8c0b725129,PUBLICIDADE E PROPAGANDA
VAGA_1f25b95209,NUTRIÇÃO
VAGA_de2c335eda,DIREITO
VAGA_e9b1753492,DIREITO
VAGA_aa29512685,CIÊNCIA DA COMPUTAÇÃO
VAGA_aa29512685,ENGENHARIA DE COMPUTAÇÃO
VAGA_aa29512685,ENGENHARIA ELÉTRICA
VAGA_aa29512685,SISTEMAS DE INFORMAÇÃO
VAGA_e62cc661e0,CIÊNCIA DA COMPUTAÇÃO
VAGA_e62cc661e0,ENGENHARIA DE COMPUTAÇÃO
VAGA_e62cc661e0,ENGENHARIA ELÉTRICA
VAGA_e62cc661e0,SISTEMAS DE INFORMAÇÃO
VAGA_01f278bb32,CINEMA
VAGA_01f278bb32,COMUNICAÇÃO SOCIAL
VAGA_01f278bb32,ESTUDOS DE MÍDIA
VAGA_01f278bb32,JORNALISMO
VAGA_01f278bb32,PUBLICIDADE E PROPAGANDA
VAGA_25758f2347,DIREITO
VAGA_4afd94a577,ARQUITETURA E URBANISMO
VAGA_d26c0e3e4f,ADMINISTRAÇÃO
VAGA_d26c0e3e4f,CIÊNCIA DA COMPUTAÇÃO
VAGA_d26c0e3e4f,COMUNICAÇÃO VISUAL
VAGA_d26c0e3e4f,PSICOLOGIA
VAGA_eb46cb9b55,ENGENHARIA MECÂNICA
VAGA_aaacd7530b,ADMINISTRAÇÃO
VAGA_aaacd7530b,TECNOLOGO EM GESTAO FINANCEIRA
VAGA_607b8d9737,ENGENHARIA DE COMPUTAÇÃO
VAGA_4414d2ba08,ADMINISTRAÇÃO
VAGA_4414d2ba08,TECNOLOGO EM GESTAO FINANCEIRA
VAGA_c190c262cf,ADMINISTRAÇÃO
VAGA_c190c262cf,TECNOLOGO EM GESTAO FINANCEIRA
VAGA_3732c5bdf3,DIREITO
VAGA_4dcb91e0c3,ADMINISTRAÇÃO
VAGA_4dcb91e0c3,TECNOLOGO EM GESTAO FINANCEIRA
VAGA_1fdd3c1168,ENGENHARIA DE COMPUTAÇÃO
VAGA_1fdd3c1168,ENGENHARIA ELÉTRICA
VAGA_df14f5cbf8,ENGENHARIA CIVIL
VAGA_18d637dff6,ENGENHARIA DE PRODUÇÃO
VAGA_67514ff212,ADMINISTRAÇÃO
VAGA_67514ff212,TECNOLOGO EM GESTAO FINANCEIRA
VAGA_190e5ef90f,ADMINISTRAÇÃO
VAGA_190e5ef90f,COMUNICAÇÃO SOCIAL
VAGA_190e5ef90f,ESTUDOS DE MÍDIA
VAGA_190e5ef90f,PUBLICIDADE E PROPAGANDA
VAGA_66fd08a7ab,ADMINISTRAÇÃO
VAGA_66fd08a7ab,TECNOLOGO EM GESTAO FINANCEIRA
VAGA_a51211123b,ENGENHARIA ELÉTRICA
VAGA_3d482dcc42,ENGENHARIA DE PRODUÇÃO
VAGA_3d482dcc42,ENGENHARIA DE PRODUÇÃO CIVIL
VAGA_3d482dcc42,ENGENHARIA DE PRODUÇÃO ELÉTRICA
VAGA_3d482dcc42,ENGENHARIA DE PRODUÇÃO MECÂNICA
VAGA_3d482dcc42,ENGENHARIA DE PRODUÇÃO METALÚRGICA
VAGA_3d482dcc42,ENGENHARIA DE PRODUÇÃO QUÍMICA
VAGA_9858d16eb9,ADMINISTRAÇÃO
VAGA_9858d16eb9,TECNOLOGO EM GESTAO FINANCEIRA
VAGA_664e3f3046,ADMINISTRAÇÃO
VAGA_664e3f3046,TECNOLOGO EM GESTAO FINANCEIRA
VAGA_a79ac7cd55,ADMINISTRAÇÃO
VAGA_a79ac7cd55,TECNOLOGO EM GESTAO FINANCEIRA
VAGA_e59a9e50ab,ENGENHARIA CIVIL
VAGA_6000ebb76a,PEDAGOGIA
VAGA_053149b456,ADMINISTRAÇÃO
VAGA_053149b456,TECNOLOGO EM GESTAO FINANCEIRA
VAGA_2db638d154,DIREITO
VAGA_17f96f7223,ADMINISTRAÇÃO
VAGA_17f96f7223,TECNOLOGO EM GESTAO FINANCEIRA
VAGA_0da7a69f3f,DESIGN
VAGA_0da7a69f3f,MODA
VAGA_797eaebf8e,DIREITO
VAGA_70073af349,CINEMA
VAGA_70073af349,COMUNICAÇÃO SOCIAL
VAGA_70073af349,ESTUDOS DE MÍDIA
VAGA_70073af349,JORNALISMO
VAGA_70073af349,PUBLICIDADE E PROPAGANDA
VAGA_5d21316380,CINEMA
VAGA_5d21316380,COMUNICAÇÃO SOCIAL
VAGA_5d21316380,COMUNICAÇÃO VISUAL
VAGA_5d21316380,DESIGN
VAGA_5d21316380,ESTUDOS DE MÍDIA
VAGA_5d21316380,JORNALISMO
VAGA_5d21316380,MÍDIA DIGITAL
VAGA_5d21316380,PUBLICIDADE E PROPAGANDA
VAGA_79511a0379,CIÊNCIA DA COMPUTAÇÃO
VAGA_79511a0379,ENGENHARIA CIVIL
VAGA_79511a0379,ENGENHARIA DE COMPUTAÇÃO
VAGA_79511a0379,ENGENHARIA DE CONTROLE E AUTOMAÇÃO
VAGA_79511a0379,ENGENHARIA DE MATERIAIS
VAGA_79511a0379,ENGENHARIA DE PETRÓLEO
VAGA_79511a0379,ENGENHARIA DE PRODUÇÃO
VAGA_79511a0379,ENGENHARIA DE PRODUÇÃO CIVIL
VAGA_79511a0379,ENGENHARIA DE PRODUÇÃO ELÉTRICA
VAGA_79511a0379,ENGENHARIA DE PRODUÇÃO MECÂNICA
VAGA_79511a0379,ENGENHARIA DE PRODUÇÃO METALÚRGICA
VAGA_79511a0379,ENGENHARIA DE PRODUÇÃO QUÍMICA
VAGA_79511a0379,ENGENHARIA ELÉTRICA
VAGA_79511a0379,ENGENHARIA MECÂNICA
VAGA_79511a0379,ENGENHARIA METALÚRGICA
VAGA_79511a0379,ENGENHARIA QUÍMICA
VAGA_79511a0379,MATEMÁTICA
VAGA_72621ba090,CIÊNCIA DA COMPUTAÇÃO
VAGA_72621ba090,ENGENHARIA DE COMPUTAÇÃO
VAGA_72621ba090,ENGENHARIA ELÉTRICA
VAGA_72621ba090,SISTEMAS DE INFORMAÇÃO
VAGA_dff582d24e,ADMINISTRAÇÃO
VAGA_dff582d24e,TECNOLOGO EM GESTAO FINANCEIRA
VAGA_a4f717c71b,ADMINISTRAÇÃO
VAGA_a4f717c71b,TECNOLOGO EM GESTAO FINANCEIRA
VAGA_6c7110701f,ADMINISTRAÇÃO
VAGA_6c7110701f,COMUNICAÇÃO SOCIAL
VAGA_6c7110701f,ESTUDOS DE MÍDIA
VAGA_6c7110701f,PUBLICIDADE E PROPAGANDA
VAGA_00b352d4a5,ADMINISTRAÇÃO
VAGA_00b352d4a5,TECNOLOGO EM GESTAO FINANCEIRA
VAGA_1956d1e282,ADMINISTRAÇÃO
VAGA_1956d1e282,ENGENHARIA DE PRODUÇÃO
VAGA_06f02b6076,COMUNICAÇÃO SOCIAL
VAGA_b459daf3bc,ADMINISTRAÇÃO
VAGA_b459daf3bc,TECNOLOGO EM GESTAO FINANCEIRA
VAGA_6a57865f7d,ADMINISTRAÇÃO
VAGA_6a57865f7d,TECNOLOGO EM GESTAO FINANCEIRA
VAGA_27f0ffece2,CINEMA
VAGA_27f0ffece2,COMUNICAÇÃO SOCIAL
VAGA_27f0ffece2,ESTUDOS DE MÍDIA
VAGA_27f0ffece2,JORNALISMO
VAGA_27f0ffece2,PUBLICIDADE E PROPAGANDA
VAGA_02116cf955,CIÊNCIA DA COMPUTAÇÃO
VAGA_02116cf955,ENGENHARIA DE COMPUTAÇÃO
VAGA_02116cf955,ENGENHARIA ELÉTRICA
VAGA_02116cf955,SISTEMAS DE INFORMAÇÃO
VAGA_01ac641fd4,ENGENHARIA CIVIL
VAGA_9913f7cbb1,ARQUITETURA E URBANISMO
VAGA_908096831f,CIÊNCIA DA COMPUTAÇÃO
VAGA_908096831f,ENGENHARIA DE COMPUTAÇÃO
VAGA_908096831f,ENGENHARIA ELÉTRICA
VAGA_908096831f,SISTEMAS DE INFORMAÇÃO
VAGA_01b0402e46,ADMINISTRAÇÃO
VAGA_01b0402e46,TECNOLOGO EM GESTAO FINANCEIRA
VAGA_cd77c47966,ADMINISTRAÇÃO
VAGA_cd77c47966,ECONOMIA
VAGA_de7444cc3c,CIÊNCIA DA COMPUTAÇÃO
VAGA_de7444cc3c,ENGENHARIA DE COMPUTAÇÃO
VAGA_de7444cc3c,SISTEMAS DE INFORMAÇÃO
VAGA_0aa0ed02ae,ARQUITETURA E URBANISMO
VAGA_ce0de332b1,ADMINISTRAÇÃO
VAGA_ce0de332b1,TECNOLOGO EM GESTAO FINANCEIRA
VAGA_2e20142c3a,ADMINISTRAÇÃO
VAGA_2e20142c3a,TECNOLOGO EM GESTAO FINANCEIRA
VAGA_325ec02580,COMUNICAÇÃO VISUAL
VAGA_325ec02580,DESIGN
VAGA_325ec02580,MÍDIA DIGITAL
VAGA_325ec02580,MODA
VAGA_325ec02580,PROJETO DE PRODUTO
VAGA_ed5f1ae3e1,ECONOMIA
VAGA_59039403ea,ADMINISTRAÇÃO
VAGA_59039403ea,TECNOLOGO EM GESTAO FINANCEIRA
VAGA_9ad090444b,CINEMA
VAGA_9ad090444b,COMUNICAÇÃO SOCIAL
VAGA_9ad090444b,ESTUDOS DE MÍDIA
VAGA_9ad090444b,JORNALISMO
VAGA_9ad090444b,PUBLICIDADE E PROPAGANDA
VAGA_0654a3ac51,DIREITO
VAGA_1fbf2ffdde,ENGENHARIA CIVIL
VAGA_7886c46bab,CIÊNCIA DA COMPUTAÇÃO
VAGA_7886c46bab,ENGENHARIA DE COMPUTAÇÃO
VAGA_7886c46bab,ENGENHARIA ELÉTRICA
VAGA_7886c46bab,SISTEMAS DE INFORMAÇÃO
VAGA_e3a32fbfb3,ENGENHARIA CIVIL
VAGA_97eeab807c,ENGENHARIA CIVIL
VAGA_5dfd8ad6c0,DIREITO
VAGA_68f3661610,ADMINISTRAÇÃO
VAGA_68f3661610,TECNOLOGO EM GESTAO FINANCEIRA
VAGA_94993e15fa,ADMINISTRAÇÃO
VAGA_94993e15fa,TECNOLOGO EM GESTAO FINANCEIRA
VAGA_ad7af64e66,CINEMA
VAGA_ad7af64e66,COMUNICAÇÃO SOCIAL
VAGA_ad7af64e66,ESTUDOS DE MÍDIA
VAGA_ad7af64e66,JORNALISMO
VAGA_ad7af64e66,PUBLICIDADE E PROPAGANDA
VAGA_7d1a1a40d6,COMUNICAÇÃO VISUAL
VAGA_7d1a1a40d6,DESIGN
VAGA_7d1a1a40d6,MÍDIA DIGITAL
VAGA_7d1a1a40d6,MODA
VAGA_7d1a1a40d6,PROJETO DE PRODUTO
VAGA_fdef77b2e7,COMUNICAÇÃO SOCIAL
VAGA_fdef77b2e7,DESIGN
VAGA_fdef77b2e7,PUBLICIDADE E PROPAGANDA
VAGA_29611ac775,ADMINISTRAÇÃO
VAGA_29611ac775,TECNOLOGO EM GESTAO FINANCEIRA
VAGA_878050936f,DIREITO
VAGA_dff41b4e61,ADMINISTRAÇÃO
VAGA_dff41b4e61,TECNOLOGO EM GESTAO FINANCEIRA
VAGA_5b7435c5f9,DIREITO
VAGA_4a50fb9b21,CIÊNCIA DA COMPUTAÇÃO
VAGA_4a50fb9b21,ENGENHARIA DE COMPUTAÇÃO
VAGA_4a50fb9b21,ENGENHARIA ELÉTRICA
VAGA_4a50fb9b21,SISTEMAS DE INFORMAÇÃO
VAGA_ea2d90607c,ADMINISTRAÇÃO
VAGA_ea2d90607c,TECNOLOGO EM GESTAO FINANCEIRA
VAGA_3dc2c6dec7,ADMINISTRAÇÃO
VAGA_3dc2c6dec7,TECNOLOGO EM GESTAO FINANCEIRA
VAGA_5e604418b5,DIREITO
VAGA_95026c5863,ADMINISTRAÇÃO
VAGA_95026c5863,ECONOMIA
VAGA_87bbb77f6a,DIREITO
VAGA_f7a8552586,ADMINISTRAÇÃO
VAGA_f7a8552586,TECNOLOGO EM GESTAO FINANCEIRA
VAGA_41f6cb3581,ADMINISTRAÇÃO
VAGA_41f6cb3581,TECNOLOGO EM GESTAO FINANCEIRA
VAGA_39b71c18f3,ADMINISTRAÇÃO
VAGA_39b71c18f3,ARTES CENICAS
VAGA_dd8b027940,ADMINISTRAÇÃO
VAGA_dd8b027940,TECNOLOGO EM GESTAO FINANCEIRA
VAGA_e959644a0d,ADMINISTRAÇÃO
VAGA_e959644a0d,TECNOLOGO EM GESTAO FINANCEIRA
VAGA_e6d5121acd,ADMINISTRAÇÃO
VAGA_e6d5121acd,TECNOLOGO EM GESTAO FINANCEIRA
VAGA_59cc48195f,ADMINISTRAÇÃO
VAGA_59cc48195f,TECNOLOGO EM GESTAO FINANCEIRA
VAGA_48a8942519,DIREITO
VAGA_4e33510247,DIREITO
VAGA_8dff35696f,DIREITO
VAGA_6962acb473,ADMINISTRAÇÃO
VAGA_6962acb473,COMUNICAÇÃO SOCIAL
VAGA_6962acb473,ESTUDOS DE MÍDIA
VAGA_6962acb473,PUBLICIDADE E PROPAGANDA
VAGA_8b53a9c7b7,CIÊNCIA DA COMPUTAÇÃO
VAGA_8b53a9c7b7,ENGENHARIA DE COMPUTAÇÃO
VAGA_8b53a9c7b7,ENGENHARIA ELÉTRICA
VAGA_8b53a9c7b7,SISTEMAS DE INFORMAÇÃO
VAGA_92660eafff,ENGENHARIA CIVIL
VAGA_7edae7c33f,MODA
VAGA_b2f7255524,ADMINISTRAÇÃO
VAGA_b2f7255524,TECNOLOGO EM GESTAO FINANCEIRA
VAGA_82ebed3adf,ADMINISTRAÇÃO
VAGA_82ebed3adf,TECNOLOGO EM GESTAO FINANCEIRA
VAGA_bb28d313fe,ADMINISTRAÇÃO
VAGA_bb28d313fe,TECNOLOGO EM GESTAO FINANCEIRA
VAGA_0bf7438a5b,ENGENHARIA ELÉTRICA
VAGA_916fb65629,ARQUITETURA E URBANISMO
VAGA_916fb65629,ENGENHARIA CIVIL
VAGA_c2785d5b32,ARQUITETURA E URBANISMO
VAGA_c2785d5b32,ENGENHARIA CIVIL
VAGA_b40e7b1342,ARQUITETURA E URBANISMO
VAGA_b40e7b1342,ENGENHARIA CIVIL
VAGA_7ec6e8b1b4,ENGENHARIA ELÉTRICA
VAGA_f9925cdd10,ADMINISTRAÇÃO
VAGA_f9925cdd10,TECNOLOGO EM GESTAO FINANCEIRA
VAGA_1bb8caa0f9,ADMINISTRAÇÃO
VAGA_d5a5af114f,ADMINISTRAÇÃO
VAGA_d5a5af114f,TECNOLOGO EM GESTAO FINANCEIRA
VAGA_8d0dffcb5a,DESIGN
VAGA_8d0dffcb5a,JORNALISMO
VAGA_13d2f16c90,ECONOMIA
VAGA_df60bbbb62,ADMINISTRAÇÃO
VAGA_df60bbbb62,TECNOLOGO EM GESTAO FINANCEIRA
VAGA_2ad41a1ada,ADMINISTRAÇÃO
VAGA_5e2ab74c2e,ADMINISTRAÇÃO
VAGA_5e2ab74c2e,TECNOLOGO EM GESTAO FINANCEIRA
VAGA_af6f077c1e,ENGENHARIA CIVIL
VAGA_b7272e218d,ADMINISTRAÇÃO
VAGA_b7272e218d,TECNOLOGO EM GESTAO FINANCEIRA
VAGA_8360ee6d2f,CINEMA
VAGA_8360ee6d2f,COMUNICAÇÃO SOCIAL
VAGA_8360ee6d2f,ESTUDOS DE MÍDIA
VAGA_8360ee6d2f,JORNALISMO
VAGA_8360ee6d2f,PUBLICIDADE E PROPAGANDA
VAGA_6d659859b5,ADMINISTRAÇÃO
VAGA_6d659859b5,TECNOLOGO EM GESTAO FINANCEIRA
VAGA_ebc4d6c0a5,ADMINISTRAÇÃO
VAGA_ebc4d6c0a5,CIÊNCIA DA COMPUTAÇÃO
VAGA_ebc4d6c0a5,ECONOMIA
VAGA_ebc4d6c0a5,ENGENHARIA DE COMPUTAÇÃO
VAGA_ebc4d6c0a5,ENGENHARIA DE CONTROLE E AUTOMAÇÃO
VAGA_ebc4d6c0a5,ENGENHARIA DE PRODUÇÃO
VAGA_ebc4d6c0a5,FÍSICA
VAGA_ebc4d6c0a5,MATEMÁTICA
VAGA_ebc4d6c0a5,PROJETO DE PRODUTO
VAGA_ebc4d6c0a5,RELAÇÕES INTERNACIONAIS
VAGA_ebc4d6c0a5,SISTEMAS DE INFORMAÇÃO
VAGA_057cb969af,CIÊNCIA DA COMPUTAÇÃO
VAGA_1c2b0c0b1b,ADMINISTRAÇÃO
VAGA_1c2b0c0b1b,TECNOLOGO EM GESTAO FINANCEIRA
VAGA_cad81f9820,NUTRIÇÃO
VAGA_25b299b4e4,COMUNICAÇÃO VISUAL
VAGA_25b299b4e4,DESIGN
VAGA_25b299b4e4,MÍDIA DIGITAL
VAGA_25b299b4e4,MODA
VAGA_25b299b4e4,PROJETO DE PRODUTO
VAGA_e4b68d1925,ENGENHARIA DE CONTROLE E AUTOMAÇÃO
VAGA_e4b68d1925,ENGENHARIA MECÂNICA
VAGA_bc0e1954e2,ADMINISTRAÇÃO
VAGA_bc0e1954e2,COMUNICAÇÃO SOCIAL
VAGA_bc0e1954e2,ESTUDOS DE MÍDIA
VAGA_bc0e1954e2,PUBLICIDADE E PROPAGANDA
VAGA_149cfbd9f9,PSICOLOGIA
VAGA_021c736b88,ADMINISTRAÇÃO
VAGA_021c736b88,TECNOLOGO EM GESTAO FINANCEIRA
VAGA_cc8766c86b,ADMINISTRAÇÃO
VAGA_cc8766c86b,TECNOLOGO EM GESTAO FINANCEIRA
VAGA_4804ec919b,ADMINISTRAÇÃO
VAGA_4804ec919b,TECNOLOGO EM GESTAO FINANCEIRA
VAGA_d7dcbf311a,NUTRIÇÃO
VAGA_c7529f65f9,NUTRIÇÃO
VAGA_5fbdd403d6,ENGENHARIA ELÉTRICA
VAGA_49a9ba6279,CIÊNCIA DA COMPUTAÇÃO
VAGA_49a9ba6279,ENGENHARIA DE COMPUTAÇÃO
VAGA_49a9ba6279,ENGENHARIA ELÉTRICA
VAGA_49a9ba6279,SISTEMAS DE INFORMAÇÃO
VAGA_a32c03e973,PEDAGOGIA
VAGA_e241656ec5,DIREITO
VAGA_3ebf8cf0bc,CINEMA
VAGA_3ebf8cf0bc,COMUNICAÇÃO SOCIAL
VAGA_3ebf8cf0bc,ESTUDOS DE MÍDIA
VAGA_3ebf8cf0bc,JORNALISMO
VAGA_3ebf8cf0bc,PUBLICIDADE E PROPAGANDA
VAGA_ca62eb648a,ADMINISTRAÇÃO
VAGA_ca62eb648a,TECNOLOGO EM GESTAO FINANCEIRA
VAGA_fe4d2ca863,ADMINISTRAÇÃO
VAGA_fe4d2ca863,TECNOLOGO EM GESTAO FINANCEIRA
VAGA_2f45134a1d,ADMINISTRAÇÃO
VAGA_2f45134a1d,TECNOLOGO EM GESTAO FINANCEIRA
VAGA_133dab5e1b,CINEMA
VAGA_133dab5e1b,COMUNICAÇÃO SOCIAL
VAGA_133dab5e1b,ESTUDOS DE MÍDIA
VAGA_133dab5e1b,JORNALISMO
VAGA_133dab5e1b,PUBLICIDADE E PROPAGANDA
VAGA_fcfd888b86,ADMINISTRAÇÃO
VAGA_fcfd888b86,TECNOLOGO EM GESTAO FINANCEIRA
VAGA_5c0baef2bf,CIÊNCIA DA COMPUTAÇÃO
VAGA_5c0baef2bf,ENGENHARIA DE COMPUTAÇÃO
VAGA_5c0baef2bf,ENGENHARIA ELÉTRICA
VAGA_5c0baef2bf,SISTEMAS DE INFORMAÇÃO
VAGA_1051d2f19a,ADMINISTRAÇÃO
VAGA_1051d2f19a,TECNOLOGO EM GESTAO FINANCEIRA
VAGA_e994aafc63,ADMINISTRAÇÃO
VAGA_e994aafc63,TECNOLOGO EM GESTAO FINANCEIRA
VAGA_f554474ceb,ADMINISTRAÇÃO
VAGA_f554474ceb,TECNOLOGO EM GESTAO FINANCEIRA
VAGA_364cf90d5b,ADMINISTRAÇÃO
VAGA_364cf90d5b,COMUNICAÇÃO SOCIAL
VAGA_364cf90d5b,ESTUDOS DE MÍDIA
VAGA_364cf90d5b,PUBLICIDADE E PROPAGANDA
VAGA_097a7ca6f3,ECONOMIA
VAGA_cef4501f80,ADMINISTRAÇÃO
VAGA_cef4501f80,TECNOLOGO EM GESTAO FINANCEIRA
VAGA_f2a0792043,ADMINISTRAÇÃO
VAGA_f2a0792043,TECNOLOGO EM GESTAO FINANCEIRA
VAGA_23837d609b,ENGENHARIA AMBIENTAL
VAGA_d0c6a75ab8,CIÊNCIA DA COMPUTAÇÃO
VAGA_d0c6a75ab8,ENGENHARIA DE COMPUTAÇÃO
VAGA_d0c6a75ab8,ENGENHARIA ELÉTRICA
VAGA_d0c6a75ab8,SISTEMAS DE INFORMAÇÃO
VAGA_f8b3b9e574,ADMINISTRAÇÃO
VAGA_f8b3b9e574,TECNOLOGO EM GESTAO FINANCEIRA
VAGA_e7b3008b3a,ENGENHARIA CIVIL
VAGA_0fb91dd331,ENGENHARIA DE PRODUÇÃO
VAGA_0fb91dd331,ENGENHARIA DE PRODUÇÃO CIVIL
VAGA_0fb91dd331,ENGENHARIA DE PRODUÇÃO ELÉTRICA
VAGA_0fb91dd331,ENGENHARIA DE PRODUÇÃO MECÂNICA
VAGA_0fb91dd331,ENGENHARIA DE PRODUÇÃO METALÚRGICA
VAGA_0fb91dd331,ENGENHARIA DE PRODUÇÃO QUÍMICA
VAGA_30456fd13f,ENGENHARIA DE PRODUÇÃO
VAGA_30456fd13f,ENGENHARIA DE PRODUÇÃO CIVIL
VAGA_30456fd13f,ENGENHARIA DE PRODUÇÃO ELÉTRICA
VAGA_30456fd13f,ENGENHARIA DE PRODUÇÃO MECÂNICA
VAGA_30456fd13f,ENGENHARIA DE PRODUÇÃO METALÚRGICA
VAGA_30456fd13f,ENGENHARIA DE PRODUÇÃO QUÍMICA
VAGA_ae0a327466,ADMINISTRAÇÃO
VAGA_ae0a327466,TECNOLOGO EM GESTAO FINANCEIRA
VAGA_0b93411ed8,COMUNICAÇÃO VISUAL
VAGA_0b93411ed8,DESIGN
VAGA_0b93411ed8,MÍDIA DIGITAL
VAGA_0b93411ed8,MODA
VAGA_0b93411ed8,PROJETO DE PRODUTO
VAGA_a649e2f30c,ADMINISTRAÇÃO
VAGA_a649e2f30c,TECNOLOGO EM GESTAO FINANCEIRA
VAGA_c2aa63dc20,ENGENHARIA DE PRODUÇÃO
VAGA_c2aa63dc20,ENGENHARIA DE PRODUÇÃO CIVIL
VAGA_c2aa63dc20,ENGENHARIA DE PRODUÇÃO ELÉTRICA
VAGA_c2aa63dc20,ENGENHARIA DE PRODUÇÃO MECÂNICA
VAGA_c2aa63dc20,ENGENHARIA DE PRODUÇÃO METALÚRGICA
VAGA_c2aa63dc20,ENGENHARIA DE PRODUÇÃO QUÍMICA
VAGA_f8699fdaaf,ADMINISTRAÇÃO
VAGA_f8699fdaaf,TECNOLOGO EM GESTAO FINANCEIRA
VAGA_4c84581e66,ADMINISTRAÇÃO
VAGA_4c84581e66,RELAÇÕES INTERNACIONAIS
VAGA_bab5d62035,ARQUITETURA E URBANISMO
VAGA_bab5d62035,ENGENHARIA CIVIL
VAGA_abcd70bdc5,ADMINISTRAÇÃO
VAGA_abcd70bdc5,TECNOLOGO EM GESTAO FINANCEIRA
VAGA_360d2c6681,ADMINISTRAÇÃO
VAGA_360d2c6681,TECNOLOGO EM GESTAO FINANCEIRA
VAGA_9fd0513f10,ADMINISTRAÇÃO
VAGA_9fd0513f10,TECNOLOGO EM GESTAO FINANCEIRA
VAGA_80e6a68f42,DIREITO
VAGA_fb03fd0b84,ADMINISTRAÇÃO
VAGA_fb03fd0b84,COMUNICAÇÃO SOCIAL
VAGA_fb03fd0b84,ESTUDOS DE MÍDIA
VAGA_fb03fd0b84,PUBLICIDADE E PROPAGANDA
VAGA_fce085ef33,ENGENHARIA DE PRODUÇÃO
VAGA_118f92f144,DESIGN
VAGA_118f92f144,PUBLICIDADE E PROPAGANDA
VAGA_efa81a555b,ADMINISTRAÇÃO
VAGA_efa81a555b,TECNOLOGO EM GESTAO FINANCEIRA
VAGA_1f88101744,DIREITO
VAGA_86edb3f52e,DIREITO
VAGA_e0fbfff3d2,ADMINISTRAÇÃO
VAGA_b7fc2d839f,ADMINISTRAÇÃO
VAGA_b7fc2d839f,TECNOLOGO EM GESTAO FINANCEIRA
VAGA_f2e90936a6,ENGENHARIA CIVIL
VAGA_01b2a6f1d6,DIREITO
VAGA_e28bac4b20,ADMINISTRAÇÃO
VAGA_e28bac4b20,TECNOLOGO EM GESTAO FINANCEIRA
VAGA_2dab40a9ea,NUTRIÇÃO
VAGA_9fd41382aa,ADMINISTRAÇÃO
VAGA_9fd41382aa,TECNOLOGO EM GESTAO FINANCEIRA
VAGA_769652d5bc,ADMINISTRAÇÃO
VAGA_769652d5bc,COMUNICAÇÃO SOCIAL
VAGA_769652d5bc,MÍDIA DIGITAL
VAGA_769652d5bc,PSICOLOGIA
VAGA_6bb7ce9160,MÍDIA DIGITAL
VAGA_6bb7ce9160,PUBLICIDADE E PROPAGANDA
VAGA_c71bd6f85d,ECONOMIA
VAGA_b1722839c4,CIÊNCIA DA COMPUTAÇÃO
VAGA_b1722839c4,ENGENHARIA DE COMPUTAÇÃO
VAGA_b1722839c4,ENGENHARIA ELÉTRICA
VAGA_b1722839c4,SISTEMAS DE INFORMAÇÃO
VAGA_74e18302a7,ADMINISTRAÇÃO
VAGA_74e18302a7,TECNOLOGO EM GESTAO FINANCEIRA
VAGA_b639b61568,ADMINISTRAÇÃO
VAGA_b639b61568,TECNOLOGO EM GESTAO FINANCEIRA
VAGA_0ca4153351,PEDAGOGIA
VAGA_67d44466ba,ADMINISTRAÇÃO
VAGA_67d44466ba,ECONOMIA
VAGA_67d44466ba,ENGENHARIA AMBIENTAL
VAGA_67d44466ba,ENGENHARIA CIVIL
VAGA_67d44466ba,ENGENHARIA DE COMPUTAÇÃO
VAGA_67d44466ba,ENGENHARIA DE CONTROLE E AUTOMAÇÃO
VAGA_67d44466ba,ENGENHARIA DE MATERIAIS
VAGA_67d44466ba,MATEMÁTICA
VAGA_3df67e44eb,CIÊNCIA DA COMPUTAÇÃO
VAGA_3df67e44eb,ENGENHARIA DE COMPUTAÇÃO
VAGA_3df67e44eb,ENGENHARIA ELÉTRICA
VAGA_3df67e44eb,SISTEMAS DE INFORMAÇÃO
VAGA_3accc3c792,ADMINISTRAÇÃO
VAGA_3accc3c792,TECNOLOGO EM GESTAO FINANCEIRA
VAGA_a5700f4171,CIÊNCIA DA COMPUTAÇÃO
VAGA_a5700f4171,ENGENHARIA DE COMPUTAÇÃO
VAGA_a5700f4171,ENGENHARIA ELÉTRICA
VAGA_a5700f4171,SISTEMAS DE INFORMAÇÃO
VAGA_d3416fd9b3,DIREITO
VAGA_773f6bed83,ADMINISTRAÇÃO
VAGA_773f6bed83,TECNOLOGO EM GESTAO FINANCEIRA
VAGA_3f05b43c88,ADMINISTRAÇÃO
VAGA_3f05b43c88,TECNOLOGO EM GESTAO FINANCEIRA
VAGA_5763b6d2aa,PEDAGOGIA
VAGA_5a2cd813f4,DIREITO
VAGA_57c5d2f45d,CINEMA
VAGA_57c5d2f45d,COMUNICAÇÃO SOCIAL
VAGA_57c5d2f45d,ESTUDOS DE MÍDIA
VAGA_57c5d2f45d,JORNALISMO
VAGA_57c5d2f45d,PUBLICIDADE E PROPAGANDA
VAGA_48940f6fd3,ENGENHARIA CIVIL
VAGA_5012ead50d,ADMINISTRAÇÃO
VAGA_5012ead50d,TECNOLOGO EM GESTAO FINANCEIRA
VAGA_e2a8d25aa0,ENGENHARIA CIVIL
VAGA_ed2b2e8dad,ADMINISTRAÇÃO
VAGA_ed2b2e8dad,TECNOLOGO EM GESTAO FINANCEIRA
VAGA_0c5a6e62fd,ADMINISTRAÇÃO
VAGA_0c5a6e62fd,TECNOLOGO EM GESTAO FINANCEIRA
VAGA_fa57e5bb1c,ADMINISTRAÇÃO
VAGA_fa57e5bb1c,TECNOLOGO EM GESTAO FINANCEIRA
VAGA_1c260abc41,ADMINISTRAÇÃO
VAGA_1c260abc41,TECNOLOGO EM GESTAO FINANCEIRA
VAGA_b2dc091fef,ADMINISTRAÇÃO
VAGA_b2dc091fef,TECNOLOGO EM GESTAO FINANCEIRA
VAGA_a4c8a0a1e0,DIREITO
VAGA_1d3a669574,DIREITO
VAGA_e256c5fb34,ADMINISTRAÇÃO
VAGA_376102ffbe,ADMINISTRAÇÃO
VAGA_376102ffbe,TECNOLOGO EM GESTAO FINANCEIRA
VAGA_7b1facf3d6,ARQUITETURA E URBANISMO
VAGA_0ccc53c52d,ENGENHARIA CIVIL
VAGA_1fb5aca9de,ADMINISTRAÇÃO
VAGA_1fb5aca9de,TECNOLOGO EM GESTAO FINANCEIRA
VAGA_550d4cc59a,DIREITO
VAGA_c09cafef29,ADMINISTRAÇÃO
VAGA_c09cafef29,TECNOLOGO EM GESTAO FINANCEIRA
VAGA_7dc5b9d6e7,PEDAGOGIA
VAGA_5c52cf31c1,ADMINISTRAÇÃO
VAGA_5c52cf31c1,TECNOLOGO EM GESTAO FINANCEIRA
VAGA_e54ae7688e,CINEMA
VAGA_e54ae7688e,COMUNICAÇÃO SOCIAL
VAGA_e54ae7688e,ESTUDOS DE MÍDIA
VAGA_e54ae7688e,JORNALISMO
VAGA_e54ae7688e,PUBLICIDADE E PROPAGANDA
VAGA_2904a95894,ENGENHARIA CIVIL
VAGA_d2a16e39a4,CINEMA
VAGA_d2a16e39a4,COMUNICAÇÃO SOCIAL
VAGA_d2a16e39a4,ESTUDOS DE MÍDIA
VAGA_d2a16e39a4,JORNALISMO
VAGA_d2a16e39a4,PUBLICIDADE E PROPAGANDA
VAGA_6803a48735,CIÊNCIA DA COMPUTAÇÃO
VAGA_6803a48735,ENGENHARIA DE COMPUTAÇÃO
VAGA_6803a48735,ENGENHARIA ELÉTRICA
VAGA_6803a48735,SISTEMAS DE INFORMAÇÃO
VAGA_7d53011bc4,ADMINISTRAÇÃO
VAGA_7d53011bc4,TECNOLOGO EM GESTAO FINANCEIRA
VAGA_83a13e4281,ECONOMIA
VAGA_2a5b0b7c1a,CINEMA
VAGA_2a5b0b7c1a,COMUNICAÇÃO SOCIAL
VAGA_2a5b0b7c1a,ESTUDOS DE MÍDIA
VAGA_2a5b0b7c1a,JORNALISMO
VAGA_2a5b0b7c1a,PUBLICIDADE E PROPAGANDA
VAGA_f465d7a485,ADMINISTRAÇÃO
VAGA_f465d7a485,COMUNICAÇÃO SOCIAL
VAGA_f465d7a485,COMUNICAÇÃO VISUAL
VAGA_f465d7a485,LETRAS
VAGA_453cd8752e,ENGENHARIA DE PRODUÇÃO QUÍMICA
VAGA_453cd8752e,ENGENHARIA QUÍMICA
VAGA_453cd8752e,QUÍMICA
VAGA_453cd8752e,QUÍMICA INDUSTRIAL
VAGA_f913673f38,ADMINISTRAÇÃO
VAGA_f913673f38,TECNOLOGO EM GESTAO FINANCEIRA
VAGA_0b62c3caab,ADMINISTRAÇÃO
VAGA_0b62c3caab,TECNOLOGO EM GESTAO FINANCEIRA
VAGA_3e2eff71fa,ADMINISTRAÇÃO
VAGA_3e2eff71fa,TECNOLOGO EM GESTAO FINANCEIRA
VAGA_c1f4f6bed9,COMUNICAÇÃO VISUAL
VAGA_c1f4f6bed9,DESIGN
VAGA_c1f4f6bed9,MÍDIA DIGITAL
VAGA_c1f4f6bed9,MODA
VAGA_c1f4f6bed9,PROJETO DE PRODUTO
VAGA_ab465c89a5,ADMINISTRAÇÃO
VAGA_ab465c89a5,TECNOLOGO EM GESTAO FINANCEIRA
VAGA_7001a40041,DIREITO
VAGA_52c2dc31b8,PEDAGOGIA
VAGA_11c3d920d4,ADMINISTRAÇÃO
VAGA_11c3d920d4,TECNOLOGO EM GESTAO FINANCEIRA
VAGA_3fcd81d6aa,ADMINISTRAÇÃO
VAGA_3fcd81d6aa,ENGENHARIA DE PRODUÇÃO
VAGA_3fcd81d6aa,TECNOLOGO EM GESTAO FINANCEIRA
VAGA_5ee12bb4a6,ENGENHARIA DE PRODUÇÃO
VAGA_b62e3e59ec,ADMINISTRAÇÃO
VAGA_b62e3e59ec,TECNOLOGO EM GESTAO FINANCEIRA
VAGA_c17f8f2da0,ADMINISTRAÇÃO
VAGA_c17f8f2da0,TECNOLOGO EM GESTAO FINANCEIRA
VAGA_bdbee95099,ADMINISTRAÇÃO
VAGA_bdbee95099,TECNOLOGO EM GESTAO FINANCEIRA
VAGA_38ce3613fe,COMUNICAÇÃO VISUAL
VAGA_38ce3613fe,DESIGN
VAGA_38ce3613fe,MÍDIA DIGITAL
VAGA_38ce3613fe,MODA
VAGA_38ce3613fe,PROJETO DE PRODUTO
VAGA_02965a7e51,ADMINISTRAÇÃO
VAGA_02965a7e51,TECNOLOGO EM GESTAO FINANCEIRA
VAGA_7edfecec4d,DIREITO
VAGA_f3249df8eb,ADMINISTRAÇÃO
VAGA_f3249df8eb,COMUNICAÇÃO SOCIAL
VAGA_f3249df8eb,ESTUDOS DE MÍDIA
VAGA_f3249df8eb,PUBLICIDADE E PROPAGANDA
VAGA_14eb089666,ADMINISTRAÇÃO
VAGA_56553c235a,ADMINISTRAÇÃO
VAGA_56553c235a,ARQUITETURA E URBANISMO
VAGA_56553c235a,COMUNICAÇÃO SOCIAL
VAGA_56553c235a,DESIGN
VAGA_56553c235a,ENGENHARIA DE PRODUÇÃO
VAGA_56553c235a,LETRAS
VAGA_56553c235a,MODA
VAGA_56553c235a,PUBLICIDADE E PROPAGANDA
VAGA_b1c88d5fd3,ADMINISTRAÇÃO
VAGA_b1c88d5fd3,TECNOLOGO EM GESTAO FINANCEIRA
VAGA_97758b74f9,CINEMA
VAGA_97758b74f9,COMUNICAÇÃO SOCIAL
VAGA_97758b74f9,ESTUDOS DE MÍDIA
VAGA_97758b74f9,JORNALISMO
VAGA_97758b74f9,PUBLICIDADE E PROPAGANDA
VAGA_e624e43fad,ADMINISTRAÇÃO
VAGA_e624e43fad,TECNOLOGO EM GESTAO FINANCEIRA
VAGA_abd264c7fc,PEDAGOGIA
VAGA_6eb0ba9b57,ADMINISTRAÇÃO
VAGA_6eb0ba9b57,TECNOLOGO EM GESTAO FINANCEIRA
VAGA_53b2d142a5,NUTRIÇÃO
VAGA_94ca525e6e,CINEMA
VAGA_94ca525e6e,COMUNICAÇÃO SOCIAL
VAGA_94ca525e6e,ESTUDOS DE MÍDIA
VAGA_94ca525e6e,JORNALISMO
VAGA_94ca525e6e,PUBLICIDADE E PROPAGANDA
VAGA_5b68146d17,ADMINISTRAÇÃO
VAGA_5b68146d17,TECNOLOGO EM GESTAO FINANCEIRA
VAGA_9ada48f035,ADMINISTRAÇÃO
VAGA_9ada48f035,TECNOLOGO EM GESTAO FINANCEIRA
VAGA_5ae5f23ddb,ADMINISTRAÇÃO
VAGA_5ae5f23ddb,TECNOLOGO EM GESTAO FINANCEIRA
VAGA_3624a68bf4,ADMINISTRAÇÃO
VAGA_3624a68bf4,COMUNICAÇÃO SOCIAL
VAGA_3624a68bf4,ESTUDOS DE MÍDIA
VAGA_3624a68bf4,PUBLICIDADE E PROPAGANDA
VAGA_3f0c0061b2,DIREITO
VAGA_2bffdd0ac8,ADMINISTRAÇÃO
VAGA_2bffdd0ac8,TECNOLOGO EM GESTAO FINANCEIRA
VAGA_39a21fe886,ADMINISTRAÇÃO
VAGA_39a21fe886,ECONOMIA
VAGA_39a21fe886,ENGENHARIA DE PRODUÇÃO
VAGA_44fdac838c,PEDAGOGIA
VAGA_94ad89656c,ADMINISTRAÇÃO
VAGA_94ad89656c,TECNOLOGO EM GESTAO FINANCEIRA
VAGA_2773db01b4,ADMINISTRAÇÃO
VAGA_2773db01b4,COMUNICAÇÃO SOCIAL
VAGA_2773db01b4,ESTUDOS DE MÍDIA
VAGA_2773db01b4,PUBLICIDADE E PROPAGANDA
VAGA_74e846e779,DIREITO
VAGA_c62c137bc9,ADMINISTRAÇÃO
VAGA_c62c137bc9,TECNOLOGO EM GESTAO FINANCEIRA
VAGA_d0d3b3abe8,ADMINISTRAÇÃO
VAGA_d0d3b3abe8,ECONOMIA
VAGA_d0d3b3abe8,ENGENHARIA DE PRODUÇÃO
VAGA_2b8cd5da28,CIÊNCIA DA COMPUTAÇÃO
VAGA_2b8cd5da28,ENGENHARIA DE COMPUTAÇÃO
VAGA_2b8cd5da28,ENGENHARIA ELÉTRICA
VAGA_2b8cd5da28,SISTEMAS DE INFORMAÇÃO
VAGA_9e2aedbaff,CINEMA
VAGA_9e2aedbaff,COMUNICAÇÃO SOCIAL
VAGA_9e2aedbaff,ESTUDOS DE MÍDIA
VAGA_9e2aedbaff,JORNALISMO
VAGA_9e2aedbaff,PUBLICIDADE E PROPAGANDA
VAGA_cc93675754,ADMINISTRAÇÃO
VAGA_cc93675754,TECNOLOGO EM GESTAO FINANCEIRA
VAGA_93656e0704,DIREITO
VAGA_2b3f9498d4,ADMINISTRAÇÃO
VAGA_2b3f9498d4,TECNOLOGO EM GESTAO FINANCEIRA
VAGA_f9eee4af9d,CIÊNCIA DA COMPUTAÇÃO
VAGA_f9eee4af9d,ENGENHARIA DE COMPUTAÇÃO
VAGA_f9eee4af9d,ENGENHARIA ELÉTRICA
VAGA_f9eee4af9d,SISTEMAS DE INFORMAÇÃO
VAGA_d2470d39be,ADMINISTRAÇÃO
VAGA_d2470d39be,TECNOLOGO EM GESTAO FINANCEIRA
VAGA_74dcf3be7d,ADMINISTRAÇÃO
VAGA_74dcf3be7d,COMUNICAÇÃO SOCIAL
VAGA_74dcf3be7d,ESTUDOS DE MÍDIA
VAGA_74dcf3be7d,PUBLICIDADE E PROPAGANDA
VAGA_b7a183d5d6,PSICOLOGIA
VAGA_2f5f94a9dd,ADMINISTRAÇÃO
VAGA_2f5f94a9dd,TECNOLOGO EM GESTAO FINANCEIRA
VAGA_1c72c49271,ARQUITETURA E URBANISMO
VAGA_bb074888c9,ADMINISTRAÇÃO
VAGA_bb074888c9,TECNOLOGO EM GESTAO FINANCEIRA
VAGA_c4c6564fe7,CIÊNCIA DA COMPUTAÇÃO
VAGA_c4c6564fe7,ENGENHARIA DE COMPUTAÇÃO
VAGA_c4c6564fe7,ENGENHARIA ELÉTRICA
VAGA_c4c6564fe7,SISTEMAS DE INFORMAÇÃO
VAGA_e3706ec591,ADMINISTRAÇÃO
VAGA_e3706ec591,TECNOLOGO EM GESTAO FINANCEIRA
VAGA_dad700f994,ADMINISTRAÇÃO
VAGA_dad700f994,COMUNICAÇÃO SOCIAL
VAGA_dad700f994,ESTUDOS DE MÍDIA
VAGA_dad700f994,PUBLICIDADE E PROPAGANDA
VAGA_ff49c2d932,NUTRIÇÃO
VAGA_6188c12bcd,ADMINISTRAÇÃO
VAGA_6188c12bcd,TECNOLOGO EM GESTAO FINANCEIRA
VAGA_17bd077c50,PEDAGOGIA
VAGA_3759b9a0c2,ADMINISTRAÇÃO
VAGA_3759b9a0c2,TECNOLOGO EM GESTAO FINANCEIRA
VAGA_d81ccb8fd8,ADMINISTRAÇÃO
VAGA_d81ccb8fd8,COMUNICAÇÃO SOCIAL
VAGA_d81ccb8fd8,ESTUDOS DE MÍDIA
VAGA_d81ccb8fd8,PUBLICIDADE E PROPAGANDA
VAGA_ddf2d66b6e,ADMINISTRAÇÃO
VAGA_ddf2d66b6e,TECNOLOGO EM GESTAO FINANCEIRA
VAGA_f4a26f5c0d,DIREITO
VAGA_fb90932ad3,ADMINISTRAÇÃO
VAGA_fb90932ad3,TECNOLOGO EM GESTAO FINANCEIRA
VAGA_6986b4e884,ADMINISTRAÇÃO
VAGA_6986b4e884,TECNOLOGO EM GESTAO FINANCEIRA
VAGA_d3e2f763f8,ADMINISTRAÇÃO
VAGA_d3e2f763f8,TECNOLOGO EM GESTAO FINANCEIRA
VAGA_b4847f7597,CIÊNCIA DA COMPUTAÇÃO
VAGA_b4847f7597,ENGENHARIA DE COMPUTAÇÃO
VAGA_b4847f7597,ENGENHARIA ELÉTRICA
VAGA_b4847f7597,SISTEMAS DE INFORMAÇÃO
VAGA_a0ce8d1849,ADMINISTRAÇÃO
VAGA_a0ce8d1849,TECNOLOGO EM GESTAO FINANCEIRA
VAGA_d4566c5b5a,ADMINISTRAÇÃO
VAGA_d4566c5b5a,TECNOLOGO EM GESTAO FINANCEIRA
VAGA_f05c4731d4,ADMINISTRAÇÃO
VAGA_f05c4731d4,TECNOLOGO EM GESTAO FINANCEIRA
VAGA_2ff780da48,CINEMA
VAGA_2ff780da48,COMUNICAÇÃO SOCIAL
VAGA_2ff780da48,ESTUDOS DE MÍDIA
VAGA_2ff780da48,JORNALISMO
VAGA_2ff780da48,PUBLICIDADE E PROPAGANDA
VAGA_15eaa086f5,ADMINISTRAÇÃO
VAGA_15eaa086f5,TECNOLOGO EM GESTAO FINANCEIRA
VAGA_14fcee3e2a,ADMINISTRAÇÃO
VAGA_14fcee3e2a,TECNOLOGO EM GESTAO FINANCEIRA
VAGA_009f192b12,DIREITO
VAGA_15c6cec54e,ADMINISTRAÇÃO
VAGA_15c6cec54e,TECNOLOGO EM GESTAO FINANCEIRA
VAGA_db92789d42,DIREITO
VAGA_fc84f94041,ADMINISTRAÇÃO
VAGA_fc84f94041,TECNOLOGO EM GESTAO FINANCEIRA
VAGA_cc9a33c16e,ADMINISTRAÇÃO
VAGA_cc9a33c16e,TECNOLOGO EM GESTAO FINANCEIRA
VAGA_c1872e869a,ADMINISTRAÇÃO
VAGA_c1872e869a,TECNOLOGO EM GESTAO FINANCEIRA
VAGA_c8a8f889f2,ADMINISTRAÇÃO
VAGA_c8a8f889f2,TECNOLOGO EM GESTAO FINANCEIRA
VAGA_e4102c353c,ADMINISTRAÇÃO
VAGA_e4102c353c,TECNOLOGO EM GESTAO FINANCEIRA
VAGA_9774b0cd5e,RELAÇÕES INTERNACIONAIS
VAGA_729f30d9d3,ADMINISTRAÇÃO
VAGA_729f30d9d3,TECNOLOGO EM GESTAO FINANCEIRA
VAGA_46a19aab72,LETRAS
VAGA_e89384fae3,ADMINISTRAÇÃO
VAGA_e89384fae3,TECNOLOGO EM GESTAO FINANCEIRA
VAGA_e86e76bdb3,ADMINISTRAÇÃO
VAGA_e86e76bdb3,TECNOLOGO EM GESTAO FINANCEIRA
VAGA_1008d18eb9,DIREITO
VAGA_a2a69e9e28,ENGENHARIA ELÉTRICA
VAGA_da69fcad9b,ENGENHARIA CIVIL
VAGA_0166724fd2,ADMINISTRAÇÃO
VAGA_0166724fd2,TECNOLOGO EM GESTAO FINANCEIRA
VAGA_06c5696d36,ADMINISTRAÇÃO
VAGA_06c5696d36,TECNOLOGO EM GESTAO FINANCEIRA
VAGA_0b799761ce,ADMINISTRAÇÃO
VAGA_0b799761ce,TECNOLOGO EM GESTAO FINANCEIRA
VAGA_806db065a1,ADMINISTRAÇÃO
VAGA_806db065a1,TECNOLOGO EM GESTAO FINANCEIRA
VAGA_468a7edb27,ENGENHARIA DE PRODUÇÃO
VAGA_468a7edb27,ENGENHARIA DE PRODUÇÃO CIVIL
VAGA_468a7edb27,ENGENHARIA DE PRODUÇÃO ELÉTRICA
VAGA_468a7edb27,ENGENHARIA DE PRODUÇÃO MECÂNICA
VAGA_468a7edb27,ENGENHARIA DE PRODUÇÃO METALÚRGICA
VAGA_468a7edb27,ENGENHARIA DE PRODUÇÃO QUÍMICA
VAGA_b1f89bcb94,ADMINISTRAÇÃO
VAGA_b1f89bcb94,TECNOLOGO EM GESTAO FINANCEIRA
VAGA_be4f2c01d3,ARQUITETURA E URBANISMO
VAGA_a34d07b7d0,COMUNICAÇÃO VISUAL
VAGA_a34d07b7d0,DESIGN
VAGA_a34d07b7d0,MÍDIA DIGITAL
VAGA_7f09424c23,CINEMA
VAGA_7f09424c23,COMUNICAÇÃO SOCIAL
VAGA_7f09424c23,ESTUDOS DE MÍDIA
VAGA_7f09424c23,JORNALISMO
VAGA_7f09424c23,PUBLICIDADE E PROPAGANDA
VAGA_3716d11c57,ENGENHARIA CIVIL
VAGA_281cd999d8,PEDAGOGIA
VAGA_e08a2cd5ed,ADMINISTRAÇÃO
VAGA_e08a2cd5ed,TECNOLOGO EM GESTAO FINANCEIRA
VAGA_0808d21116,ADMINISTRAÇÃO
VAGA_0808d21116,TECNOLOGO EM GESTAO FINANCEIRA
VAGA_a0d190d18b,ADMINISTRAÇÃO
VAGA_a0d190d18b,TECNOLOGO EM GESTAO FINANCEIRA
VAGA_6d647bd80c,ADMINISTRAÇÃO
VAGA_6d647bd80c,TECNOLOGO EM GESTAO FINANCEIRA
VAGA_6eb57f11e4,PEDAGOGIA
VAGA_d3dfa3659a,RELAÇÕES INTERNACIONAIS
VAGA_ebc5a1e04e,ADMINISTRAÇÃO
VAGA_9de86cab4e,ADMINISTRAÇÃO
VAGA_9de86cab4e,TECNOLOGO EM GESTAO FINANCEIRA
VAGA_12c652193c,ADMINISTRAÇÃO
VAGA_12c652193c,TECNOLOGO EM GESTAO FINANCEIRA
VAGA_1211df6b6f,ADMINISTRAÇÃO
VAGA_1211df6b6f,ECONOMIA
VAGA_1211df6b6f,ENGENHARIA DE PRODUÇÃO
VAGA_1211df6b6f,ENGENHARIA ELÉTRICA
VAGA_1211df6b6f,ENGENHARIA MECÂNICA
VAGA_1211df6b6f,MATEMÁTICA
VAGA_3f043b2b30,ADMINISTRAÇÃO
VAGA_3f043b2b30,TECNOLOGO EM GESTAO FINANCEIRA
VAGA_8ffcb5f3d6,ADMINISTRAÇÃO
VAGA_8ffcb5f3d6,TECNOLOGO EM GESTAO FINANCEIRA
VAGA_4c44a45a73,ADMINISTRAÇÃO
VAGA_4c44a45a73,TECNOLOGO EM GESTAO FINANCEIRA
VAGA_ce0ecc8845,ADMINISTRAÇÃO
VAGA_ce0ecc8845,TECNOLOGO EM GESTAO FINANCEIRA
VAGA_15eb12d073,ENGENHARIA DE PRODUÇÃO
VAGA_15eb12d073,ENGENHARIA DE PRODUÇÃO CIVIL
VAGA_15eb12d073,ENGENHARIA DE PRODUÇÃO ELÉTRICA
VAGA_15eb12d073,ENGENHARIA DE PRODUÇÃO MECÂNICA
VAGA_15eb12d073,ENGENHARIA DE PRODUÇÃO METALÚRGICA
VAGA_15eb12d073,ENGENHARIA DE PRODUÇÃO QUÍMICA
VAGA_5a14374a41,PEDAGOGIA
VAGA_72cea0f2cb,CINEMA
VAGA_72cea0f2cb,COMUNICAÇÃO SOCIAL
VAGA_72cea0f2cb,ESTUDOS DE MÍDIA
VAGA_72cea0f2cb,JORNALISMO
VAGA_72cea0f2cb,PUBLICIDADE E PROPAGANDA
VAGA_6d9bffaa33,ENGENHARIA CIVIL
VAGA_95d855eb82,ADMINISTRAÇÃO
VAGA_95d855eb82,COMUNICAÇÃO SOCIAL
VAGA_95d855eb82,ESTUDOS DE MÍDIA
VAGA_95d855eb82,PUBLICIDADE E PROPAGANDA
VAGA_06cf450c6d,CIÊNCIA DA COMPUTAÇÃO
VAGA_06cf450c6d,ENGENHARIA DE COMPUTAÇÃO
VAGA_06cf450c6d,ENGENHARIA ELÉTRICA
VAGA_06cf450c6d,SISTEMAS DE INFORMAÇÃO
VAGA_65a5845f8a,ADMINISTRAÇÃO
VAGA_65a5845f8a,TECNOLOGO EM GESTAO FINANCEIRA
VAGA_6de721455f,ADMINISTRAÇÃO
VAGA_6de721455f,COMUNICAÇÃO SOCIAL
VAGA_6de721455f,ESTUDOS DE MÍDIA
VAGA_6de721455f,PUBLICIDADE E PROPAGANDA
VAGA_40a97ecb7d,ADMINISTRAÇÃO
VAGA_95096d1b4d,MODA
VAGA_8f982252f5,DIREITO
VAGA_d6058971c5,CIÊNCIA DA COMPUTAÇÃO
VAGA_d6058971c5,ENGENHARIA DE COMPUTAÇÃO
VAGA_d6058971c5,ENGENHARIA ELÉTRICA
VAGA_d6058971c5,SISTEMAS DE INFORMAÇÃO
VAGA_71699195fa,COMUNICAÇÃO VISUAL
VAGA_71699195fa,DESIGN
VAGA_71699195fa,MÍDIA DIGITAL
VAGA_71699195fa,MODA
VAGA_71699195fa,PROJETO DE PRODUTO
VAGA_6186f14d73,CIÊNCIA DA COMPUTAÇÃO
VAGA_6186f14d73,ENGENHARIA DE COMPUTAÇÃO
VAGA_6186f14d73,ENGENHARIA ELÉTRICA
VAGA_6186f14d73,SISTEMAS DE INFORMAÇÃO
VAGA_c7929f7e9d,PEDAGOGIA
VAGA_4ff90b17b3,ADMINISTRAÇÃO
VAGA_4ff90b17b3,TECNOLOGO EM GESTAO FINANCEIRA
VAGA_d228ff92f6,ADMINISTRAÇÃO
VAGA_d228ff92f6,TECNOLOGO EM GESTAO FINANCEIRA
VAGA_205d2a24f8,CINEMA
VAGA_205d2a24f8,COMUNICAÇÃO SOCIAL
VAGA_205d2a24f8,ESTUDOS DE MÍDIA
VAGA_205d2a24f8,JORNALISMO
VAGA_205d2a24f8,PUBLICIDADE E PROPAGANDA
VAGA_34594b7c03,PEDAGOGIA
VAGA_d52a07bbbe,PEDAGOGIA
VAGA_dbf99b1741,DIREITO
VAGA_e9fcf6999b,COMUNICAÇÃO VISUAL
VAGA_e9fcf6999b,DESIGN
VAGA_e9fcf6999b,MÍDIA DIGITAL
VAGA_e9fcf6999b,MODA
VAGA_e9fcf6999b,PROJETO DE PRODUTO
VAGA_3b586bb66b,LETRAS
VAGA_130c1cbd3c,ENGENHARIA CIVIL
VAGA_0e40d40bdc,COMUNICAÇÃO VISUAL
VAGA_0e40d40bdc,DESIGN
VAGA_0e40d40bdc,MÍDIA DIGITAL
VAGA_0e40d40bdc,MODA
VAGA_0e40d40bdc,PROJETO DE PRODUTO
VAGA_7ed6d75bac,DIREITO
VAGA_163427821c,ADMINISTRAÇÃO
VAGA_163427821c,TECNOLOGO EM GESTAO FINANCEIRA
VAGA_b695706d50,CINEMA
VAGA_b695706d50,COMUNICAÇÃO SOCIAL
VAGA_b695706d50,ESTUDOS DE MÍDIA
VAGA_b695706d50,JORNALISMO
VAGA_b695706d50,PUBLICIDADE E PROPAGANDA
VAGA_5a0720b49b,ENGENHARIA DE PRODUÇÃO
VAGA_5a0720b49b,ENGENHARIA DE PRODUÇÃO CIVIL
VAGA_5a0720b49b,ENGENHARIA DE PRODUÇÃO ELÉTRICA
VAGA_5a0720b49b,ENGENHARIA DE PRODUÇÃO MECÂNICA
VAGA_5a0720b49b,ENGENHARIA DE PRODUÇÃO METALÚRGICA
VAGA_5a0720b49b,ENGENHARIA DE PRODUÇÃO QUÍMICA
VAGA_ba072ed431,ENGENHARIA CIVIL
VAGA_2527192ed7,PEDAGOGIA
VAGA_165b7a10da,ENGENHARIA DE PRODUÇÃO MECÂNICA
VAGA_2eeac2591c,DIREITO
VAGA_e8b50425a0,ADMINISTRAÇÃO
VAGA_e8b50425a0,TECNOLOGO EM GESTAO FINANCEIRA
VAGA_a0f08f65ec,PSICOLOGIA
VAGA_29cea02b49,CIÊNCIA DA COMPUTAÇÃO
VAGA_29cea02b49,ENGENHARIA DE COMPUTAÇÃO
VAGA_29cea02b49,ENGENHARIA ELÉTRICA
VAGA_29cea02b49,SISTEMAS DE INFORMAÇÃO
VAGA_bbed6ed241,ADMINISTRAÇÃO
VAGA_bbed6ed241,TECNOLOGO EM GESTAO FINANCEIRA
VAGA_1bb741349c,PEDAGOGIA
VAGA_b7101f019e,ADMINISTRAÇÃO
VAGA_b7101f019e,TECNOLOGO EM GESTAO FINANCEIRA
VAGA_b97b36c19d,ENGENHARIA CIVIL
VAGA_b97b36c19d,ENGENHARIA DE PRODUÇÃO CIVIL
VAGA_cad5c85ff9,ENGENHARIA CIVIL
VAGA_390390e08e,ADMINISTRAÇÃO
VAGA_390390e08e,TECNOLOGO EM GESTAO FINANCEIRA
VAGA_5909354fa8,DIREITO
VAGA_c8e21f3938,ADMINISTRAÇÃO
VAGA_c8e21f3938,TECNOLOGO EM GESTAO FINANCEIRA
VAGA_2a94224b80,DIREITO
VAGA_3b8b24318d,ADMINISTRAÇÃO
VAGA_3b8b24318d,TECNOLOGO EM GESTAO FINANCEIRA
VAGA_9dafac23d5,ARQUITETURA E URBANISMO
VAGA_9dafac23d5,COMUNICAÇÃO VISUAL
VAGA_9dafac23d5,DESIGN
VAGA_9dafac23d5,ENGENHARIA DE COMPUTAÇÃO
VAGA_9dafac23d5,ENGENHARIA DE PRODUÇÃO
VAGA_9dafac23d5,ENGENHARIA ELÉTRICA
VAGA_9dafac23d5,JORNALISMO
VAGA_9dafac23d5,MÍDIA DIGITAL
VAGA_69bfcc35fb,ADMINISTRAÇÃO
VAGA_69bfcc35fb,TECNOLOGO EM GESTAO FINANCEIRA
VAGA_df8a03e34d,HISTÓRIA
VAGA_91613fe86e,ADMINISTRAÇÃO
VAGA_91613fe86e,TECNOLOGO EM GESTAO FINANCEIRA
VAGA_e949947541,ADMINISTRAÇÃO
VAGA_e949947541,TECNOLOGO EM GESTAO FINANCEIRA
VAGA_44433233d0,DIREITO
VAGA_e8f2d8a71d,ADMINISTRAÇÃO
VAGA_e8f2d8a71d,TECNOLOGO EM GESTAO FINANCEIRA
VAGA_6f5c09797c,CINEMA
VAGA_6f5c09797c,COMUNICAÇÃO SOCIAL
VAGA_6f5c09797c,ESTUDOS DE MÍDIA
VAGA_6f5c09797c,JORNALISMO
VAGA_6f5c09797c,PUBLICIDADE E PROPAGANDA
VAGA_891a626cd9,PSICOLOGIA
VAGA_4a8dbf18e9,ADMINISTRAÇÃO
VAGA_4a8dbf18e9,COMUNICAÇÃO SOCIAL
VAGA_4a8dbf18e9,ESTUDOS DE MÍDIA
VAGA_4a8dbf18e9,PUBLICIDADE E PROPAGANDA
VAGA_3afcac5b3f,ADMINISTRAÇÃO
VAGA_3afcac5b3f,TECNOLOGO EM GESTAO FINANCEIRA
VAGA_45bb40edf5,CINEMA
VAGA_45bb40edf5,COMUNICAÇÃO SOCIAL
VAGA_45bb40edf5,ESTUDOS DE MÍDIA
VAGA_45bb40edf5,JORNALISMO
VAGA_45bb40edf5,PUBLICIDADE E PROPAGANDA
VAGA_f7252bb84f,ADMINISTRAÇÃO
VAGA_f7252bb84f,TECNOLOGO EM GESTAO FINANCEIRA
VAGA_6ff936fe38,ADMINISTRAÇÃO
VAGA_6ff936fe38,COMUNICAÇÃO SOCIAL
VAGA_6ff936fe38,ESTUDOS DE MÍDIA
VAGA_6ff936fe38,PUBLICIDADE E PROPAGANDA
VAGA_9046625bc9,HISTÓRIA
VAGA_02f66a1b5e,PEDAGOGIA
VAGA_346f166fac,ADMINISTRAÇÃO
VAGA_346f166fac,TECNOLOGO EM GESTAO FINANCEIRA
VAGA_092d23333f,DIREITO
VAGA_8e59accffb,PSICOLOGIA
VAGA_91b042e9a8,ENGENHARIA CIVIL
VAGA_a2ccb9ff65,ADMINISTRAÇÃO
VAGA_a2ccb9ff65,COMUNICAÇÃO SOCIAL
VAGA_a2ccb9ff65,ESTUDOS DE MÍDIA
VAGA_a2ccb9ff65,PUBLICIDADE E PROPAGANDA
VAGA_1d961050f5,ADMINISTRAÇÃO
VAGA_1d961050f5,TECNOLOGO EM GESTAO FINANCEIRA
VAGA_2aaabb02a3,ADMINISTRAÇÃO
VAGA_2aaabb02a3,TECNOLOGO EM GESTAO FINANCEIRA
VAGA_b9df7f6107,ADMINISTRAÇÃO
VAGA_b9df7f6107,TECNOLOGO EM GESTAO FINANCEIRA
VAGA_dc56556509,ADMINISTRAÇÃO
VAGA_dc56556509,TECNOLOGO EM GESTAO FINANCEIRA
VAGA_e65f50a821,ADMINISTRAÇÃO
VAGA_e65f50a821,ENGENHARIA CIVIL
VAGA_e65f50a821,ENGENHARIA DE MATERIAIS
VAGA_e65f50a821,ENGENHARIA DE PETRÓLEO
VAGA_e65f50a821,ENGENHARIA DE PRODUÇÃO
VAGA_e65f50a821,ENGENHARIA DE PRODUÇÃO CIVIL
VAGA_e65f50a821,PROJETO DE PRODUTO
VAGA_e65f50a821,RELAÇÕES INTERNACIONAIS
VAGA_ac31ce2d4b,DIREITO
VAGA_79e2202616,ADMINISTRAÇÃO
VAGA_79e2202616,TECNOLOGO EM GESTAO FINANCEIRA
VAGA_54af43ca41,ADMINISTRAÇÃO
VAGA_54af43ca41,TECNOLOGO EM GESTAO FINANCEIRA
VAGA_5b1eb4db2e,CIÊNCIA DA COMPUTAÇÃO
VAGA_5b1eb4db2e,ENGENHARIA DE COMPUTAÇÃO
VAGA_5b1eb4db2e,ENGENHARIA ELÉTRICA
VAGA_5b1eb4db2e,SISTEMAS DE INFORMAÇÃO
VAGA_1662f60a66,DIREITO
VAGA_275de3cac7,ADMINISTRAÇÃO
VAGA_275de3cac7,TECNOLOGO EM GESTAO FINANCEIRA
VAGA_13cba18b4b,ADMINISTRAÇÃO
VAGA_13cba18b4b,TECNOLOGO EM GESTAO FINANCEIRA
VAGA_f222747c15,ADMINISTRAÇÃO
VAGA_f222747c15,TECNOLOGO EM GESTAO FINANCEIRA
VAGA_b7a370692d,CINEMA
VAGA_b7a370692d,COMUNICAÇÃO SOCIAL
VAGA_b7a370692d,ESTUDOS DE MÍDIA
VAGA_b7a370692d,JORNALISMO
VAGA_b7a370692d,PUBLICIDADE E PROPAGANDA
VAGA_5bd0abebc8,CINEMA
VAGA_5bd0abebc8,COMUNICAÇÃO SOCIAL
VAGA_5bd0abebc8,ESTUDOS DE MÍDIA
VAGA_5bd0abebc8,JORNALISMO
VAGA_5bd0abebc8,PUBLICIDADE E PROPAGANDA
VAGA_4b6fd54cae,ADMINISTRAÇÃO
VAGA_4b6fd54cae,TECNOLOGO EM GESTAO FINANCEIRA
VAGA_5cd8da39c3,ADMINISTRAÇÃO
VAGA_5cd8da39c3,TECNOLOGO EM GESTAO FINANCEIRA
VAGA_df0b2890da,DIREITO
VAGA_8e263745c2,DIREITO
VAGA_cfab72603c,CIÊNCIAS BIOLÓGICAS
VAGA_86fa2a038b,ADMINISTRAÇÃO
VAGA_86fa2a038b,TECNOLOGO EM GESTAO FINANCEIRA
VAGA_d3f710e26f,ARTES CENICAS
VAGA_d3f710e26f,COMUNICAÇÃO VISUAL
VAGA_d3f710e26f,DESIGN
VAGA_d3f710e26f,MÍDIA DIGITAL
VAGA_d3f710e26f,MODA
VAGA_d3f710e26f,PROJETO DE PRODUTO
VAGA_75dedf09c0,PEDAGOGIA
VAGA_db618d5779,DIREITO
VAGA_ea3e0c49db,ENGENHARIA CIVIL
VAGA_ea3e0c49db,ENGENHARIA ELÉTRICA
VAGA_8f98933929,ARQUITETURA E URBANISMO
VAGA_f32c0178a3,ARQUITETURA E URBANISMO
VAGA_9fdd27d1a6,ADMINISTRAÇÃO
VAGA_9fdd27d1a6,TECNOLOGO EM GESTAO FINANCEIRA
VAGA_0af8ca64d1,ARQUITETURA E URBANISMO
VAGA_20e24d178e,ADMINISTRAÇÃO
VAGA_20e24d178e,COMUNICAÇÃO SOCIAL
VAGA_20e24d178e,ESTUDOS DE MÍDIA
VAGA_20e24d178e,PUBLICIDADE E PROPAGANDA
VAGA_9b1b66a035,PEDAGOGIA
VAGA_a858d9a7f8,DIREITO
VAGA_7b758fe226,DIREITO
VAGA_68b285614c,ADMINISTRAÇÃO
VAGA_68b285614c,TECNOLOGO EM GESTAO FINANCEIRA
VAGA_c34115b6d0,HISTÓRIA
VAGA_9ada28c962,CIÊNCIAS BIOLÓGICAS
VAGA_9ada28c962,CIÊNCIAS SOCIAIS
VAGA_9ada28c962,FILOSOFIA
VAGA_9ada28c962,GEOGRAFIA
VAGA_9ada28c962,HISTÓRIA
VAGA_9ada28c962,LETRAS
VAGA_9ada28c962,PEDAGOGIA
VAGA_9ada28c962,SOCIOLOGIA
VAGA_e119df3a6a,ADMINISTRAÇÃO
VAGA_e119df3a6a,TECNOLOGO EM GESTAO FINANCEIRA
VAGA_d70c90f305,ADMINISTRAÇÃO
VAGA_d70c90f305,TECNOLOGO EM GESTAO FINANCEIRA
VAGA_d24c829076,ADMINISTRAÇÃO
VAGA_d24c829076,CIÊNCIA DA COMPUTAÇÃO
VAGA_d24c829076,CIÊNCIAS SOCIAIS
VAGA_d24c829076,ENGENHARIA DE CONTROLE E AUTOMAÇÃO
VAGA_d24c829076,ENGENHARIA DE PRODUÇÃO
VAGA_d24c829076,SISTEMAS DE INFORMAÇÃO
VAGA_96fde9b240,PEDAGOGIA
VAGA_4bf28d92e1,ADMINISTRAÇÃO
VAGA_4bf28d92e1,TECNOLOGO EM GESTAO FINANCEIRA
VAGA_435ee3dfc3,PEDAGOGIA
VAGA_7ca620a7a4,DIREITO
VAGA_76ee96fa02,PEDAGOGIA
VAGA_ab2edf0ab0,COMUNICAÇÃO VISUAL
VAGA_ab2edf0ab0,DESIGN
VAGA_ab2edf0ab0,MÍDIA DIGITAL
VAGA_ab2edf0ab0,MODA
VAGA_ab2edf0ab0,PROJETO DE PRODUTO
VAGA_4088cf1997,COMUNICAÇÃO SOCIAL
VAGA_4088cf1997,DESIGN
VAGA_4088cf1997,ESTUDOS DE MÍDIA
VAGA_4088cf1997,JORNALISMO
VAGA_4088cf1997,MÍDIA DIGITAL
VAGA_d165948810,ENGENHARIA CIVIL
VAGA_2c4455745f,ADMINISTRAÇÃO
VAGA_2c4455745f,COMUNICAÇÃO SOCIAL
VAGA_2c4455745f,ESTUDOS DE MÍDIA
VAGA_2c4455745f,PUBLICIDADE E PROPAGANDA
VAGA_175e2b5909,CINEMA
VAGA_175e2b5909,COMUNICAÇÃO SOCIAL
VAGA_175e2b5909,ESTUDOS DE MÍDIA
VAGA_175e2b5909,JORNALISMO
VAGA_175e2b5909,PUBLICIDADE E PROPAGANDA
VAGA_6f3bbd37cc,PEDAGOGIA
VAGA_2e3a7c77f6,ADMINISTRAÇÃO
VAGA_2e3a7c77f6,TECNOLOGO EM GESTAO FINANCEIRA
VAGA_c6a5378e1e,NUTRIÇÃO
VAGA_44094d39f5,PEDAGOGIA
VAGA_1861f550df,ADMINISTRAÇÃO
VAGA_1861f550df,TECNOLOGO EM GESTAO FINANCEIRA
VAGA_e28186bf35,ADMINISTRAÇÃO
VAGA_e28186bf35,TECNOLOGO EM GESTAO FINANCEIRA
VAGA_52b4a73fd2,ADMINISTRAÇÃO
VAGA_52b4a73fd2,TECNOLOGO EM GESTAO FINANCEIRA
VAGA_fe9860dc18,ENGENHARIA CIVIL
VAGA_24eaaef6c9,ADMINISTRAÇÃO
VAGA_24eaaef6c9,ECONOMIA
VAGA_519429eba6,CINEMA
VAGA_519429eba6,COMUNICAÇÃO SOCIAL
VAGA_519429eba6,ESTUDOS DE MÍDIA
VAGA_519429eba6,JORNALISMO
VAGA_519429eba6,PUBLICIDADE E PROPAGANDA
VAGA_40bbadeaff,HISTÓRIA
VAGA_b25dfde630,CINEMA
VAGA_b25dfde630,COMUNICAÇÃO SOCIAL
VAGA_b25dfde630,ESTUDOS DE MÍDIA
VAGA_b25dfde630,JORNALISMO
VAGA_b25dfde630,PUBLICIDADE E PROPAGANDA
VAGA_b00c764baf,ADMINISTRAÇÃO
VAGA_b00c764baf,TECNOLOGO EM GESTAO FINANCEIRA
VAGA_65f160a526,DIREITO
VAGA_0b5c726e3e,ADMINISTRAÇÃO
VAGA_0b5c726e3e,TECNOLOGO EM GESTAO FINANCEIRA
VAGA_244999489f,ADMINISTRAÇÃO
VAGA_244999489f,TECNOLOGO EM GESTAO FINANCEIRA
VAGA_601cb439eb,ARQUITETURA E URBANISMO
VAGA_0ec821ffc6,NUTRIÇÃO
VAGA_770001ccdc,DIREITO
VAGA_57be901527,ENGENHARIA DE PRODUÇÃO
VAGA_57be901527,ENGENHARIA DE PRODUÇÃO CIVIL
VAGA_57be901527,ENGENHARIA DE PRODUÇÃO ELÉTRICA
VAGA_57be901527,ENGENHARIA DE PRODUÇÃO MECÂNICA
VAGA_57be901527,ENGENHARIA DE PRODUÇÃO METALÚRGICA
VAGA_57be901527,ENGENHARIA DE PRODUÇÃO QUÍMICA
VAGA_4b731acdec,CIÊNCIA DA COMPUTAÇÃO
VAGA_4b731acdec,ENGENHARIA DE COMPUTAÇÃO
VAGA_4b731acdec,ENGENHARIA ELÉTRICA
VAGA_4b731acdec,SISTEMAS DE INFORMAÇÃO
VAGA_2ddfb8b907,ADMINISTRAÇÃO
VAGA_2ddfb8b907,TECNOLOGO EM GESTAO FINANCEIRA
VAGA_8d96c51841,ADMINISTRAÇÃO
VAGA_8d96c51841,TECNOLOGO EM GESTAO FINANCEIRA
VAGA_ce97a890a5,CINEMA
VAGA_ce97a890a5,COMUNICAÇÃO SOCIAL
VAGA_ce97a890a5,ESTUDOS DE MÍDIA
VAGA_ce97a890a5,JORNALISMO
VAGA_ce97a890a5,PUBLICIDADE E PROPAGANDA
VAGA_cd8802039d,ADMINISTRAÇÃO
VAGA_cd8802039d,TECNOLOGO EM GESTAO FINANCEIRA
VAGA_8fd17cdcc7,ADMINISTRAÇÃO
VAGA_8fd17cdcc7,TECNOLOGO EM GESTAO FINANCEIRA
VAGA_a689232a93,ADMINISTRAÇÃO
VAGA_a689232a93,TECNOLOGO EM GESTAO FINANCEIRA
VAGA_01c1501bca,ADMINISTRAÇÃO
VAGA_01c1501bca,TECNOLOGO EM GESTAO FINANCEIRA
VAGA_aba307228a,CIÊNCIA DA COMPUTAÇÃO
VAGA_aba307228a,ENGENHARIA DE COMPUTAÇÃO
VAGA_aba307228a,ENGENHARIA ELÉTRICA
VAGA_aba307228a,SISTEMAS DE INFORMAÇÃO
VAGA_0d21b33b44,NUTRIÇÃO
VAGA_7fa9a70591,PEDAGOGIA
VAGA_f5832835d0,PEDAGOGIA
VAGA_6eb2b41ed3,ADMINISTRAÇÃO
VAGA_6eb2b41ed3,TECNOLOGO EM GESTAO FINANCEIRA
VAGA_4465b6c6bf,ADMINISTRAÇÃO
VAGA_4465b6c6bf,TECNOLOGO EM GESTAO FINANCEIRA
VAGA_ba28abf2eb,ADMINISTRAÇÃO
VAGA_ba28abf2eb,TECNOLOGO EM GESTAO FINANCEIRA
VAGA_dbc44abaa8,ARQUITETURA E URBANISMO
VAGA_5d0a2dc146,ADMINISTRAÇÃO
VAGA_5d0a2dc146,TECNOLOGO EM GESTAO FINANCEIRA
VAGA_06471a9923,DIREITO
VAGA_d0bf495211,ENGENHARIA CIVIL
VAGA_c8ca4c2ede,ADMINISTRAÇÃO
VAGA_c8ca4c2ede,TECNOLOGO EM GESTAO FINANCEIRA
VAGA_29e6667fd4,DIREITO
VAGA_c18747c504,ADMINISTRAÇÃO
VAGA_c18747c504,TECNOLOGO EM GESTAO FINANCEIRA
VAGA_7586752bea,DIREITO
VAGA_1ebffd47a3,ADMINISTRAÇÃO
VAGA_1ebffd47a3,TECNOLOGO EM GESTAO FINANCEIRA
VAGA_27bf80ee62,ADMINISTRAÇÃO
VAGA_27bf80ee62,TECNOLOGO EM GESTAO FINANCEIRA
VAGA_9c1ff1fa12,DIREITO
VAGA_84357c0d05,ENGENHARIA CIVIL
VAGA_da53843bd5,ADMINISTRAÇÃO
VAGA_da53843bd5,TECNOLOGO EM GESTAO FINANCEIRA
VAGA_4c1f0f0af7,NUTRIÇÃO
VAGA_1b0a1be2d5,ADMINISTRAÇÃO
VAGA_1b0a1be2d5,TECNOLOGO EM GESTAO FINANCEIRA
VAGA_1d85e02861,PEDAGOGIA
VAGA_ed1bd52d55,PEDAGOGIA
VAGA_3d39ec4f35,DIREITO
VAGA_bf49488139,ADMINISTRAÇÃO
VAGA_bf49488139,TECNOLOGO EM GESTAO FINANCEIRA
VAGA_b1f3700b05,COMUNICAÇÃO VISUAL
VAGA_b1f3700b05,DESIGN
VAGA_b1f3700b05,MÍDIA DIGITAL
VAGA_b1f3700b05,MODA
VAGA_b1f3700b05,PROJETO DE PRODUTO
VAGA_7f996d1975,DIREITO
VAGA_669db9474f,ADMINISTRAÇÃO
VAGA_669db9474f,CIÊNCIA DA COMPUTAÇÃO
VAGA_669db9474f,ECONOMIA
VAGA_669db9474f,ENGENHARIA DE COMPUTAÇÃO
VAGA_669db9474f,ENGENHARIA DE PRODUÇÃO
VAGA_669db9474f,SISTEMAS DE INFORMAÇÃO
VAGA_ff9d970250,CIÊNCIA DA COMPUTAÇÃO
VAGA_ff9d970250,ENGENHARIA DE COMPUTAÇÃO
VAGA_6e06cca8d8,ENGENHARIA CIVIL
VAGA_80114ec7f9,PEDAGOGIA
VAGA_4782a8c502,ADMINISTRAÇÃO
VAGA_4782a8c502,TECNOLOGO EM GESTAO FINANCEIRA
VAGA_f5c7a4536b,ADMINISTRAÇÃO
VAGA_f5c7a4536b,DIREITO
VAGA_f5c7a4536b,ECONOMIA
VAGA_f5c7a4536b,ENGENHARIA DE PETRÓLEO
VAGA_f5c7a4536b,ENGENHARIA DE PRODUÇÃO QUÍMICA
VAGA_f5c7a4536b,ENGENHARIA QUÍMICA
VAGA_f5c7a4536b,RELAÇÕES INTERNACIONAIS
VAGA_83c1d62bee,ADMINISTRAÇÃO
VAGA_83c1d62bee,TECNOLOGO EM GESTAO FINANCEIRA
VAGA_307e955103,DIREITO
VAGA_a1b31d29a4,ADMINISTRAÇÃO
VAGA_a1b31d29a4,TECNOLOGO EM GESTAO FINANCEIRA
VAGA_bce37792cc,ADMINISTRAÇÃO
VAGA_bce37792cc,TECNOLOGO EM GESTAO FINANCEIRA
VAGA_9da613517b,ENGENHARIA DE PRODUÇÃO
VAGA_9da613517b,ENGENHARIA DE PRODUÇÃO CIVIL
VAGA_9da613517b,ENGENHARIA DE PRODUÇÃO ELÉTRICA
VAGA_9da613517b,ENGENHARIA DE PRODUÇÃO MECÂNICA
VAGA_9da613517b,ENGENHARIA DE PRODUÇÃO METALÚRGICA
VAGA_9da613517b,ENGENHARIA DE PRODUÇÃO QUÍMICA
VAGA_d55a8a36a1,ENGENHARIA CIVIL
VAGA_49322bdac3,DIREITO
VAGA_161f88bb26,ENGENHARIA CIVIL
VAGA_628c13df5d,PEDAGOGIA
VAGA_40d89fce07,ADMINISTRAÇÃO
VAGA_40d89fce07,TECNOLOGO EM GESTAO FINANCEIRA
VAGA_97956b9a69,ADMINISTRAÇÃO
VAGA_97956b9a69,COMUNICAÇÃO SOCIAL
VAGA_97956b9a69,ESTUDOS DE MÍDIA
VAGA_97956b9a69,PUBLICIDADE E PROPAGANDA
VAGA_bd37ca0910,CIÊNCIAS BIOLÓGICAS
VAGA_bd37ca0910,CIÊNCIAS SOCIAIS
VAGA_bd37ca0910,FILOSOFIA
VAGA_bd37ca0910,GEOGRAFIA
VAGA_bd37ca0910,HISTÓRIA
VAGA_bd37ca0910,LETRAS
VAGA_bd37ca0910,PEDAGOGIA
VAGA_bd37ca0910,SOCIOLOGIA
VAGA_c248fac7e3,CINEMA
VAGA_c248fac7e3,COMUNICAÇÃO SOCIAL
VAGA_c248fac7e3,ESTUDOS DE MÍDIA
VAGA_c248fac7e3,JORNALISMO
VAGA_c248fac7e3,PUBLICIDADE E PROPAGANDA
VAGA_f95412c3c3,ENGENHARIA CIVIL
VAGA_7df482a903,LETRAS
VAGA_74c2c1d3df,ADMINISTRAÇÃO
VAGA_74c2c1d3df,TECNOLOGO EM GESTAO FINANCEIRA
VAGA_e132ee00a4,PEDAGOGIA
VAGA_059f3ec33c,ADMINISTRAÇÃO
VAGA_059f3ec33c,TECNOLOGO EM GESTAO FINANCEIRA
VAGA_3f22be395b,ADMINISTRAÇÃO
VAGA_3f22be395b,TECNOLOGO EM GESTAO FINANCEIRA
VAGA_86ea71d223,ENGENHARIA DE PRODUÇÃO
VAGA_86ea71d223,ENGENHARIA DE PRODUÇÃO CIVIL
VAGA_86ea71d223,ENGENHARIA DE PRODUÇÃO ELÉTRICA
VAGA_86ea71d223,ENGENHARIA DE PRODUÇÃO MECÂNICA
VAGA_86ea71d223,ENGENHARIA DE PRODUÇÃO METALÚRGICA
VAGA_86ea71d223,ENGENHARIA DE PRODUÇÃO QUÍMICA
VAGA_e8a619fc7f,ENGENHARIA CIVIL
VAGA_f41a156480,DIREITO
VAGA_071d3ba07c,ADMINISTRAÇÃO
VAGA_071d3ba07c,TECNOLOGO EM GESTAO FINANCEIRA
VAGA_002a7fbe3a,COMUNICAÇÃO VISUAL
VAGA_002a7fbe3a,DESIGN
VAGA_002a7fbe3a,MÍDIA DIGITAL
VAGA_002a7fbe3a,MODA
VAGA_002a7fbe3a,PROJETO DE PRODUTO
VAGA_4a71556f1c,ADMINISTRAÇÃO
VAGA_4a71556f1c,TECNOLOGO EM GESTAO FINANCEIRA
VAGA_e300d1d0c2,DESIGN
VAGA_36594a109b,ADMINISTRAÇÃO
VAGA_36594a109b,TECNOLOGO EM GESTAO FINANCEIRA
VAGA_2647460968,ADMINISTRAÇÃO
VAGA_2647460968,TECNOLOGO EM GESTAO FINANCEIRA
VAGA_f3b6d07990,ADMINISTRAÇÃO
VAGA_f3b6d07990,TECNOLOGO EM GESTAO FINANCEIRA
VAGA_e40b1f66d0,ADMINISTRAÇÃO
VAGA_e40b1f66d0,TECNOLOGO EM GESTAO FINANCEIRA
VAGA_cee62adeac,ENGENHARIA CIVIL
VAGA_17aefe4fbc,PEDAGOGIA
VAGA_7de381a08e,ADMINISTRAÇÃO
VAGA_7de381a08e,TECNOLOGO EM GESTAO FINANCEIRA
VAGA_87c9b32c3a,PEDAGOGIA
VAGA_6ee8046cd6,ENGENHARIA CIVIL
VAGA_a91a200e01,ADMINISTRAÇÃO
VAGA_a91a200e01,TECNOLOGO EM GESTAO FINANCEIRA
VAGA_dc2213c21e,ADMINISTRAÇÃO
VAGA_dc2213c21e,TECNOLOGO EM GESTAO FINANCEIRA
VAGA_160ef231f0,PEDAGOGIA
VAGA_dfd6532033,ADMINISTRAÇÃO
VAGA_2c3275c25b,COMUNICAÇÃO VISUAL
VAGA_2c3275c25b,DESIGN
VAGA_2c3275c25b,MÍDIA DIGITAL
VAGA_2c3275c25b,MODA
VAGA_2c3275c25b,PROJETO DE PRODUTO
VAGA_5ec31286f7,ADMINISTRAÇÃO
VAGA_5ec31286f7,TECNOLOGO EM GESTAO FINANCEIRA
VAGA_6a35a04c80,ADMINISTRAÇÃO
VAGA_6a35a04c80,TECNOLOGO EM GESTAO FINANCEIRA
VAGA_be86a25250,CIÊNCIA DA COMPUTAÇÃO
VAGA_be86a25250,ENGENHARIA DE COMPUTAÇÃO
VAGA_be86a25250,ENGENHARIA ELÉTRICA
VAGA_be86a25250,SISTEMAS DE INFORMAÇÃO
VAGA_3ace23b0fd,ADMINISTRAÇÃO
VAGA_3ace23b0fd,TECNOLOGO EM GESTAO FINANCEIRA
VAGA_77020e5800,DIREITO
VAGA_12a08dfafe,ADMINISTRAÇÃO
VAGA_12a08dfafe,TECNOLOGO EM GESTAO FINANCEIRA
VAGA_b26f396b0d,ENGENHARIA CIVIL
VAGA_56b57e0bdf,CINEMA
VAGA_56b57e0bdf,COMUNICAÇÃO SOCIAL
VAGA_56b57e0bdf,ESTUDOS DE MÍDIA
VAGA_56b57e0bdf,JORNALISMO
VAGA_56b57e0bdf,PUBLICIDADE E PROPAGANDA
VAGA_24c13f5ddb,ADMINISTRAÇÃO
VAGA_24c13f5ddb,TECNOLOGO EM GESTAO FINANCEIRA
VAGA_c3e426b8b5,ADMINISTRAÇÃO
VAGA_c3e426b8b5,COMUNICAÇÃO SOCIAL
VAGA_c3e426b8b5,DESIGN
VAGA_c3e426b8b5,PUBLICIDADE E PROPAGANDA
VAGA_01a2d2d464,ENGENHARIA CIVIL
VAGA_67054cabac,ADMINISTRAÇÃO
VAGA_67054cabac,TECNOLOGO EM GESTAO FINANCEIRA
VAGA_72e993f77a,ENGENHARIA DE MATERIAIS
VAGA_72e993f77a,ENGENHARIA DE PRODUÇÃO
VAGA_72e993f77a,ENGENHARIA DE PRODUÇÃO CIVIL
VAGA_72e993f77a,ENGENHARIA DE PRODUÇÃO ELÉTRICA
VAGA_72e993f77a,ENGENHARIA DE PRODUÇÃO MECÂNICA
VAGA_72e993f77a,ENGENHARIA DE PRODUÇÃO METALÚRGICA
VAGA_72e993f77a,ENGENHARIA DE PRODUÇÃO QUÍMICA
VAGA_72e993f77a,ENGENHARIA QUÍMICA
VAGA_dbe5052f28,ADMINISTRAÇÃO
VAGA_dbe5052f28,TECNOLOGO EM GESTAO FINANCEIRA
VAGA_f8b765ad11,PEDAGOGIA
VAGA_d9e933157d,PEDAGOGIA
VAGA_e1ac1aec7f,DIREITO
VAGA_a013ed6493,PEDAGOGIA
VAGA_190c811022,COMUNICAÇÃO VISUAL
VAGA_190c811022,DESIGN
VAGA_190c811022,MÍDIA DIGITAL
VAGA_190c811022,MODA
VAGA_190c811022,PROJETO DE PRODUTO
VAGA_0bf64d295c,PEDAGOGIA
VAGA_d181b76097,ENGENHARIA CIVIL
VAGA_c1a6e85949,ADMINISTRAÇÃO
VAGA_c1a6e85949,TECNOLOGO EM GESTAO FINANCEIRA
VAGA_4b7ce901e3,ENGENHARIA DE PRODUÇÃO
VAGA_4b7ce901e3,ENGENHARIA DE PRODUÇÃO CIVIL
VAGA_4b7ce901e3,ENGENHARIA DE PRODUÇÃO ELÉTRICA
VAGA_4b7ce901e3,ENGENHARIA DE PRODUÇÃO MECÂNICA
VAGA_4b7ce901e3,ENGENHARIA DE PRODUÇÃO METALÚRGICA
VAGA_4b7ce901e3,ENGENHARIA DE PRODUÇÃO QUÍMICA
VAGA_37d083649f,PEDAGOGIA
VAGA_4e6f483098,ADMINISTRAÇÃO
VAGA_4e6f483098,COMUNICAÇÃO SOCIAL
VAGA_4e6f483098,ESTUDOS DE MÍDIA
VAGA_4e6f483098,PUBLICIDADE E PROPAGANDA
VAGA_7ac2374175,PEDAGOGIA
VAGA_cfd55b8be9,ADMINISTRAÇÃO
VAGA_cfd55b8be9,TECNOLOGO EM GESTAO FINANCEIRA
VAGA_f17ad699fc,DESIGN
VAGA_f17ad699fc,MODA
VAGA_bd19bbb647,ARQUITETURA E URBANISMO
VAGA_c1ff1e23d0,FÍSICA
VAGA_87f2597f03,PEDAGOGIA
VAGA_9f76c1ad61,DIREITO
VAGA_23c0f3b0f3,DESIGN
VAGA_c1fa12f31a,ADMINISTRAÇÃO
VAGA_c1fa12f31a,ENGENHARIA DE PETRÓLEO
VAGA_c1fa12f31a,ENGENHARIA DE PRODUÇÃO
VAGA_ebcf690b9c,ADMINISTRAÇÃO
VAGA_ebcf690b9c,TECNOLOGO EM GESTAO FINANCEIRA
VAGA_604b437cf4,ADMINISTRAÇÃO
VAGA_604b437cf4,TECNOLOGO EM GESTAO FINANCEIRA
VAGA_e07bc76f8c,DIREITO
VAGA_f5159d4a71,ADMINISTRAÇÃO
VAGA_f5159d4a71,TECNOLOGO EM GESTAO FINANCEIRA
VAGA_37caaf65ff,ADMINISTRAÇÃO
VAGA_37caaf65ff,TECNOLOGO EM GESTAO FINANCEIRA
VAGA_914836f692,ADMINISTRAÇÃO
VAGA_914836f692,COMUNICAÇÃO SOCIAL
VAGA_914836f692,ESTUDOS DE MÍDIA
VAGA_914836f692,PUBLICIDADE E PROPAGANDA
VAGA_19a8b4b8a6,CIÊNCIA DA COMPUTAÇÃO
VAGA_19a8b4b8a6,ENGENHARIA DE COMPUTAÇÃO
VAGA_19a8b4b8a6,ENGENHARIA ELÉTRICA
VAGA_19a8b4b8a6,SISTEMAS DE INFORMAÇÃO
VAGA_a578b849cc,ENGENHARIA DE PRODUÇÃO MECÂNICA
VAGA_f4524bea7d,CIÊNCIA DA COMPUTAÇÃO
VAGA_f4524bea7d,ENGENHARIA DE COMPUTAÇÃO
VAGA_f4524bea7d,ENGENHARIA ELÉTRICA
VAGA_f4524bea7d,SISTEMAS DE INFORMAÇÃO
VAGA_1b50986ccf,ADMINISTRAÇÃO
VAGA_1b50986ccf,TECNOLOGO EM GESTAO FINANCEIRA
VAGA_c9c1323cfb,ADMINISTRAÇÃO
VAGA_c9c1323cfb,TECNOLOGO EM GESTAO FINANCEIRA
VAGA_122a909535,ENGENHARIA CIVIL
VAGA_30a7a7aca0,DIREITO
VAGA_d8007b5cc9,ADMINISTRAÇÃO
VAGA_d8007b5cc9,ENGENHARIA DE PRODUÇÃO
VAGA_1258627ef8,CIÊNCIA DA COMPUTAÇÃO
VAGA_1258627ef8,ENGENHARIA DE COMPUTAÇÃO
VAGA_1258627ef8,ENGENHARIA ELÉTRICA
VAGA_1258627ef8,SISTEMAS DE INFORMAÇÃO
VAGA_bd5c2dcdb7,ADMINISTRAÇÃO
VAGA_bd5c2dcdb7,TECNOLOGO EM GESTAO FINANCEIRA
VAGA_5018b64bf2,ADMINISTRAÇÃO
VAGA_5018b64bf2,ECONOMIA
VAGA_5018b64bf2,TECNOLOGO EM GESTAO FINANCEIRA
VAGA_911320deb1,ADMINISTRAÇÃO
VAGA_911320deb1,TECNOLOGO EM GESTAO FINANCEIRA
VAGA_84dff9874d,PEDAGOGIA
VAGA_a43fca670e,NUTRIÇÃO
VAGA_695737eeb1,ADMINISTRAÇÃO
VAGA_695737eeb1,TECNOLOGO EM GESTAO FINANCEIRA
VAGA_9453d7ad1f,DIREITO
VAGA_ed67d90570,PEDAGOGIA
VAGA_198531bae2,PEDAGOGIA
VAGA_032c272fdf,ADMINISTRAÇÃO
VAGA_032c272fdf,TECNOLOGO EM GESTAO FINANCEIRA
VAGA_d048883d0c,CINEMA
VAGA_d048883d0c,COMUNICAÇÃO SOCIAL
VAGA_d048883d0c,ESTUDOS DE MÍDIA
VAGA_d048883d0c,JORNALISMO
VAGA_d048883d0c,PUBLICIDADE E PROPAGANDA
VAGA_088139e068,ADMINISTRAÇÃO
VAGA_088139e068,TECNOLOGO EM GESTAO FINANCEIRA
VAGA_a3e31b3874,ADMINISTRAÇÃO
VAGA_a3e31b3874,TECNOLOGO EM GESTAO FINANCEIRA
VAGA_cf73fb079e,ADMINISTRAÇÃO
VAGA_cf73fb079e,COMUNICAÇÃO SOCIAL
VAGA_cf73fb079e,ESTUDOS DE MÍDIA
VAGA_cf73fb079e,PUBLICIDADE E PROPAGANDA
VAGA_480cdc601c,ADMINISTRAÇÃO
VAGA_480cdc601c,TECNOLOGO EM GESTAO FINANCEIRA
VAGA_4b4f55e199,ADMINISTRAÇÃO
VAGA_4b4f55e199,TECNOLOGO EM GESTAO FINANCEIRA
VAGA_d728206dd6,ADMINISTRAÇÃO
VAGA_d728206dd6,TECNOLOGO EM GESTAO FINANCEIRA
VAGA_500256d70f,PEDAGOGIA
VAGA_4736f310d4,ENGENHARIA CIVIL
VAGA_06a27454ee,ADMINISTRAÇÃO
VAGA_06a27454ee,TECNOLOGO EM GESTAO FINANCEIRA
VAGA_2ad5c88ce3,ADMINISTRAÇÃO
VAGA_2ad5c88ce3,TECNOLOGO EM GESTAO FINANCEIRA
VAGA_65e4861898,ECONOMIA
VAGA_690b56a71a,COMUNICAÇÃO SOCIAL
VAGA_690b56a71a,JORNALISMO
VAGA_a40141a3e0,COMUNICAÇÃO SOCIAL
VAGA_ca77e7a44f,ENGENHARIA DE CONTROLE E AUTOMAÇÃO
VAGA_ca77e7a44f,ENGENHARIA DE PETRÓLEO
VAGA_ca77e7a44f,ENGENHARIA DE PRODUÇÃO
VAGA_ca77e7a44f,ENGENHARIA DE PRODUÇÃO ELÉTRICA
VAGA_ca77e7a44f,ENGENHARIA DE PRODUÇÃO MECÂNICA
VAGA_ca77e7a44f,ENGENHARIA ELÉTRICA
VAGA_ca77e7a44f,ENGENHARIA MECÂNICA
VAGA_2614635cb2,ADMINISTRAÇÃO
VAGA_2614635cb2,TECNOLOGO EM GESTAO FINANCEIRA
VAGA_c5c55f0c47,PEDAGOGIA
VAGA_9812adba62,ECONOMIA
VAGA_65e232897e,DIREITO
VAGA_e58f3bf7f3,ENGENHARIA CIVIL
VAGA_8313fc37fa,ENGENHARIA DE PRODUÇÃO
VAGA_8313fc37fa,ENGENHARIA DE PRODUÇÃO CIVIL
VAGA_8313fc37fa,ENGENHARIA DE PRODUÇÃO ELÉTRICA
VAGA_8313fc37fa,ENGENHARIA DE PRODUÇÃO MECÂNICA
VAGA_8313fc37fa,ENGENHARIA DE PRODUÇÃO METALÚRGICA
VAGA_8313fc37fa,ENGENHARIA DE PRODUÇÃO QUÍMICA
VAGA_af687af3e6,ADMINISTRAÇÃO
VAGA_af687af3e6,TECNOLOGO EM GESTAO FINANCEIRA
VAGA_24ffc9e959,ENGENHARIA CIVIL
VAGA_8d561db37b,ADMINISTRAÇÃO
VAGA_8d561db37b,TECNOLOGO EM GESTAO FINANCEIRA
VAGA_9f92df468e,CIÊNCIA DA COMPUTAÇÃO
VAGA_9f92df468e,ENGENHARIA DE COMPUTAÇÃO
VAGA_9f92df468e,ENGENHARIA ELÉTRICA
VAGA_9f92df468e,SISTEMAS DE INFORMAÇÃO
VAGA_a6249d5122,ADMINISTRAÇÃO
VAGA_a6249d5122,RELAÇÕES INTERNACIONAIS
VAGA_001e45b24a,ADMINISTRAÇÃO
VAGA_001e45b24a,TECNOLOGO EM GESTAO FINANCEIRA
VAGA_2cbc6365c7,ENGENHARIA DE PRODUÇÃO QUÍMICA
VAGA_2cbc6365c7,ENGENHARIA QUÍMICA
VAGA_2cbc6365c7,QUÍMICA
VAGA_2cbc6365c7,QUÍMICA INDUSTRIAL
VAGA_d9f8715baf,ADMINISTRAÇÃO
VAGA_d9f8715baf,TECNOLOGO EM GESTAO FINANCEIRA
VAGA_dcb94f750b,ADMINISTRAÇÃO
VAGA_dcb94f750b,TECNOLOGO EM GESTAO FINANCEIRA
VAGA_3fd048a7c4,ENGENHARIA ELÉTRICA
VAGA_7637b0d133,ENGENHARIA QUÍMICA
VAGA_14ee58ee89,ADMINISTRAÇÃO
VAGA_14ee58ee89,DIREITO
VAGA_cd119fc8d1,ADMINISTRAÇÃO
VAGA_cd119fc8d1,COMUNICAÇÃO SOCIAL
VAGA_cd119fc8d1,ESTUDOS DE MÍDIA
VAGA_cd119fc8d1,PUBLICIDADE E PROPAGANDA
VAGA_de9ab8d7d8,ENGENHARIA CIVIL
VAGA_33972ec2f1,ADMINISTRAÇÃO
VAGA_33972ec2f1,TECNOLOGO EM GESTAO FINANCEIRA
VAGA_c19621abf6,ADMINISTRAÇÃO
VAGA_c19621abf6,TECNOLOGO EM GESTAO FINANCEIRA
VAGA_61996246e3,PEDAGOGIA
VAGA_dd0c8ae828,ADMINISTRAÇÃO
VAGA_dd0c8ae828,TECNOLOGO EM GESTAO FINANCEIRA
VAGA_f2de6fa8d2,PEDAGOGIA
VAGA_81b7b12e54,CIÊNCIA DA COMPUTAÇÃO
VAGA_81b7b12e54,ENGENHARIA DE COMPUTAÇÃO
VAGA_81b7b12e54,ENGENHARIA ELÉTRICA
VAGA_81b7b12e54,SISTEMAS DE INFORMAÇÃO
VAGA_08edaee8c1,ADMINISTRAÇÃO
VAGA_08edaee8c1,TECNOLOGO EM GESTAO FINANCEIRA
VAGA_66aeac5e18,ENGENHARIA ELÉTRICA
VAGA_2d2ba0916e,ECONOMIA
VAGA_2774462875,ADMINISTRAÇÃO
VAGA_2774462875,TECNOLOGO EM GESTAO FINANCEIRA
VAGA_ce01255583,PEDAGOGIA
VAGA_62a2c8297b,DIREITO
VAGA_05c4db44e7,DIREITO
VAGA_4e0ca5921f,PEDAGOGIA
VAGA_d35fa1de77,PEDAGOGIA
VAGA_6aa0adc987,PEDAGOGIA
VAGA_bbb8e29f28,DIREITO
VAGA_06ccad6ae7,DIREITO
VAGA_479636964b,ADMINISTRAÇÃO
VAGA_479636964b,TECNOLOGO EM GESTAO FINANCEIRA
VAGA_a0d3357de3,ENGENHARIA ELÉTRICA
VAGA_3ff314b494,ADMINISTRAÇÃO
VAGA_619a211509,ENGENHARIA CIVIL
VAGA_619a211509,ENGENHARIA DE PRODUÇÃO
VAGA_619a211509,ENGENHARIA MECÂNICA
VAGA_56c8211cc2,ADMINISTRAÇÃO
VAGA_56c8211cc2,TECNOLOGO EM GESTAO FINANCEIRA
VAGA_3218a406c4,COMUNICAÇÃO VISUAL
VAGA_3218a406c4,DESIGN
VAGA_3218a406c4,MÍDIA DIGITAL
VAGA_3218a406c4,MODA
VAGA_3218a406c4,PROJETO DE PRODUTO
VAGA_b25b61a247,ADMINISTRAÇÃO
VAGA_4d30fab737,ADMINISTRAÇÃO
VAGA_4d30fab737,TECNOLOGO EM GESTAO FINANCEIRA
VAGA_edd49d9a55,CINEMA
VAGA_edd49d9a55,COMUNICAÇÃO SOCIAL
VAGA_edd49d9a55,ESTUDOS DE MÍDIA
VAGA_edd49d9a55,JORNALISMO
VAGA_edd49d9a55,PUBLICIDADE E PROPAGANDA
VAGA_2364ae846d,ARQUITETURA E URBANISMO
VAGA_fb72a0f16c,ADMINISTRAÇÃO
VAGA_fb72a0f16c,TECNOLOGO EM GESTAO FINANCEIRA
VAGA_d8c6bf5679,COMUNICAÇÃO VISUAL
VAGA_d8c6bf5679,DESIGN
VAGA_d8c6bf5679,MÍDIA DIGITAL
VAGA_d8c6bf5679,MODA
VAGA_d8c6bf5679,PROJETO DE PRODUTO
VAGA_e4064a7d3e,CINEMA
VAGA_e4064a7d3e,COMUNICAÇÃO SOCIAL
VAGA_e4064a7d3e,ESTUDOS DE MÍDIA
VAGA_e4064a7d3e,JORNALISMO
VAGA_e4064a7d3e,PUBLICIDADE E PROPAGANDA
VAGA_0efa64115d,ADMINISTRAÇÃO
VAGA_0efa64115d,TECNOLOGO EM GESTAO FINANCEIRA
VAGA_8c1629f415,ADMINISTRAÇÃO
VAGA_8c1629f415,TECNOLOGO EM GESTAO FINANCEIRA
VAGA_3cde6ab110,ENGENHARIA CIVIL
VAGA_c537a74885,ADMINISTRAÇÃO
VAGA_c537a74885,TECNOLOGO EM GESTAO FINANCEIRA
VAGA_5ddf759bcc,ADMINISTRAÇÃO
VAGA_5ddf759bcc,TECNOLOGO EM GESTAO FINANCEIRA
VAGA_7345b3c797,ADMINISTRAÇÃO
VAGA_7345b3c797,TECNOLOGO EM GESTAO FINANCEIRA
VAGA_db202f7732,ADMINISTRAÇÃO
VAGA_db202f7732,TECNOLOGO EM GESTAO FINANCEIRA
VAGA_f3e19144f1,ADMINISTRAÇÃO
VAGA_f3e19144f1,TECNOLOGO EM GESTAO FINANCEIRA
VAGA_e5d6a99d2a,PEDAGOGIA
VAGA_bb2eda9e86,DIREITO
VAGA_c0502a8f73,ADMINISTRAÇÃO
VAGA_c0502a8f73,TECNOLOGO EM GESTAO FINANCEIRA
VAGA_35a8c03d4d,DIREITO
VAGA_016b21559a,ADMINISTRAÇÃO
VAGA_016b21559a,TECNOLOGO EM GESTAO FINANCEIRA
VAGA_ea38ef12e5,ENGENHARIA DE MATERIAIS
VAGA_ea38ef12e5,ENGENHARIA DE PRODUÇÃO
VAGA_ea38ef12e5,ENGENHARIA DE PRODUÇÃO CIVIL
VAGA_ea38ef12e5,ENGENHARIA DE PRODUÇÃO ELÉTRICA
VAGA_ea38ef12e5,ENGENHARIA DE PRODUÇÃO MECÂNICA
VAGA_ea38ef12e5,ENGENHARIA DE PRODUÇÃO METALÚRGICA
VAGA_ea38ef12e5,ENGENHARIA DE PRODUÇÃO QUÍMICA
VAGA_ea38ef12e5,ENGENHARIA QUÍMICA
VAGA_eccd0ad191,ADMINISTRAÇÃO
VAGA_eccd0ad191,TECNOLOGO EM GESTAO FINANCEIRA
VAGA_221d8c9c96,ADMINISTRAÇÃO
VAGA_221d8c9c96,TECNOLOGO EM GESTAO FINANCEIRA
VAGA_225442ac18,DIREITO
VAGA_8f43e8fdfb,ENGENHARIA DE CONTROLE E AUTOMAÇÃO
VAGA_8f43e8fdfb,ENGENHARIA ELÉTRICA
VAGA_0d667f6964,ADMINISTRAÇÃO
VAGA_0d667f6964,COMUNICAÇÃO SOCIAL
VAGA_0d667f6964,ESTUDOS DE MÍDIA
VAGA_0d667f6964,PUBLICIDADE E PROPAGANDA
VAGA_d4ee52be7e,ENGENHARIA DE PRODUÇÃO MECÂNICA
VAGA_be42c60448,CINEMA
VAGA_be42c60448,COMUNICAÇÃO SOCIAL
VAGA_be42c60448,ESTUDOS DE MÍDIA
VAGA_be42c60448,JORNALISMO
VAGA_be42c60448,PUBLICIDADE E PROPAGANDA
VAGA_f56c6747b3,ADMINISTRAÇÃO
VAGA_f56c6747b3,COMUNICAÇÃO SOCIAL
VAGA_f56c6747b3,ESTUDOS DE MÍDIA
VAGA_f56c6747b3,PUBLICIDADE E PROPAGANDA
VAGA_64b52a3727,ADMINISTRAÇÃO
VAGA_64b52a3727,TECNOLOGO EM GESTAO FINANCEIRA
VAGA_bb40687384,ADMINISTRAÇÃO
VAGA_bb40687384,TECNOLOGO EM GESTAO FINANCEIRA
VAGA_3236faf3af,DIREITO
VAGA_c166293646,ADMINISTRAÇÃO
VAGA_c166293646,TECNOLOGO EM GESTAO FINANCEIRA
VAGA_0e469e09fe,DIREITO
VAGA_8c8aaa124b,NUTRIÇÃO
VAGA_0b768f3038,ADMINISTRAÇÃO
VAGA_0b768f3038,TECNOLOGO EM GESTAO FINANCEIRA
VAGA_4046700a8f,DIREITO
VAGA_833fc2b8da,ADMINISTRAÇÃO
VAGA_833fc2b8da,TECNOLOGO EM GESTAO FINANCEIRA
VAGA_895c2f8211,ENGENHARIA DE PRODUÇÃO
VAGA_895c2f8211,ENGENHARIA DE PRODUÇÃO CIVIL
VAGA_895c2f8211,ENGENHARIA DE PRODUÇÃO ELÉTRICA
VAGA_895c2f8211,ENGENHARIA DE PRODUÇÃO MECÂNICA
VAGA_895c2f8211,ENGENHARIA DE PRODUÇÃO METALÚRGICA
VAGA_895c2f8211,ENGENHARIA DE PRODUÇÃO QUÍMICA
VAGA_557e5c2cf8,ADMINISTRAÇÃO
VAGA_557e5c2cf8,TECNOLOGO EM GESTAO FINANCEIRA
VAGA_1791dc734f,ADMINISTRAÇÃO
VAGA_1791dc734f,TECNOLOGO EM GESTAO FINANCEIRA
VAGA_1daab186b9,ADMINISTRAÇÃO
VAGA_1daab186b9,TECNOLOGO EM GESTAO FINANCEIRA
VAGA_adbcc4950c,ADMINISTRAÇÃO
VAGA_adbcc4950c,TECNOLOGO EM GESTAO FINANCEIRA
VAGA_2ae9f28dd6,ADMINISTRAÇÃO
VAGA_2ae9f28dd6,COMUNICAÇÃO SOCIAL
VAGA_2ae9f28dd6,DESIGN
VAGA_2ae9f28dd6,ECONOMIA
VAGA_2ae9f28dd6,ENGENHARIA AMBIENTAL
VAGA_2ae9f28dd6,QUÍMICA
VAGA_615d99ff06,ADMINISTRAÇÃO
VAGA_615d99ff06,TECNOLOGO EM GESTAO FINANCEIRA
VAGA_256a1e6fb4,ADMINISTRAÇÃO
VAGA_256a1e6fb4,TECNOLOGO EM GESTAO FINANCEIRA
VAGA_476ac7edb0,ADMINISTRAÇÃO
VAGA_476ac7edb0,TECNOLOGO EM GESTAO FINANCEIRA
VAGA_8ad5f46b2d,DIREITO
VAGA_50aa859feb,ADMINISTRAÇÃO
VAGA_50aa859feb,TECNOLOGO EM GESTAO FINANCEIRA
VAGA_485c832f4f,ADMINISTRAÇÃO
VAGA_485c832f4f,TECNOLOGO EM GESTAO FINANCEIRA
VAGA_0d7ed83c62,CINEMA
VAGA_0d7ed83c62,COMUNICAÇÃO SOCIAL
VAGA_0d7ed83c62,ESTUDOS DE MÍDIA
VAGA_0d7ed83c62,JORNALISMO
VAGA_0d7ed83c62,PUBLICIDADE E PROPAGANDA
VAGA_41425441d5,ADMINISTRAÇÃO
VAGA_41425441d5,ECONOMIA
VAGA_41425441d5,ENGENHARIA DE PRODUÇÃO
VAGA_ba2132a0e3,ADMINISTRAÇÃO
VAGA_737118d5e6,DIREITO
VAGA_2a8f5197e0,ADMINISTRAÇÃO
VAGA_2a8f5197e0,TECNOLOGO EM GESTAO FINANCEIRA
VAGA_7f2e936569,ADMINISTRAÇÃO
VAGA_7f2e936569,TECNOLOGO EM GESTAO FINANCEIRA
VAGA_bfa0a4309d,ADMINISTRAÇÃO
VAGA_bfa0a4309d,TECNOLOGO EM GESTAO FINANCEIRA
VAGA_8baeccc46c,ADMINISTRAÇÃO
VAGA_8baeccc46c,TECNOLOGO EM GESTAO FINANCEIRA
VAGA_372100a39f,ADMINISTRAÇÃO
VAGA_372100a39f,RELAÇÕES INTERNACIONAIS
VAGA_d89643e034,PEDAGOGIA
VAGA_85d203543e,PUBLICIDADE E PROPAGANDA
VAGA_7e82ed06bd,ADMINISTRAÇÃO
VAGA_7e82ed06bd,RELAÇÕES INTERNACIONAIS
VAGA_28de7b3684,ENGENHARIA CIVIL
VAGA_05fdef7c1b,PEDAGOGIA
VAGA_645b15acd8,ADMINISTRAÇÃO
VAGA_645b15acd8,TECNOLOGO EM GESTAO FINANCEIRA
VAGA_60f2952e17,ADMINISTRAÇÃO
VAGA_60f2952e17,COMUNICAÇÃO SOCIAL
VAGA_60f2952e17,ESTUDOS DE MÍDIA
VAGA_60f2952e17,PUBLICIDADE E PROPAGANDA
VAGA_13b9d9b092,CIÊNCIA DA COMPUTAÇÃO
VAGA_13b9d9b092,ENGENHARIA DE COMPUTAÇÃO
VAGA_13b9d9b092,ENGENHARIA ELÉTRICA
VAGA_13b9d9b092,SISTEMAS DE INFORMAÇÃO
VAGA_636ea4bcb7,ADMINISTRAÇÃO
VAGA_636ea4bcb7,TECNOLOGO EM GESTAO FINANCEIRA
VAGA_c4d0fdef27,ADMINISTRAÇÃO
VAGA_c4d0fdef27,TECNOLOGO EM GESTAO FINANCEIRA
VAGA_01d92a4ef8,CINEMA
VAGA_01d92a4ef8,COMUNICAÇÃO SOCIAL
VAGA_01d92a4ef8,ESTUDOS DE MÍDIA
VAGA_01d92a4ef8,JORNALISMO
VAGA_01d92a4ef8,PUBLICIDADE E PROPAGANDA
VAGA_6bbcaac93d,ADMINISTRAÇÃO
VAGA_6bbcaac93d,TECNOLOGO EM GESTAO FINANCEIRA
VAGA_699e2f7b16,ENGENHARIA CIVIL
VAGA_e554cd10fd,ENGENHARIA ELÉTRICA
VAGA_68c869c874,ADMINISTRAÇÃO
VAGA_68c869c874,TECNOLOGO EM GESTAO FINANCEIRA
VAGA_def4a529ce,ECONOMIA
VAGA_c7265cad0a,CINEMA
VAGA_c7265cad0a,COMUNICAÇÃO SOCIAL
VAGA_c7265cad0a,ESTUDOS DE MÍDIA
VAGA_c7265cad0a,JORNALISMO
VAGA_c7265cad0a,PUBLICIDADE E PROPAGANDA
VAGA_df0cc9d0a7,ARQUITETURA E URBANISMO
VAGA_589fc0b087,ADMINISTRAÇÃO
VAGA_589fc0b087,TECNOLOGO EM GESTAO FINANCEIRA
VAGA_874f50c148,ADMINISTRAÇÃO
VAGA_64a223947b,ADMINISTRAÇÃO
VAGA_64a223947b,TECNOLOGO EM GESTAO FINANCEIRA
VAGA_abf56b6cb9,ADMINISTRAÇÃO
VAGA_abf56b6cb9,TECNOLOGO EM GESTAO FINANCEIRA
VAGA_52633a57a9,PEDAGOGIA
VAGA_351161950d,ADMINISTRAÇÃO
VAGA_351161950d,TECNOLOGO EM GESTAO FINANCEIRA
VAGA_21f47f1fef,ADMINISTRAÇÃO
VAGA_21f47f1fef,TECNOLOGO EM GESTAO FINANCEIRA
VAGA_72f54fe538,ADMINISTRAÇÃO
VAGA_72f54fe538,TECNOLOGO EM GESTAO FINANCEIRA
VAGA_23a95a16b5,DIREITO
VAGA_a81bc874c0,PEDAGOGIA
VAGA_13c15c1988,PEDAGOGIA
VAGA_2bf3c7c22b,PEDAGOGIA
VAGA_9652268190,ADMINISTRAÇÃO
VAGA_9652268190,TECNOLOGO EM GESTAO FINANCEIRA
VAGA_5c9a100967,COMUNICAÇÃO SOCIAL
VAGA_5c9a100967,COMUNICAÇÃO VISUAL
VAGA_5c9a100967,DESIGN
VAGA_5c9a100967,ESTUDOS DE MÍDIA
VAGA_5c9a100967,JORNALISMO
VAGA_5c9a100967,MÍDIA DIGITAL
VAGA_5c9a100967,PUBLICIDADE E PROPAGANDA
VAGA_d21e6ec652,DIREITO
VAGA_444dba8fca,ENGENHARIA DE CONTROLE E AUTOMAÇÃO
VAGA_444dba8fca,ENGENHARIA ELÉTRICA
VAGA_b912c62cee,DIREITO
VAGA_b1c29e544d,ADMINISTRAÇÃO
VAGA_b1c29e544d,TECNOLOGO EM GESTAO FINANCEIRA
VAGA_9e30d47b1a,CINEMA
VAGA_9e30d47b1a,COMUNICAÇÃO SOCIAL
VAGA_9e30d47b1a,ESTUDOS DE MÍDIA
VAGA_9e30d47b1a,JORNALISMO
VAGA_9e30d47b1a,PUBLICIDADE E PROPAGANDA
VAGA_df7f7edbd9,COMUNICAÇÃO VISUAL
VAGA_df7f7edbd9,DESIGN
VAGA_df7f7edbd9,MÍDIA DIGITAL
VAGA_df7f7edbd9,MODA
VAGA_df7f7edbd9,PROJETO DE PRODUTO
VAGA_37f4a6c731,ENGENHARIA CIVIL
VAGA_890e2be751,PEDAGOGIA
VAGA_27a3dd6b78,ADMINISTRAÇÃO
VAGA_27a3dd6b78,TECNOLOGO EM GESTAO FINANCEIRA
VAGA_66c792f3b7,ADMINISTRAÇÃO
VAGA_7f285a5681,ADMINISTRAÇÃO
VAGA_7f285a5681,ECONOMIA
VAGA_7f285a5681,ENGENHARIA AMBIENTAL
VAGA_7f285a5681,ENGENHARIA CIVIL
VAGA_7f285a5681,ENGENHARIA DE COMPUTAÇÃO
VAGA_7f285a5681,ENGENHARIA DE CONTROLE E AUTOMAÇÃO
VAGA_7f285a5681,ENGENHARIA DE MATERIAIS
VAGA_7f285a5681,ENGENHARIA DE PETRÓLEO
VAGA_7f285a5681,ENGENHARIA DE PRODUÇÃO
VAGA_7f285a5681,ENGENHARIA DE PRODUÇÃO CIVIL
VAGA_7f285a5681,ENGENHARIA DE PRODUÇÃO ELÉTRICA
VAGA_7f285a5681,ENGENHARIA DE PRODUÇÃO MECÂNICA
VAGA_7f285a5681,ENGENHARIA DE PRODUÇÃO METALÚRGICA
VAGA_7f285a5681,ENGENHARIA DE PRODUÇÃO QUÍMICA
VAGA_7f285a5681,ENGENHARIA ELÉTRICA
VAGA_7f285a5681,ENGENHARIA MECÂNICA
VAGA_7f285a5681,ENGENHARIA METALÚRGICA
VAGA_7f285a5681,ENGENHARIA QUÍMICA
VAGA_8a71472edf,NUTRIÇÃO
VAGA_e479c9032a,DIREITO
VAGA_91d65f0e46,ADMINISTRAÇÃO
VAGA_91d65f0e46,TECNOLOGO EM GESTAO FINANCEIRA
VAGA_eaf600ecb9,ADMINISTRAÇÃO
VAGA_eaf600ecb9,TECNOLOGO EM GESTAO FINANCEIRA
VAGA_4deb48736e,ENGENHARIA CIVIL
VAGA_efc3de8b20,ENGENHARIA DE PRODUÇÃO
VAGA_efc3de8b20,ENGENHARIA DE PRODUÇÃO CIVIL
VAGA_efc3de8b20,ENGENHARIA DE PRODUÇÃO ELÉTRICA
VAGA_efc3de8b20,ENGENHARIA DE PRODUÇÃO MECÂNICA
VAGA_efc3de8b20,ENGENHARIA DE PRODUÇÃO METALÚRGICA
VAGA_efc3de8b20,ENGENHARIA DE PRODUÇÃO QUÍMICA
VAGA_156ae94676,ADMINISTRAÇÃO
VAGA_156ae94676,TECNOLOGO EM GESTAO FINANCEIRA
VAGA_4731cba32a,ADMINISTRAÇÃO
VAGA_4731cba32a,TECNOLOGO EM GESTAO FINANCEIRA
VAGA_a3a91025ff,NUTRIÇÃO
VAGA_bb9e63483c,NUTRIÇÃO
VAGA_5f93fd57be,DIREITO
VAGA_1aad4a2338,ADMINISTRAÇÃO
VAGA_1aad4a2338,CIÊNCIA DA COMPUTAÇÃO
VAGA_1aad4a2338,ECONOMIA
VAGA_1aad4a2338,ENGENHARIA AMBIENTAL
VAGA_1aad4a2338,ENGENHARIA CIVIL
VAGA_1aad4a2338,ENGENHARIA DE COMPUTAÇÃO
VAGA_1aad4a2338,ENGENHARIA DE CONTROLE E AUTOMAÇÃO
VAGA_1aad4a2338,ENGENHARIA DE MATERIAIS
VAGA_1aad4a2338,ENGENHARIA DE PRODUÇÃO
VAGA_1aad4a2338,ENGENHARIA ELÉTRICA
VAGA_1aad4a2338,ENGENHARIA MECÂNICA
VAGA_1aad4a2338,ENGENHARIA QUÍMICA
VAGA_1aad4a2338,MATEMÁTICA
VAGA_1aad4a2338,SISTEMAS DE INFORMAÇÃO
VAGA_657ced4727,ADMINISTRAÇÃO
VAGA_1c4ed44ebb,CIÊNCIA DA COMPUTAÇÃO
VAGA_1c4ed44ebb,ENGENHARIA DE COMPUTAÇÃO
VAGA_1c4ed44ebb,ENGENHARIA ELÉTRICA
VAGA_1c4ed44ebb,SISTEMAS DE INFORMAÇÃO
VAGA_557c1e3de3,ENGENHARIA DE PRODUÇÃO MECÂNICA
VAGA_0dba7e2770,ADMINISTRAÇÃO
VAGA_0dba7e2770,TECNOLOGO EM GESTAO FINANCEIRA
VAGA_5b2ff1f309,CINEMA
VAGA_5b2ff1f309,COMUNICAÇÃO SOCIAL
VAGA_5b2ff1f309,ESTUDOS DE MÍDIA
VAGA_5b2ff1f309,JORNALISMO
VAGA_5b2ff1f309,PUBLICIDADE E PROPAGANDA
VAGA_68ea8c2f81,ADMINISTRAÇÃO
VAGA_68ea8c2f81,TECNOLOGO EM GESTAO FINANCEIRA
VAGA_b1fda8b761,ADMINISTRAÇÃO
VAGA_b1fda8b761,TECNOLOGO EM GESTAO FINANCEIRA
VAGA_52af490289,ADMINISTRAÇÃO
VAGA_52af490289,TECNOLOGO EM GESTAO FINANCEIRA
VAGA_f6b14178de,ADMINISTRAÇÃO
VAGA_f6b14178de,TECNOLOGO EM GESTAO FINANCEIRA
VAGA_b5ccbaf9b6,ADMINISTRAÇÃO
VAGA_b5ccbaf9b6,TECNOLOGO EM GESTAO FINANCEIRA
VAGA_4f52f6fafa,ENGENHARIA CIVIL
VAGA_c51c2b258d,ADMINISTRAÇÃO
VAGA_c51c2b258d,TECNOLOGO EM GESTAO FINANCEIRA
VAGA_0f56b09948,ENGENHARIA DE PRODUÇÃO MECÂNICA
VAGA_69e7e36c82,ARQUITETURA E URBANISMO
VAGA_e28c3a1020,ADMINISTRAÇÃO
VAGA_e28c3a1020,TECNOLOGO EM GESTAO FINANCEIRA
VAGA_51d0669d78,DIREITO
VAGA_340ece897b,CIÊNCIA DA COMPUTAÇÃO
VAGA_340ece897b,ENGENHARIA DE COMPUTAÇÃO
VAGA_340ece897b,ENGENHARIA ELÉTRICA
VAGA_340ece897b,SISTEMAS DE INFORMAÇÃO
VAGA_45fa6f034f,ADMINISTRAÇÃO
VAGA_45fa6f034f,TECNOLOGO EM GESTAO FINANCEIRA
VAGA_9071db12c9,COMUNICAÇÃO VISUAL
VAGA_9071db12c9,PEDAGOGIA
VAGA_9071db12c9,PUBLICIDADE E PROPAGANDA
VAGA_f863aac23a,ENGENHARIA MECÂNICA
VAGA_86e57442c7,ADMINISTRAÇÃO
VAGA_86e57442c7,TECNOLOGO EM GESTAO FINANCEIRA
VAGA_8a1247cdae,ADMINISTRAÇÃO
VAGA_8a1247cdae,TECNOLOGO EM GESTAO FINANCEIRA
VAGA_e22d8b783e,ECONOMIA
VAGA_c122f41935,DIREITO
VAGA_a2efa8058c,ADMINISTRAÇÃO
VAGA_a2efa8058c,TECNOLOGO EM GESTAO FINANCEIRA
VAGA_9d6d4f0af8,ENGENHARIA CIVIL
VAGA_9d6d4f0af8,ENGENHARIA DE PRODUÇÃO
VAGA_9d6d4f0af8,ENGENHARIA MECÂNICA
VAGA_3e809f87f0,ADMINISTRAÇÃO
VAGA_3e809f87f0,TECNOLOGO EM GESTAO FINANCEIRA
VAGA_eca7c2c177,CINEMA
VAGA_eca7c2c177,COMUNICAÇÃO SOCIAL
VAGA_eca7c2c177,ESTUDOS DE MÍDIA
VAGA_eca7c2c177,JORNALISMO
VAGA_eca7c2c177,PUBLICIDADE E PROPAGANDA
VAGA_ee94fc4043,ADMINISTRAÇÃO
VAGA_ee94fc4043,TECNOLOGO EM GESTAO FINANCEIRA
VAGA_c6f8c5bd61,ADMINISTRAÇÃO
VAGA_c6f8c5bd61,TECNOLOGO EM GESTAO FINANCEIRA
VAGA_bacda98a54,DIREITO
VAGA_8f959f99c1,ADMINISTRAÇÃO
VAGA_8f959f99c1,ARTES CENICAS
VAGA_49e3344bbe,ADMINISTRAÇÃO
VAGA_49e3344bbe,ECONOMIA
VAGA_49e3344bbe,ENGENHARIA AMBIENTAL
VAGA_49e3344bbe,ENGENHARIA CIVIL
VAGA_49e3344bbe,ENGENHARIA DE CONTROLE E AUTOMAÇÃO
VAGA_49e3344bbe,ENGENHARIA DE PRODUÇÃO
VAGA_e24417f4ac,CIÊNCIAS SOCIAIS
VAGA_e24417f4ac,COMUNICAÇÃO SOCIAL
VAGA_e24417f4ac,COMUNICAÇÃO VISUAL
VAGA_e24417f4ac,DESIGN
VAGA_e24417f4ac,ENGENHARIA DE PRODUÇÃO
VAGA_e24417f4ac,MÍDIA DIGITAL
VAGA_e24417f4ac,NEUROCIÊNCIAS
VAGA_e24417f4ac,PUBLICIDADE E PROPAGANDA
VAGA_8a3981139d,CIÊNCIA DA COMPUTAÇÃO
VAGA_8a3981139d,ENGENHARIA DE COMPUTAÇÃO
VAGA_8a3981139d,ENGENHARIA ELÉTRICA
VAGA_8a3981139d,SISTEMAS DE INFORMAÇÃO
VAGA_16422a8e1b,CINEMA
VAGA_16422a8e1b,COMUNICAÇÃO SOCIAL
VAGA_16422a8e1b,ESTUDOS DE MÍDIA
VAGA_16422a8e1b,JORNALISMO
VAGA_16422a8e1b,PUBLICIDADE E PROPAGANDA
VAGA_7173770807,CIÊNCIA DA COMPUTAÇÃO
VAGA_7173770807,ENGENHARIA DE COMPUTAÇÃO
VAGA_7173770807,ENGENHARIA ELÉTRICA
VAGA_7173770807,SISTEMAS DE INFORMAÇÃO
VAGA_4b65c672d3,ADMINISTRAÇÃO
VAGA_4b65c672d3,COMUNICAÇÃO SOCIAL
VAGA_4b65c672d3,ESTUDOS DE MÍDIA
VAGA_4b65c672d3,PUBLICIDADE E PROPAGANDA
VAGA_fda925a5c3,ADMINISTRAÇÃO
VAGA_fda925a5c3,TECNOLOGO EM GESTAO FINANCEIRA
VAGA_a8e6865bef,PEDAGOGIA
VAGA_3d144b0b27,CIÊNCIA DA COMPUTAÇÃO
VAGA_3d144b0b27,ENGENHARIA DE COMPUTAÇÃO
VAGA_3d144b0b27,ENGENHARIA ELÉTRICA
VAGA_3d144b0b27,SISTEMAS DE INFORMAÇÃO
VAGA_2d76ec0983,ADMINISTRAÇÃO
VAGA_2d76ec0983,TECNOLOGO EM GESTAO FINANCEIRA
VAGA_a89af5e8c3,ADMINISTRAÇÃO
VAGA_a89af5e8c3,TECNOLOGO EM GESTAO FINANCEIRA
VAGA_7694d31631,ADMINISTRAÇÃO
VAGA_7694d31631,TECNOLOGO EM GESTAO FINANCEIRA
VAGA_4eff7a7306,DIREITO
VAGA_171357df98,ADMINISTRAÇÃO
VAGA_171357df98,TECNOLOGO EM GESTAO FINANCEIRA
VAGA_69e2dc50ce,ENGENHARIA AMBIENTAL
VAGA_0d3a039ac5,ADMINISTRAÇÃO
VAGA_0d3a039ac5,TECNOLOGO EM GESTAO FINANCEIRA
VAGA_bf56ead60b,PEDAGOGIA
VAGA_b2c12302ce,ADMINISTRAÇÃO
VAGA_b2c12302ce,TECNOLOGO EM GESTAO FINANCEIRA
VAGA_391fdbec8e,PEDAGOGIA
VAGA_f2cf2b517c,PSICOLOGIA
VAGA_601ffd305f,PEDAGOGIA
VAGA_799e67ddd4,ADMINISTRAÇÃO
VAGA_799e67ddd4,TECNOLOGO EM GESTAO FINANCEIRA
VAGA_7d9dafc098,ADMINISTRAÇÃO
VAGA_7d9dafc098,TECNOLOGO EM GESTAO FINANCEIRA
VAGA_d9bff105f3,ADMINISTRAÇÃO
VAGA_d9bff105f3,COMUNICAÇÃO SOCIAL
VAGA_d9bff105f3,ESTUDOS DE MÍDIA
VAGA_d9bff105f3,PUBLICIDADE E PROPAGANDA
VAGA_6291bd9a52,ARTES CENICAS
VAGA_6291bd9a52,COMUNICAÇÃO VISUAL
VAGA_6291bd9a52,DESIGN
VAGA_6291bd9a52,MÍDIA DIGITAL
VAGA_6291bd9a52,MODA
VAGA_6291bd9a52,PROJETO DE PRODUTO
VAGA_c43accea42,DIREITO
VAGA_eb645a2e17,ADMINISTRAÇÃO
VAGA_eb645a2e17,COMUNICAÇÃO SOCIAL
VAGA_eb645a2e17,ESTUDOS DE MÍDIA
VAGA_eb645a2e17,PUBLICIDADE E PROPAGANDA
VAGA_27f7153841,ADMINISTRAÇÃO
VAGA_27f7153841,TECNOLOGO EM GESTAO FINANCEIRA
VAGA_9e1b9672fb,CIÊNCIA DA COMPUTAÇÃO
VAGA_9e1b9672fb,ENGENHARIA DE COMPUTAÇÃO
VAGA_9e1b9672fb,ENGENHARIA ELÉTRICA
VAGA_9e1b9672fb,SISTEMAS DE INFORMAÇÃO
VAGA_d0b8ad7785,ENGENHARIA DE PRODUÇÃO
VAGA_d0b8ad7785,ENGENHARIA DE PRODUÇÃO CIVIL
VAGA_d0b8ad7785,ENGENHARIA DE PRODUÇÃO ELÉTRICA
VAGA_d0b8ad7785,ENGENHARIA DE PRODUÇÃO MECÂNICA
VAGA_d0b8ad7785,ENGENHARIA DE PRODUÇÃO METALÚRGICA
VAGA_d0b8ad7785,ENGENHARIA DE PRODUÇÃO QUÍMICA
VAGA_bac8cac163,ARQUITETURA E URBANISMO
VAGA_9f36618eff,CIÊNCIA DA COMPUTAÇÃO
VAGA_9f36618eff,ENGENHARIA AMBIENTAL
VAGA_9f36618eff,ENGENHARIA CIVIL
VAGA_9f36618eff,ENGENHARIA DE COMPUTAÇÃO
VAGA_9f36618eff,ENGENHARIA DE CONTROLE E AUTOMAÇÃO
VAGA_9f36618eff,ENGENHARIA DE MATERIAIS
VAGA_9f36618eff,ENGENHARIA DE PETRÓLEO
VAGA_9f36618eff,ENGENHARIA DE PRODUÇÃO
VAGA_9f36618eff,ENGENHARIA DE PRODUÇÃO CIVIL
VAGA_9f36618eff,ENGENHARIA DE PRODUÇÃO ELÉTRICA
VAGA_9f36618eff,ENGENHARIA DE PRODUÇÃO MECÂNICA
VAGA_9f36618eff,ENGENHARIA DE PRODUÇÃO METALÚRGICA
VAGA_9f36618eff,ENGENHARIA DE PRODUÇÃO QUÍMICA
VAGA_9f36618eff,ENGENHARIA ELÉTRICA
VAGA_9f36618eff,ENGENHARIA MECÂNICA
VAGA_9f36618eff,ENGENHARIA METALÚRGICA
VAGA_9f36618eff,ENGENHARIA QUÍMICA
VAGA_9f36618eff,FÍSICA
VAGA_9f36618eff,MATEMÁTICA
VAGA_e382df3cbe,ADMINISTRAÇÃO
VAGA_e382df3cbe,TECNOLOGO EM GESTAO FINANCEIRA
VAGA_7b090adc5d,ADMINISTRAÇÃO
VAGA_7b090adc5d,TECNOLOGO EM GESTAO FINANCEIRA
VAGA_8693ca90d2,CINEMA
VAGA_8693ca90d2,COMUNICAÇÃO SOCIAL
VAGA_8693ca90d2,ESTUDOS DE MÍDIA
VAGA_8693ca90d2,JORNALISMO
VAGA_8693ca90d2,PUBLICIDADE E PROPAGANDA
VAGA_951068bc4d,ARQUITETURA E URBANISMO
VAGA_b76416c3cf,ADMINISTRAÇÃO
VAGA_b76416c3cf,TECNOLOGO EM GESTAO FINANCEIRA
VAGA_d2ac327a0e,ENGENHARIA CIVIL
VAGA_fdeafd3722,ADMINISTRAÇÃO
VAGA_fdeafd3722,TECNOLOGO EM GESTAO FINANCEIRA
VAGA_f959c64ecc,ADMINISTRAÇÃO
VAGA_f959c64ecc,COMUNICAÇÃO SOCIAL
VAGA_f959c64ecc,ESTUDOS DE MÍDIA
VAGA_f959c64ecc,PUBLICIDADE E PROPAGANDA
VAGA_8138af97d4,ENGENHARIA CIVIL
VAGA_5085acc96d,ADMINISTRAÇÃO
VAGA_5085acc96d,TECNOLOGO EM GESTAO FINANCEIRA
VAGA_765bbaaf26,ADMINISTRAÇÃO
VAGA_765bbaaf26,TECNOLOGO EM GESTAO FINANCEIRA
VAGA_4645f7d29c,DIREITO
VAGA_9b2754ba1f,ADMINISTRAÇÃO
VAGA_9b2754ba1f,TECNOLOGO EM GESTAO FINANCEIRA
VAGA_e6cd178488,ADMINISTRAÇÃO
VAGA_e6cd178488,TECNOLOGO EM GESTAO FINANCEIRA
VAGA_9e0144aa05,COMUNICAÇÃO VISUAL
VAGA_9e0144aa05,DESIGN
VAGA_9e0144aa05,MÍDIA DIGITAL
VAGA_9e0144aa05,MODA
VAGA_9e0144aa05,PROJETO DE PRODUTO
VAGA_0ff9e08783,ADMINISTRAÇÃO
VAGA_0ff9e08783,TECNOLOGO EM GESTAO FINANCEIRA
VAGA_51811ec3ee,CIÊNCIAS SOCIAIS
VAGA_51811ec3ee,SERVIÇO SOCIAL
VAGA_b3002ed7da,ADMINISTRAÇÃO
VAGA_b3002ed7da,RELAÇÕES INTERNACIONAIS
VAGA_49b53aea32,ADMINISTRAÇÃO
VAGA_cbd17adabd,ADMINISTRAÇÃO
VAGA_cbd17adabd,TECNOLOGO EM GESTAO FINANCEIRA
VAGA_b267ad049b,ADMINISTRAÇÃO
VAGA_23a8347a55,ADMINISTRAÇÃO
VAGA_23a8347a55,TECNOLOGO EM GESTAO FINANCEIRA
VAGA_7636b847a5,CIÊNCIAS BIOLÓGICAS
VAGA_cf151a0b56,ENGENHARIA AMBIENTAL
VAGA_52613f5403,ADMINISTRAÇÃO
VAGA_52613f5403,ECONOMIA
VAGA_52613f5403,ENGENHARIA DE PRODUÇÃO
VAGA_d394e16331,DIREITO
VAGA_09d2282db8,ECONOMIA
VAGA_09d2282db8,ENGENHARIA AMBIENTAL
VAGA_09d2282db8,ENGENHARIA CIVIL
VAGA_09d2282db8,ENGENHARIA DE COMPUTAÇÃO
VAGA_09d2282db8,ENGENHARIA DE CONTROLE E AUTOMAÇÃO
VAGA_09d2282db8,ENGENHARIA DE MATERIAIS
VAGA_09d2282db8,ENGENHARIA DE PETRÓLEO
VAGA_09d2282db8,ENGENHARIA DE PRODUÇÃO
VAGA_09d2282db8,ENGENHARIA DE PRODUÇÃO CIVIL
VAGA_09d2282db8,ENGENHARIA DE PRODUÇÃO ELÉTRICA
VAGA_09d2282db8,ENGENHARIA DE PRODUÇÃO MECÂNICA
VAGA_09d2282db8,ENGENHARIA DE PRODUÇÃO METALÚRGICA
VAGA_09d2282db8,ENGENHARIA DE PRODUÇÃO QUÍMICA
VAGA_09d2282db8,ENGENHARIA ELÉTRICA
VAGA_09d2282db8,ENGENHARIA MECÂNICA
VAGA_09d2282db8,ENGENHARIA METALÚRGICA
VAGA_09d2282db8,ENGENHARIA QUÍMICA
VAGA_d8e0dbc071,DIREITO
VAGA_ed22008922,ADMINISTRAÇÃO
VAGA_ed22008922,TECNOLOGO EM GESTAO FINANCEIRA
VAGA_c1fa4f1adb,ADMINISTRAÇÃO
VAGA_c1fa4f1adb,TECNOLOGO EM GESTAO FINANCEIRA
VAGA_f10e079fa5,ADMINISTRAÇÃO
VAGA_f10e079fa5,TECNOLOGO EM GESTAO FINANCEIRA
VAGA_aa4427f6aa,DIREITO
VAGA_4bd1d007b8,ADMINISTRAÇÃO
VAGA_4bd1d007b8,TECNOLOGO EM GESTAO FINANCEIRA
VAGA_275d030702,ADMINISTRAÇÃO
VAGA_275d030702,TECNOLOGO EM GESTAO FINANCEIRA
VAGA_d9bf8975de,ADMINISTRAÇÃO
VAGA_d9bf8975de,TECNOLOGO EM GESTAO FINANCEIRA
VAGA_cd81239982,ENGENHARIA DE PRODUÇÃO
VAGA_cd81239982,ENGENHARIA DE PRODUÇÃO CIVIL
VAGA_cd81239982,ENGENHARIA DE PRODUÇÃO ELÉTRICA
VAGA_cd81239982,ENGENHARIA DE PRODUÇÃO MECÂNICA
VAGA_cd81239982,ENGENHARIA DE PRODUÇÃO METALÚRGICA
VAGA_cd81239982,ENGENHARIA DE PRODUÇÃO QUÍMICA
VAGA_b469801e21,DIREITO
VAGA_400e7caaf6,DIREITO
VAGA_2ac2064081,DIREITO
VAGA_8bd7079a0c,ADMINISTRAÇÃO
VAGA_8bd7079a0c,TECNOLOGO EM GESTAO FINANCEIRA
VAGA_e5797b5133,ADMINISTRAÇÃO
VAGA_e5797b5133,TECNOLOGO EM GESTAO FINANCEIRA
VAGA_1fff9abbac,ADMINISTRAÇÃO
VAGA_1fff9abbac,TECNOLOGO EM GESTAO FINANCEIRA
VAGA_d7d62eaa08,ADMINISTRAÇÃO
VAGA_d7d62eaa08,TECNOLOGO EM GESTAO FINANCEIRA
VAGA_2ae946b792,PEDAGOGIA
VAGA_7fa19e80b6,ADMINISTRAÇÃO
VAGA_f2aeb08e2d,ADMINISTRAÇÃO
VAGA_f2aeb08e2d,TECNOLOGO EM GESTAO FINANCEIRA
VAGA_5a3c4a347c,ADMINISTRAÇÃO
VAGA_5a3c4a347c,COMUNICAÇÃO SOCIAL
VAGA_5a3c4a347c,ESTUDOS DE MÍDIA
VAGA_5a3c4a347c,PUBLICIDADE E PROPAGANDA
VAGA_831277214f,CIÊNCIAS SOCIAIS
VAGA_e3c36b6327,ADMINISTRAÇÃO
VAGA_e3c36b6327,TECNOLOGO EM GESTAO FINANCEIRA
VAGA_f5d7dac0ca,ADMINISTRAÇÃO
VAGA_f5d7dac0ca,TECNOLOGO EM GESTAO FINANCEIRA
VAGA_2f80c75ef9,ADMINISTRAÇÃO
VAGA_2f80c75ef9,TECNOLOGO EM GESTAO FINANCEIRA
VAGA_4dd2981708,ADMINISTRAÇÃO
VAGA_4dd2981708,TECNOLOGO EM GESTAO FINANCEIRA
VAGA_723031a4d5,ADMINISTRAÇÃO
VAGA_723031a4d5,CIÊNCIA DA COMPUTAÇÃO
VAGA_723031a4d5,ECONOMIA
VAGA_723031a4d5,ENGENHARIA DE COMPUTAÇÃO
VAGA_80adce6f5f,PEDAGOGIA
VAGA_192a1bf8f7,DIREITO
VAGA_bd2fb679d0,ADMINISTRAÇÃO
VAGA_bd2fb679d0,TECNOLOGO EM GESTAO FINANCEIRA
VAGA_2dac5c444c,ADMINISTRAÇÃO
VAGA_2dac5c444c,TECNOLOGO EM GESTAO FINANCEIRA
VAGA_e92d6763b4,ADMINISTRAÇÃO
VAGA_e92d6763b4,TECNOLOGO EM GESTAO FINANCEIRA
VAGA_0d7b243e9d,DIREITO
VAGA_555623b69c,PSICOLOGIA
VAGA_1e424accda,ADMINISTRAÇÃO
VAGA_1e424accda,TECNOLOGO EM GESTAO FINANCEIRA
VAGA_e1f44fab1e,PSICOLOGIA
VAGA_061ff0e5b2,ADMINISTRAÇÃO
VAGA_061ff0e5b2,TECNOLOGO EM GESTAO FINANCEIRA
VAGA_24d2d0edcf,PEDAGOGIA
VAGA_b9171847b1,CINEMA
VAGA_b9171847b1,COMUNICAÇÃO SOCIAL
VAGA_b9171847b1,ESTUDOS DE MÍDIA
VAGA_b9171847b1,JORNALISMO
VAGA_b9171847b1,PUBLICIDADE E PROPAGANDA
VAGA_def77e03d3,PEDAGOGIA
VAGA_93025fca40,ADMINISTRAÇÃO
VAGA_93025fca40,TECNOLOGO EM GESTAO FINANCEIRA
VAGA_ce228fdea6,ADMINISTRAÇÃO
VAGA_ce228fdea6,TECNOLOGO EM GESTAO FINANCEIRA
VAGA_56ebb08055,PEDAGOGIA
VAGA_48b23ade5c,ENGENHARIA CIVIL
VAGA_1e24f96489,ARQUITETURA E URBANISMO
VAGA_a2caf102b0,PEDAGOGIA
VAGA_7b72caad01,ADMINISTRAÇÃO
VAGA_7b72caad01,TECNOLOGO EM GESTAO FINANCEIRA
VAGA_6eadb21dbe,ADMINISTRAÇÃO
VAGA_6eadb21dbe,TECNOLOGO EM GESTAO FINANCEIRA
VAGA_52791d35be,CIÊNCIA DA COMPUTAÇÃO
VAGA_52791d35be,ENGENHARIA DE COMPUTAÇÃO
VAGA_52791d35be,ENGENHARIA ELÉTRICA
VAGA_52791d35be,SISTEMAS DE INFORMAÇÃO
VAGA_86d2fc8885,ADMINISTRAÇÃO
VAGA_86d2fc8885,TECNOLOGO EM GESTAO FINANCEIRA
VAGA_54c1370d88,CIÊNCIA DA COMPUTAÇÃO
VAGA_54c1370d88,ENGENHARIA DE COMPUTAÇÃO
VAGA_54c1370d88,ENGENHARIA ELÉTRICA
VAGA_54c1370d88,SISTEMAS DE INFORMAÇÃO
VAGA_a641b9d992,CIÊNCIA DA COMPUTAÇÃO
VAGA_a641b9d992,ENGENHARIA DE COMPUTAÇÃO
VAGA_a641b9d992,ENGENHARIA ELÉTRICA
VAGA_a641b9d992,SISTEMAS DE INFORMAÇÃO
VAGA_0fd5538a34,ADMINISTRAÇÃO
VAGA_0fd5538a34,TECNOLOGO EM GESTAO FINANCEIRA
VAGA_c15694fb0b,ADMINISTRAÇÃO
VAGA_c15694fb0b,TECNOLOGO EM GESTAO FINANCEIRA
VAGA_5110d2b0a6,ADMINISTRAÇÃO
VAGA_5110d2b0a6,TECNOLOGO EM GESTAO FINANCEIRA
VAGA_af7886cfa7,ADMINISTRAÇÃO
VAGA_af7886cfa7,TECNOLOGO EM GESTAO FINANCEIRA
VAGA_5d8c6291e5,ADMINISTRAÇÃO
VAGA_5d8c6291e5,TECNOLOGO EM GESTAO FINANCEIRA
VAGA_bd9b3d462b,CINEMA
VAGA_bd9b3d462b,COMUNICAÇÃO SOCIAL
VAGA_bd9b3d462b,ESTUDOS DE MÍDIA
VAGA_bd9b3d462b,JORNALISMO
VAGA_bd9b3d462b,PUBLICIDADE E PROPAGANDA
VAGA_04734c4d7f,ADMINISTRAÇÃO
VAGA_04734c4d7f,TECNOLOGO EM GESTAO FINANCEIRA
VAGA_94aa353414,ADMINISTRAÇÃO
VAGA_94aa353414,TECNOLOGO EM GESTAO FINANCEIRA
VAGA_d0ebe1846d,CINEMA
VAGA_d0ebe1846d,COMUNICAÇÃO SOCIAL
VAGA_d0ebe1846d,ESTUDOS DE MÍDIA
VAGA_d0ebe1846d,JORNALISMO
VAGA_d0ebe1846d,PUBLICIDADE E PROPAGANDA
VAGA_5841768ca3,ENGENHARIA CIVIL
VAGA_6c008550a0,ADMINISTRAÇÃO
VAGA_6c008550a0,TECNOLOGO EM GESTAO FINANCEIRA
VAGA_5028f833bc,ADMINISTRAÇÃO
VAGA_5028f833bc,TECNOLOGO EM GESTAO FINANCEIRA
VAGA_f1d1cc83d8,ENGENHARIA CIVIL
VAGA_117397d891,ARQUITETURA E URBANISMO
VAGA_f020c62872,HISTÓRIA
VAGA_09aefdfdbd,DIREITO
VAGA_6461f7c92b,LETRAS
VAGA_6461f7c92b,PEDAGOGIA
VAGA_97689beaf6,ADMINISTRAÇÃO
VAGA_97689beaf6,TECNOLOGO EM GESTAO FINANCEIRA
VAGA_d1803b2270,PEDAGOGIA
VAGA_611d96524f,ADMINISTRAÇÃO
VAGA_611d96524f,TECNOLOGO EM GESTAO FINANCEIRA
VAGA_9492e0310b,ADMINISTRAÇÃO
VAGA_9492e0310b,TECNOLOGO EM GESTAO FINANCEIRA
VAGA_07851d8ab9,CIÊNCIA DA COMPUTAÇÃO
VAGA_07851d8ab9,ENGENHARIA DE COMPUTAÇÃO
VAGA_07851d8ab9,ENGENHARIA ELÉTRICA
VAGA_07851d8ab9,SISTEMAS DE INFORMAÇÃO
VAGA_121c612648,CIÊNCIA DA COMPUTAÇÃO
VAGA_121c612648,ENGENHARIA DE COMPUTAÇÃO
VAGA_121c612648,ENGENHARIA ELÉTRICA
VAGA_121c612648,SISTEMAS DE INFORMAÇÃO
VAGA_2f939073c8,DIREITO
VAGA_69f28781ee,ENGENHARIA CIVIL
VAGA_0f72c2f528,ADMINISTRAÇÃO
VAGA_0f72c2f528,TECNOLOGO EM GESTAO FINANCEIRA
VAGA_b8050e15f9,ADMINISTRAÇÃO
VAGA_b8050e15f9,TECNOLOGO EM GESTAO FINANCEIRA
VAGA_ffea87a256,ADMINISTRAÇÃO
VAGA_ffea87a256,TECNOLOGO EM GESTAO FINANCEIRA
VAGA_2f18dc424e,CINEMA
VAGA_2f18dc424e,COMUNICAÇÃO SOCIAL
VAGA_2f18dc424e,ESTUDOS DE MÍDIA
VAGA_2f18dc424e,JORNALISMO
VAGA_2f18dc424e,PUBLICIDADE E PROPAGANDA
VAGA_8c17c7b9e5,ADMINISTRAÇÃO
VAGA_8c17c7b9e5,TECNOLOGO EM GESTAO FINANCEIRA
VAGA_4aba9ec4b9,ADMINISTRAÇÃO
VAGA_4aba9ec4b9,COMUNICAÇÃO SOCIAL
VAGA_4aba9ec4b9,ESTUDOS DE MÍDIA
VAGA_4aba9ec4b9,PUBLICIDADE E PROPAGANDA
VAGA_65126c479b,ADMINISTRAÇÃO
VAGA_65126c479b,TECNOLOGO EM GESTAO FINANCEIRA
VAGA_63dc8a8490,ARQUITETURA E URBANISMO
VAGA_212ee960f3,ADMINISTRAÇÃO
VAGA_212ee960f3,TECNOLOGO EM GESTAO FINANCEIRA
VAGA_9539e95d57,ENGENHARIA CIVIL
VAGA_247e8d4f69,ENGENHARIA CIVIL
VAGA_ae62643309,PEDAGOGIA
VAGA_dd39791d0d,ADMINISTRAÇÃO
VAGA_dd39791d0d,TECNOLOGO EM GESTAO FINANCEIRA
VAGA_09de279248,ADMINISTRAÇÃO
VAGA_09de279248,TECNOLOGO EM GESTAO FINANCEIRA
VAGA_462c9b4b90,ADMINISTRAÇÃO
VAGA_462c9b4b90,TECNOLOGO EM GESTAO FINANCEIRA
VAGA_62ea9621e8,DIREITO
VAGA_97fe12be2a,PEDAGOGIA
VAGA_6476a7b422,ADMINISTRAÇÃO
VAGA_6476a7b422,TECNOLOGO EM GESTAO FINANCEIRA
VAGA_1b4e36ebe5,PEDAGOGIA
VAGA_567364cfbf,ADMINISTRAÇÃO
VAGA_567364cfbf,TECNOLOGO EM GESTAO FINANCEIRA
VAGA_75a600cddd,ADMINISTRAÇÃO
VAGA_75a600cddd,TECNOLOGO EM GESTAO FINANCEIRA
VAGA_bce032ae50,ENGENHARIA CIVIL
VAGA_cc7d3ea252,ARQUITETURA E URBANISMO
VAGA_0acc978bdf,PEDAGOGIA
VAGA_8d644074be,CINEMA
VAGA_8d644074be,COMUNICAÇÃO SOCIAL
VAGA_8d644074be,ESTUDOS DE MÍDIA
VAGA_8d644074be,JORNALISMO
VAGA_8d644074be,PUBLICIDADE E PROPAGANDA
VAGA_de3c024323,ENGENHARIA CIVIL
VAGA_2ee7260443,DIREITO
VAGA_4a6b35c69d,ADMINISTRAÇÃO
VAGA_4a6b35c69d,TECNOLOGO EM GESTAO FINANCEIRA
VAGA_c6bc830b34,ADMINISTRAÇÃO
VAGA_c6bc830b34,COMUNICAÇÃO SOCIAL
VAGA_c6bc830b34,ESTUDOS DE MÍDIA
VAGA_c6bc830b34,PUBLICIDADE E PROPAGANDA
VAGA_410030e388,ADMINISTRAÇÃO
VAGA_410030e388,TECNOLOGO EM GESTAO FINANCEIRA
VAGA_7ac9cd7b0c,ADMINISTRAÇÃO
VAGA_7ac9cd7b0c,COMUNICAÇÃO SOCIAL
VAGA_7ac9cd7b0c,ESTUDOS DE MÍDIA
VAGA_7ac9cd7b0c,PUBLICIDADE E PROPAGANDA
VAGA_5325ef5a23,PEDAGOGIA
VAGA_804545d83c,ADMINISTRAÇÃO
VAGA_804545d83c,TECNOLOGO EM GESTAO FINANCEIRA
VAGA_a3d904c0a3,ADMINISTRAÇÃO
VAGA_a3d904c0a3,TECNOLOGO EM GESTAO FINANCEIRA
VAGA_b179fa623e,ADMINISTRAÇÃO
VAGA_b179fa623e,TECNOLOGO EM GESTAO FINANCEIRA
VAGA_fe263907c2,ADMINISTRAÇÃO
VAGA_fe263907c2,TECNOLOGO EM GESTAO FINANCEIRA
VAGA_a925c0cddd,ADMINISTRAÇÃO
VAGA_a925c0cddd,TECNOLOGO EM GESTAO FINANCEIRA
VAGA_bbc9f92d6f,ADMINISTRAÇÃO
VAGA_bbc9f92d6f,TECNOLOGO EM GESTAO FINANCEIRA
VAGA_81418fbcd0,ENGENHARIA DE COMPUTAÇÃO
VAGA_e6e3c1b9b6,PEDAGOGIA
VAGA_dc6e25f99c,ADMINISTRAÇÃO
VAGA_dc6e25f99c,TECNOLOGO EM GESTAO FINANCEIRA
VAGA_e29b8f77db,DIREITO
VAGA_6660d23b70,DIREITO
VAGA_35fd1580d9,ADMINISTRAÇÃO
VAGA_35fd1580d9,TECNOLOGO EM GESTAO FINANCEIRA
VAGA_9c535b88a0,CIÊNCIAS SOCIAIS
VAGA_9c535b88a0,SERVIÇO SOCIAL
VAGA_d82c3f5ff8,DIREITO
VAGA_6a5c4cbd7d,PEDAGOGIA
VAGA_12d42e40f1,ENGENHARIA DE CONTROLE E AUTOMAÇÃO
VAGA_12d42e40f1,ENGENHARIA ELÉTRICA
VAGA_bec0e9faa0,PEDAGOGIA
VAGA_e801b73bbb,NUTRIÇÃO
VAGA_7af7ea1392,ADMINISTRAÇÃO
VAGA_7af7ea1392,TECNOLOGO EM GESTAO FINANCEIRA
VAGA_7622f80972,ADMINISTRAÇÃO
VAGA_7622f80972,TECNOLOGO EM GESTAO FINANCEIRA
VAGA_18636a063c,ADMINISTRAÇÃO
VAGA_18636a063c,TECNOLOGO EM GESTAO FINANCEIRA
VAGA_4e3d0ab91d,ADMINISTRAÇÃO
VAGA_4e3d0ab91d,TECNOLOGO EM GESTAO FINANCEIRA
VAGA_6922e7064f,ADMINISTRAÇÃO
VAGA_6922e7064f,TECNOLOGO EM GESTAO FINANCEIRA
VAGA_59dd9319c7,ADMINISTRAÇÃO
VAGA_59dd9319c7,TECNOLOGO EM GESTAO FINANCEIRA
VAGA_f19d30f5fa,ADMINISTRAÇÃO
VAGA_f19d30f5fa,TECNOLOGO EM GESTAO FINANCEIRA
VAGA_4cffd98d81,DIREITO
VAGA_8b84d666ab,ADMINISTRAÇÃO
VAGA_8b84d666ab,TECNOLOGO EM GESTAO FINANCEIRA
VAGA_f71ff4df53,ADMINISTRAÇÃO
VAGA_f71ff4df53,TECNOLOGO EM GESTAO FINANCEIRA
VAGA_d5453dba55,ENGENHARIA CIVIL
VAGA_e5fe9d5490,PEDAGOGIA
VAGA_99c37e6897,ADMINISTRAÇÃO
VAGA_99c37e6897,TECNOLOGO EM GESTAO FINANCEIRA
VAGA_256b310c72,PEDAGOGIA
VAGA_7306d4ffeb,ADMINISTRAÇÃO
VAGA_7306d4ffeb,TECNOLOGO EM GESTAO FINANCEIRA
VAGA_3773fab6d6,MODA
VAGA_ba12a359cb,ADMINISTRAÇÃO
VAGA_ba12a359cb,TECNOLOGO EM GESTAO FINANCEIRA
VAGA_f074703fb7,ADMINISTRAÇÃO
VAGA_f074703fb7,TECNOLOGO EM GESTAO FINANCEIRA
VAGA_b55d6e652d,ECONOMIA
VAGA_b55d6e652d,ENGENHARIA DE CONTROLE E AUTOMAÇÃO
VAGA_b55d6e652d,ENGENHARIA DE PRODUÇÃO
VAGA_7f1ffc322a,DIREITO
VAGA_9311670f11,ARQUITETURA E URBANISMO
VAGA_28baeeb34a,ENGENHARIA CIVIL
VAGA_277504793e,ENGENHARIA CIVIL
VAGA_203e0ff2d2,ADMINISTRAÇÃO
VAGA_203e0ff2d2,TECNOLOGO EM GESTAO FINANCEIRA
VAGA_43c8b3661b,ADMINISTRAÇÃO
VAGA_43c8b3661b,TECNOLOGO EM GESTAO FINANCEIRA
VAGA_e131b27a3c,ADMINISTRAÇÃO
VAGA_e131b27a3c,TECNOLOGO EM GESTAO FINANCEIRA
VAGA_e75cab477a,ADMINISTRAÇÃO
VAGA_e75cab477a,CIÊNCIA DA COMPUTAÇÃO
VAGA_e75cab477a,DESIGN
VAGA_e75cab477a,DIREITO
VAGA_e75cab477a,ENGENHARIA DE COMPUTAÇÃO
VAGA_e75cab477a,JORNALISMO
VAGA_e75cab477a,PUBLICIDADE E PROPAGANDA
VAGA_e75cab477a,SERVIÇO SOCIAL
VAGA_e75cab477a,SISTEMAS DE INFORMAÇÃO
VAGA_deb9c6d95a,ADMINISTRAÇÃO
VAGA_deb9c6d95a,TECNOLOGO EM GESTAO FINANCEIRA
VAGA_1c7c24fee5,ADMINISTRAÇÃO
VAGA_1c7c24fee5,TECNOLOGO EM GESTAO FINANCEIRA
VAGA_5c838b7c4c,ENGENHARIA ELÉTRICA
VAGA_0393df0ac4,ADMINISTRAÇÃO
VAGA_0393df0ac4,TECNOLOGO EM GESTAO FINANCEIRA
VAGA_816852bd61,DIREITO
VAGA_ebd1f914a6,ADMINISTRAÇÃO
VAGA_ebd1f914a6,COMUNICAÇÃO SOCIAL
VAGA_ebd1f914a6,ESTUDOS DE MÍDIA
VAGA_ebd1f914a6,PUBLICIDADE E PROPAGANDA
VAGA_8cce7d0061,ADMINISTRAÇÃO
VAGA_8cce7d0061,TECNOLOGO EM GESTAO FINANCEIRA
VAGA_0b4d72e6af,ADMINISTRAÇÃO
VAGA_0b4d72e6af,TECNOLOGO EM GESTAO FINANCEIRA
VAGA_853a4580e2,ADMINISTRAÇÃO
VAGA_853a4580e2,TECNOLOGO EM GESTAO FINANCEIRA
VAGA_401c1a3d47,ADMINISTRAÇÃO
VAGA_401c1a3d47,TECNOLOGO EM GESTAO FINANCEIRA
VAGA_71cc026c4b,ADMINISTRAÇÃO
VAGA_71cc026c4b,TECNOLOGO EM GESTAO FINANCEIRA
VAGA_296a169d54,CIÊNCIA DA COMPUTAÇÃO
VAGA_296a169d54,ENGENHARIA DE COMPUTAÇÃO
VAGA_296a169d54,ENGENHARIA ELÉTRICA
VAGA_296a169d54,SISTEMAS DE INFORMAÇÃO
VAGA_5bf804e148,CIÊNCIA DA COMPUTAÇÃO
VAGA_5bf804e148,ENGENHARIA DE COMPUTAÇÃO
VAGA_5bf804e148,ENGENHARIA ELÉTRICA
VAGA_5bf804e148,SISTEMAS DE INFORMAÇÃO
VAGA_86f5f3ffdb,CIÊNCIA DA COMPUTAÇÃO
VAGA_86f5f3ffdb,ENGENHARIA DE COMPUTAÇÃO
VAGA_86f5f3ffdb,ENGENHARIA ELÉTRICA
VAGA_86f5f3ffdb,SISTEMAS DE INFORMAÇÃO
VAGA_aafde8752a,PEDAGOGIA
VAGA_1e48ccfbc3,COMUNICAÇÃO VISUAL
VAGA_1e48ccfbc3,DESIGN
VAGA_1e48ccfbc3,MÍDIA DIGITAL
VAGA_1e48ccfbc3,MODA
VAGA_1e48ccfbc3,PROJETO DE PRODUTO
VAGA_7607d0e58a,DIREITO
VAGA_88abc975ab,ENGENHARIA DE PRODUÇÃO
VAGA_88abc975ab,ENGENHARIA DE PRODUÇÃO CIVIL
VAGA_88abc975ab,ENGENHARIA DE PRODUÇÃO ELÉTRICA
VAGA_88abc975ab,ENGENHARIA DE PRODUÇÃO MECÂNICA
VAGA_88abc975ab,ENGENHARIA DE PRODUÇÃO METALÚRGICA
VAGA_88abc975ab,ENGENHARIA DE PRODUÇÃO QUÍMICA
VAGA_69e75c4046,ENGENHARIA QUÍMICA
VAGA_9edf46af95,ADMINISTRAÇÃO
VAGA_9edf46af95,CIÊNCIA DA COMPUTAÇÃO
VAGA_9edf46af95,ECONOMIA
VAGA_9edf46af95,ENGENHARIA AMBIENTAL
VAGA_9edf46af95,ENGENHARIA DE COMPUTAÇÃO
VAGA_9edf46af95,ENGENHARIA DE CONTROLE E AUTOMAÇÃO
VAGA_9edf46af95,ENGENHARIA DE PRODUÇÃO
VAGA_00a65c444d,DIREITO
VAGA_290621b256,ADMINISTRAÇÃO
VAGA_290621b256,TECNOLOGO EM GESTAO FINANCEIRA
VAGA_09bf54c0a1,ADMINISTRAÇÃO
VAGA_09bf54c0a1,TECNOLOGO EM GESTAO FINANCEIRA
VAGA_ee1a5e1ea5,ENGENHARIA CIVIL
VAGA_d1362f237c,ADMINISTRAÇÃO
VAGA_d1362f237c,TECNOLOGO EM GESTAO FINANCEIRA
VAGA_bb5e874c4d,ADMINISTRAÇÃO
VAGA_bb5e874c4d,COMUNICAÇÃO SOCIAL
VAGA_bb5e874c4d,ESTUDOS DE MÍDIA
VAGA_bb5e874c4d,PUBLICIDADE E PROPAGANDA
VAGA_bfa5df7476,PEDAGOGIA
VAGA_1552717a45,ENGENHARIA ELÉTRICA
VAGA_a1b120983d,ENGENHARIA MECÂNICA
VAGA_84b654b51e,CIÊNCIA DA COMPUTAÇÃO
VAGA_84b654b51e,SISTEMAS DE INFORMAÇÃO
VAGA_f62552bd3b,ADMINISTRAÇÃO
VAGA_f62552bd3b,TECNOLOGO EM GESTAO FINANCEIRA
VAGA_843dcd4bd6,ENGENHARIA DE PRODUÇÃO QUÍMICA
VAGA_843dcd4bd6,ENGENHARIA QUÍMICA
VAGA_843dcd4bd6,QUÍMICA
VAGA_843dcd4bd6,QUÍMICA INDUSTRIAL
VAGA_3eb1e511bc,ADMINISTRAÇÃO
VAGA_3eb1e511bc,TECNOLOGO EM GESTAO FINANCEIRA
VAGA_c49a5c4e8f,ADMINISTRAÇÃO
VAGA_c49a5c4e8f,TECNOLOGO EM GESTAO FINANCEIRA
VAGA_055ab9ecda,ARQUITETURA E URBANISMO
VAGA_bdc68cdc7e,ADMINISTRAÇÃO
VAGA_bdc68cdc7e,TECNOLOGO EM GESTAO FINANCEIRA
VAGA_d7a13f8faa,COMUNICAÇÃO SOCIAL
VAGA_d7a13f8faa,DESIGN
VAGA_63d15caa21,COMUNICAÇÃO VISUAL
VAGA_63d15caa21,DESIGN
VAGA_63d15caa21,MÍDIA DIGITAL
VAGA_63d15caa21,MODA
VAGA_63d15caa21,PROJETO DE PRODUTO
VAGA_e6ec7d21b6,NUTRIÇÃO
VAGA_24e110b80a,ENGENHARIA CIVIL
VAGA_85f6c5fdf0,ADMINISTRAÇÃO
VAGA_85f6c5fdf0,TECNOLOGO EM GESTAO FINANCEIRA
VAGA_c7035593df,CIÊNCIA DA COMPUTAÇÃO
VAGA_c7035593df,ENGENHARIA DE COMPUTAÇÃO
VAGA_c7035593df,ENGENHARIA ELÉTRICA
VAGA_c7035593df,SISTEMAS DE INFORMAÇÃO
VAGA_74175da059,CIÊNCIA DA COMPUTAÇÃO
VAGA_74175da059,ENGENHARIA DE COMPUTAÇÃO
VAGA_74175da059,ENGENHARIA ELÉTRICA
VAGA_74175da059,SISTEMAS DE INFORMAÇÃO
VAGA_4b534db507,CIÊNCIA DA COMPUTAÇÃO
VAGA_35ef4de726,CINEMA
VAGA_35ef4de726,COMUNICAÇÃO SOCIAL
VAGA_35ef4de726,ESTUDOS DE MÍDIA
VAGA_35ef4de726,JORNALISMO
VAGA_35ef4de726,PUBLICIDADE E PROPAGANDA
VAGA_8a0847e05b,PEDAGOGIA
VAGA_8d25b99f39,DIREITO
VAGA_a187929586,ENGENHARIA QUÍMICA
VAGA_a187929586,QUÍMICA
VAGA_6ffd186be6,MATEMÁTICA
VAGA_6ffd186be6,PEDAGOGIA
VAGA_1c69c666df,ENGENHARIA DE PRODUÇÃO
VAGA_56bcd39b19,ECONOMIA
VAGA_06c2cd3936,CIÊNCIA DA COMPUTAÇÃO
VAGA_06c2cd3936,ENGENHARIA DE COMPUTAÇÃO
VAGA_06c2cd3936,ENGENHARIA ELÉTRICA
VAGA_06c2cd3936,SISTEMAS DE INFORMAÇÃO
VAGA_016b1c48ad,COMUNICAÇÃO VISUAL
VAGA_016b1c48ad,DESIGN
VAGA_016b1c48ad,MÍDIA DIGITAL
VAGA_016b1c48ad,MODA
VAGA_016b1c48ad,PROJETO DE PRODUTO
VAGA_ed72d207c7,HISTÓRIA
VAGA_0272a6050a,SISTEMAS DE INFORMAÇÃO
VAGA_f08a56c128,CIÊNCIA DA COMPUTAÇÃO
VAGA_f08a56c128,ENGENHARIA DE COMPUTAÇÃO
VAGA_f08a56c128,ENGENHARIA ELÉTRICA
VAGA_f08a56c128,SISTEMAS DE INFORMAÇÃO
VAGA_d652d0e445,ADMINISTRAÇÃO
VAGA_d652d0e445,TECNOLOGO EM GESTAO FINANCEIRA
VAGA_1eeca65c5c,ARQUITETURA E URBANISMO
VAGA_bb3ecb720d,ENGENHARIA CIVIL
VAGA_f2174eae09,ADMINISTRAÇÃO
VAGA_f2174eae09,TECNOLOGO EM GESTAO FINANCEIRA
VAGA_41da4d304d,CIÊNCIA DA COMPUTAÇÃO
VAGA_41da4d304d,ENGENHARIA DE COMPUTAÇÃO
VAGA_41da4d304d,ENGENHARIA ELÉTRICA
VAGA_41da4d304d,SISTEMAS DE INFORMAÇÃO
VAGA_0567bbc3d2,CIÊNCIA DA COMPUTAÇÃO
VAGA_0567bbc3d2,ENGENHARIA DE COMPUTAÇÃO
VAGA_0567bbc3d2,ENGENHARIA ELÉTRICA
VAGA_0567bbc3d2,SISTEMAS DE INFORMAÇÃO
VAGA_6298ed02b3,ENGENHARIA AMBIENTAL
VAGA_739c27b5ae,ADMINISTRAÇÃO
VAGA_739c27b5ae,TECNOLOGO EM GESTAO FINANCEIRA
VAGA_7c23ccb2b6,DIREITO
VAGA_bae63a7a59,ENGENHARIA DE MATERIAIS
VAGA_bae63a7a59,ENGENHARIA DE PRODUÇÃO
VAGA_bae63a7a59,ENGENHARIA DE PRODUÇÃO CIVIL
VAGA_bae63a7a59,ENGENHARIA DE PRODUÇÃO ELÉTRICA
VAGA_bae63a7a59,ENGENHARIA DE PRODUÇÃO MECÂNICA
VAGA_bae63a7a59,ENGENHARIA DE PRODUÇÃO METALÚRGICA
VAGA_bae63a7a59,ENGENHARIA DE PRODUÇÃO QUÍMICA
VAGA_bae63a7a59,ENGENHARIA QUÍMICA
VAGA_8b3aa6c85c,ADMINISTRAÇÃO
VAGA_8b3aa6c85c,ARTES CENICAS
VAGA_475b145328,ADMINISTRAÇÃO
VAGA_475b145328,TECNOLOGO EM GESTAO FINANCEIRA
VAGA_e560a20dd0,CINEMA
VAGA_e560a20dd0,COMUNICAÇÃO SOCIAL
VAGA_e560a20dd0,ESTUDOS DE MÍDIA
VAGA_e560a20dd0,JORNALISMO
VAGA_e560a20dd0,PUBLICIDADE E PROPAGANDA
VAGA_b88e583f56,ENGENHARIA ELÉTRICA
VAGA_51331381b7,ADMINISTRAÇÃO
VAGA_51331381b7,TECNOLOGO EM GESTAO FINANCEIRA
VAGA_c4a635ab05,ADMINISTRAÇÃO
VAGA_c4a635ab05,TECNOLOGO EM GESTAO FINANCEIRA
VAGA_851c4335b6,CIÊNCIA DA COMPUTAÇÃO
VAGA_851c4335b6,ENGENHARIA DE COMPUTAÇÃO
VAGA_851c4335b6,ENGENHARIA ELÉTRICA
VAGA_851c4335b6,SISTEMAS DE INFORMAÇÃO
VAGA_98c09a907a,ADMINISTRAÇÃO
VAGA_98c09a907a,TECNOLOGO EM GESTAO FINANCEIRA
VAGA_0903c476d8,ADMINISTRAÇÃO
VAGA_0903c476d8,TECNOLOGO EM GESTAO FINANCEIRA
VAGA_928a96563b,ADMINISTRAÇÃO
VAGA_928a96563b,TECNOLOGO EM GESTAO FINANCEIRA
VAGA_c22d60f91f,CINEMA
VAGA_c22d60f91f,COMUNICAÇÃO SOCIAL
VAGA_c22d60f91f,ESTUDOS DE MÍDIA
VAGA_c22d60f91f,JORNALISMO
VAGA_c22d60f91f,PUBLICIDADE E PROPAGANDA
VAGA_8a6949ea3c,DIREITO
VAGA_76c03ac6dc,PEDAGOGIA
VAGA_fdb43cee57,CINEMA
VAGA_fdb43cee57,COMUNICAÇÃO SOCIAL
VAGA_fdb43cee57,ESTUDOS DE MÍDIA
VAGA_fdb43cee57,JORNALISMO
VAGA_fdb43cee57,PUBLICIDADE E PROPAGANDA
VAGA_e16dc56966,ECONOMIA
VAGA_8c179956eb,CINEMA
VAGA_8c179956eb,COMUNICAÇÃO SOCIAL
VAGA_8c179956eb,ESTUDOS DE MÍDIA
VAGA_8c179956eb,JORNALISMO
VAGA_8c179956eb,PUBLICIDADE E PROPAGANDA
VAGA_e0f49f96f6,PSICOLOGIA
VAGA_b234fd2895,ARQUITETURA E URBANISMO
VAGA_b234fd2895,ENGENHARIA CIVIL
VAGA_974f33aa17,ADMINISTRAÇÃO
VAGA_974f33aa17,TECNOLOGO EM GESTAO FINANCEIRA
VAGA_9315ce58d6,COMUNICAÇÃO VISUAL
VAGA_9315ce58d6,DESIGN
VAGA_9315ce58d6,MÍDIA DIGITAL
VAGA_9315ce58d6,MODA
VAGA_9315ce58d6,PROJETO DE PRODUTO
VAGA_3ec4923ea5,ADMINISTRAÇÃO
VAGA_3ec4923ea5,TECNOLOGO EM GESTAO FINANCEIRA
VAGA_233f8305cd,ADMINISTRAÇÃO
VAGA_233f8305cd,TECNOLOGO EM GESTAO FINANCEIRA
VAGA_dfed921710,FÍSICA
VAGA_5787f91dc5,PEDAGOGIA
VAGA_01c834e2da,ADMINISTRAÇÃO
VAGA_01c834e2da,TECNOLOGO EM GESTAO FINANCEIRA
VAGA_3f4b880696,ADMINISTRAÇÃO
VAGA_3f4b880696,TECNOLOGO EM GESTAO FINANCEIRA
VAGA_6035567dd3,DIREITO
VAGA_8e84f90f67,PEDAGOGIA
VAGA_8e212f9152,ADMINISTRAÇÃO
VAGA_8bb30ba213,ADMINISTRAÇÃO
VAGA_8bb30ba213,TECNOLOGO EM GESTAO FINANCEIRA
VAGA_de7a63cbab,ADMINISTRAÇÃO
VAGA_de7a63cbab,TECNOLOGO EM GESTAO FINANCEIRA
VAGA_0d35208c67,ADMINISTRAÇÃO
VAGA_0d35208c67,TECNOLOGO EM GESTAO FINANCEIRA
VAGA_953c14feed,COMUNICAÇÃO VISUAL
VAGA_953c14feed,DESIGN
VAGA_953c14feed,MÍDIA DIGITAL
VAGA_953c14feed,MODA
VAGA_953c14feed,PROJETO DE PRODUTO
VAGA_4d23407904,DIREITO
VAGA_d3d232a339,ADMINISTRAÇÃO
VAGA_d3d232a339,TECNOLOGO EM GESTAO FINANCEIRA
VAGA_e81ad01f88,ADMINISTRAÇÃO
VAGA_e81ad01f88,ENGENHARIA QUÍMICA
VAGA_e81ad01f88,QUÍMICA
VAGA_62a560d028,DIREITO
VAGA_e78bce79b1,ADMINISTRAÇÃO
VAGA_e78bce79b1,TECNOLOGO EM GESTAO FINANCEIRA
VAGA_28dbc3de8d,ADMINISTRAÇÃO
VAGA_28dbc3de8d,COMUNICAÇÃO SOCIAL
VAGA_28dbc3de8d,ESTUDOS DE MÍDIA
VAGA_28dbc3de8d,PUBLICIDADE E PROPAGANDA
VAGA_1c71064d77,DIREITO
VAGA_b705c0b92e,ADMINISTRAÇÃO
VAGA_b705c0b92e,ARQUITETURA E URBANISMO
VAGA_b705c0b92e,CIÊNCIA DA COMPUTAÇÃO
VAGA_b705c0b92e,COMUNICAÇÃO SOCIAL
VAGA_b705c0b92e,DESIGN
VAGA_b705c0b92e,DIREITO
VAGA_b705c0b92e,ENGENHARIA AMBIENTAL
VAGA_b705c0b92e,ENGENHARIA DE COMPUTAÇÃO
VAGA_b705c0b92e,ENGENHARIA DE PRODUÇÃO
VAGA_b705c0b92e,ENGENHARIA DE PRODUÇÃO QUÍMICA
VAGA_b705c0b92e,JORNALISMO
VAGA_b705c0b92e,PUBLICIDADE E PROPAGANDA
VAGA_b705c0b92e,SISTEMAS DE INFORMAÇÃO
VAGA_5f079c6839,PSICOLOGIA
VAGA_f469db96d7,NUTRIÇÃO
VAGA_fe9badee79,ADMINISTRAÇÃO
VAGA_fe9badee79,TECNOLOGO EM GESTAO FINANCEIRA
VAGA_7ef468baad,ADMINISTRAÇÃO
VAGA_7ef468baad,TECNOLOGO EM GESTAO FINANCEIRA
VAGA_abf9b06991,ADMINISTRAÇÃO
VAGA_abf9b06991,TECNOLOGO EM GESTAO FINANCEIRA
VAGA_566a149ed2,DIREITO
VAGA_217c9b9dae,PEDAGOGIA
VAGA_66397b91ee,ARQUITETURA E URBANISMO
VAGA_d1508dd9a1,ENGENHARIA CIVIL
VAGA_606985f091,ADMINISTRAÇÃO
VAGA_606985f091,COMUNICAÇÃO SOCIAL
VAGA_606985f091,ESTUDOS DE MÍDIA
VAGA_606985f091,PUBLICIDADE E PROPAGANDA
VAGA_2676a98a1d,ADMINISTRAÇÃO
VAGA_2676a98a1d,TECNOLOGO EM GESTAO FINANCEIRA
VAGA_36f84954d2,COMUNICAÇÃO VISUAL
VAGA_36f84954d2,DESIGN
VAGA_36f84954d2,MÍDIA DIGITAL
VAGA_36f84954d2,MODA
VAGA_36f84954d2,PROJETO DE PRODUTO
VAGA_b7f90ba6cb,ADMINISTRAÇÃO
VAGA_b7f90ba6cb,COMUNICAÇÃO SOCIAL
VAGA_b7f90ba6cb,ESTUDOS DE MÍDIA
VAGA_b7f90ba6cb,PUBLICIDADE E PROPAGANDA
VAGA_141e8312a3,ECONOMIA
VAGA_4ba703c44d,ENGENHARIA MECÂNICA
VAGA_9bd6537841,PEDAGOGIA
VAGA_dedb822f5c,CIÊNCIA DA COMPUTAÇÃO
VAGA_dedb822f5c,ENGENHARIA DE COMPUTAÇÃO
VAGA_dedb822f5c,ENGENHARIA ELÉTRICA
VAGA_dedb822f5c,SISTEMAS DE INFORMAÇÃO
VAGA_15e4d85ae2,ENGENHARIA CIVIL
VAGA_1e3465c461,DIREITO
VAGA_42d8fc63a4,DIREITO
VAGA_a7ba6547d0,CINEMA
VAGA_a7ba6547d0,COMUNICAÇÃO SOCIAL
VAGA_a7ba6547d0,ESTUDOS DE MÍDIA
VAGA_a7ba6547d0,JORNALISMO
VAGA_a7ba6547d0,PUBLICIDADE E PROPAGANDA
VAGA_d7c58bcf8c,ADMINISTRAÇÃO
VAGA_d7c58bcf8c,TECNOLOGO EM GESTAO FINANCEIRA
VAGA_649879ca9c,ADMINISTRAÇÃO
VAGA_649879ca9c,RELAÇÕES INTERNACIONAIS
VAGA_24dafe9580,CIÊNCIA DA COMPUTAÇÃO
VAGA_24dafe9580,ENGENHARIA DE COMPUTAÇÃO
VAGA_24dafe9580,ENGENHARIA ELÉTRICA
VAGA_24dafe9580,SISTEMAS DE INFORMAÇÃO
VAGA_462587d516,ADMINISTRAÇÃO
VAGA_462587d516,TECNOLOGO EM GESTAO FINANCEIRA
VAGA_9d94dfde3b,ADMINISTRAÇÃO
VAGA_9d94dfde3b,TECNOLOGO EM GESTAO FINANCEIRA
VAGA_f731bc2f51,ENGENHARIA ELÉTRICA
VAGA_9a4c9f7254,COMUNICAÇÃO VISUAL
VAGA_9a4c9f7254,DESIGN
VAGA_9a4c9f7254,MÍDIA DIGITAL
VAGA_9a4c9f7254,MODA
VAGA_9a4c9f7254,PROJETO DE PRODUTO
VAGA_cfdc4640f7,DIREITO
VAGA_de79dc762f,ADMINISTRAÇÃO
VAGA_de79dc762f,TECNOLOGO EM GESTAO FINANCEIRA
VAGA_5f88356a56,ADMINISTRAÇÃO
VAGA_5f88356a56,TECNOLOGO EM GESTAO FINANCEIRA
VAGA_c7ae30f294,ADMINISTRAÇÃO
VAGA_c7ae30f294,TECNOLOGO EM GESTAO FINANCEIRA
VAGA_354c422dd1,ENGENHARIA CIVIL
VAGA_0b337c08a6,DIREITO
VAGA_783ccebd33,ADMINISTRAÇÃO
VAGA_783ccebd33,TECNOLOGO EM GESTAO FINANCEIRA
VAGA_7319af5724,ADMINISTRAÇÃO
VAGA_7319af5724,TECNOLOGO EM GESTAO FINANCEIRA
VAGA_2eb5b376ac,ENGENHARIA CIVIL
VAGA_21543e307c,ADMINISTRAÇÃO
VAGA_21543e307c,TECNOLOGO EM GESTAO FINANCEIRA
VAGA_b7a89401d2,ADMINISTRAÇÃO
VAGA_b7a89401d2,TECNOLOGO EM GESTAO FINANCEIRA
VAGA_fec0538824,CINEMA
VAGA_fec0538824,COMUNICAÇÃO SOCIAL
VAGA_fec0538824,ESTUDOS DE MÍDIA
VAGA_fec0538824,JORNALISMO
VAGA_fec0538824,PUBLICIDADE E PROPAGANDA
VAGA_d2a8d39fda,ADMINISTRAÇÃO
VAGA_d2a8d39fda,TECNOLOGO EM GESTAO FINANCEIRA
VAGA_f0d1479f9a,PEDAGOGIA
VAGA_c7436062ea,ENGENHARIA DE PRODUÇÃO
VAGA_c7436062ea,ENGENHARIA DE PRODUÇÃO MECÂNICA
VAGA_c7436062ea,ENGENHARIA ELÉTRICA
VAGA_83e19fe4a2,ADMINISTRAÇÃO
VAGA_83e19fe4a2,TECNOLOGO EM GESTAO FINANCEIRA
VAGA_ec7864fef7,ADMINISTRAÇÃO
VAGA_ec7864fef7,TECNOLOGO EM GESTAO FINANCEIRA
VAGA_0152c27f83,PEDAGOGIA
VAGA_1ff57688db,PEDAGOGIA
VAGA_d6b5c0698b,ENGENHARIA ELÉTRICA
VAGA_4a679b35b0,ADMINISTRAÇÃO
VAGA_4a679b35b0,TECNOLOGO EM GESTAO FINANCEIRA
VAGA_e9e4ff4be4,DESIGN
VAGA_e9e4ff4be4,MODA
VAGA_aa72ecfbfd,ARQUITETURA E URBANISMO
VAGA_de4c8a6cf4,ADMINISTRAÇÃO
VAGA_de4c8a6cf4,COMUNICAÇÃO SOCIAL
VAGA_de4c8a6cf4,ESTUDOS DE MÍDIA
VAGA_de4c8a6cf4,PUBLICIDADE E PROPAGANDA
VAGA_1d9d174c7e,ADMINISTRAÇÃO
VAGA_1d9d174c7e,TECNOLOGO EM GESTAO FINANCEIRA
VAGA_cf76e38a76,PEDAGOGIA
VAGA_0d214a5203,ADMINISTRAÇÃO
VAGA_0d214a5203,TECNOLOGO EM GESTAO FINANCEIRA
VAGA_75155e2e70,PEDAGOGIA
VAGA_47ba5205ba,ENGENHARIA ELÉTRICA
VAGA_9c5d1b0e25,DIREITO
VAGA_f81af7eac0,ENGENHARIA DE MATERIAIS
VAGA_f81af7eac0,ENGENHARIA DE PRODUÇÃO
VAGA_f81af7eac0,ENGENHARIA DE PRODUÇÃO CIVIL
VAGA_f81af7eac0,ENGENHARIA DE PRODUÇÃO ELÉTRICA
VAGA_f81af7eac0,ENGENHARIA DE PRODUÇÃO MECÂNICA
VAGA_f81af7eac0,ENGENHARIA DE PRODUÇÃO METALÚRGICA
VAGA_f81af7eac0,ENGENHARIA DE PRODUÇÃO QUÍMICA
VAGA_f81af7eac0,ENGENHARIA QUÍMICA
VAGA_32610f8c15,ADMINISTRAÇÃO
VAGA_32610f8c15,TECNOLOGO EM GESTAO FINANCEIRA
VAGA_0ddbadf717,ADMINISTRAÇÃO
VAGA_0ddbadf717,TECNOLOGO EM GESTAO FINANCEIRA
VAGA_6e0a3c6780,ADMINISTRAÇÃO
VAGA_6e0a3c6780,TECNOLOGO EM GESTAO FINANCEIRA
VAGA_6fa0a66da0,PEDAGOGIA
VAGA_c43da12294,CINEMA
VAGA_c43da12294,COMUNICAÇÃO SOCIAL
VAGA_c43da12294,ESTUDOS DE MÍDIA
VAGA_c43da12294,JORNALISMO
VAGA_c43da12294,PUBLICIDADE E PROPAGANDA
VAGA_4e62545cde,CIÊNCIAS BIOLÓGICAS
VAGA_4e62545cde,CIÊNCIAS SOCIAIS
VAGA_4e62545cde,FILOSOFIA
VAGA_4e62545cde,GEOGRAFIA
VAGA_4e62545cde,HISTÓRIA
VAGA_4e62545cde,LETRAS
VAGA_4e62545cde,PEDAGOGIA
VAGA_4e62545cde,SOCIOLOGIA
VAGA_5d5d2fe11d,ADMINISTRAÇÃO
VAGA_5d5d2fe11d,TECNOLOGO EM GESTAO FINANCEIRA
VAGA_f65a729cef,ADMINISTRAÇÃO
VAGA_f65a729cef,CIÊNCIA DA COMPUTAÇÃO
VAGA_f65a729cef,COMUNICAÇÃO SOCIAL
VAGA_f65a729cef,COMUNICAÇÃO VISUAL
VAGA_f65a729cef,DESIGN
VAGA_f65a729cef,ECONOMIA
VAGA_f65a729cef,ENGENHARIA AMBIENTAL
VAGA_f65a729cef,ENGENHARIA CIVIL
VAGA_f65a729cef,ENGENHARIA DE COMPUTAÇÃO
VAGA_f65a729cef,ENGENHARIA DE CONTROLE E AUTOMAÇÃO
VAGA_f65a729cef,ENGENHARIA DE MATERIAIS
VAGA_f65a729cef,ENGENHARIA DE PRODUÇÃO
VAGA_f65a729cef,ENGENHARIA DE PRODUÇÃO CIVIL
VAGA_f65a729cef,ENGENHARIA DE PRODUÇÃO ELÉTRICA
VAGA_f65a729cef,ENGENHARIA DE PRODUÇÃO MECÂNICA
VAGA_f65a729cef,ENGENHARIA DE PRODUÇÃO METALÚRGICA
VAGA_f65a729cef,ENGENHARIA DE PRODUÇÃO QUÍMICA
VAGA_f65a729cef,ENGENHARIA ELÉTRICA
VAGA_f65a729cef,ENGENHARIA MECÂNICA
VAGA_f65a729cef,ENGENHARIA METALÚRGICA
VAGA_f65a729cef,ESTUDOS DE MÍDIA
VAGA_f65a729cef,JORNALISMO
VAGA_f65a729cef,NEUROCIÊNCIAS
VAGA_f65a729cef,PUBLICIDADE E PROPAGANDA
VAGA_f65a729cef,RELAÇÕES INTERNACIONAIS
VAGA_980ec2d94a,FÍSICA
VAGA_0009b33889,ADMINISTRAÇÃO
VAGA_0009b33889,TECNOLOGO EM GESTAO FINANCEIRA
VAGA_eb15a8fefb,ADMINISTRAÇÃO
VAGA_eb15a8fefb,TECNOLOGO EM GESTAO FINANCEIRA
VAGA_9e7405da50,ADMINISTRAÇÃO
VAGA_9e7405da50,TECNOLOGO EM GESTAO FINANCEIRA
VAGA_83e8714ef2,PEDAGOGIA
VAGA_57f6ac7116,ENGENHARIA CIVIL
VAGA_fab2b38d14,PEDAGOGIA
VAGA_f030fbbecf,ADMINISTRAÇÃO
VAGA_f030fbbecf,TECNOLOGO EM GESTAO FINANCEIRA
VAGA_e45abc54d4,PEDAGOGIA
VAGA_0ebc283f0c,ADMINISTRAÇÃO
VAGA_0ebc283f0c,TECNOLOGO EM GESTAO FINANCEIRA
VAGA_f6cf216c11,ENGENHARIA ELÉTRICA
VAGA_489834888b,ADMINISTRAÇÃO
VAGA_489834888b,TECNOLOGO EM GESTAO FINANCEIRA
VAGA_2594cf6375,CINEMA
VAGA_2594cf6375,COMUNICAÇÃO SOCIAL
VAGA_2594cf6375,ESTUDOS DE MÍDIA
VAGA_2594cf6375,JORNALISMO
VAGA_2594cf6375,PUBLICIDADE E PROPAGANDA
VAGA_7ffc8a6d62,ADMINISTRAÇÃO
VAGA_7ffc8a6d62,TECNOLOGO EM GESTAO FINANCEIRA
VAGA_421216ee5e,PEDAGOGIA
VAGA_8bf5eb69ff,PEDAGOGIA
VAGA_155ffe8068,CIÊNCIA DA COMPUTAÇÃO
VAGA_155ffe8068,ENGENHARIA DE COMPUTAÇÃO
VAGA_155ffe8068,ENGENHARIA ELÉTRICA
VAGA_155ffe8068,SISTEMAS DE INFORMAÇÃO
VAGA_73e417dba6,ADMINISTRAÇÃO
VAGA_73e417dba6,TECNOLOGO EM GESTAO FINANCEIRA
VAGA_61fbb65d6d,PSICOLOGIA
VAGA_6a3964dc6f,ADMINISTRAÇÃO
VAGA_6a3964dc6f,ARTES CENICAS
VAGA_d8322f7b3d,PEDAGOGIA
VAGA_660dc356a8,DIREITO
VAGA_826cdf4937,ADMINISTRAÇÃO
VAGA_826cdf4937,ECONOMIA
VAGA_8604d66063,ADMINISTRAÇÃO
VAGA_8604d66063,ECONOMIA
VAGA_8604d66063,ENGENHARIA DE PRODUÇÃO
VAGA_8604d66063,ENGENHARIA DE PRODUÇÃO ELÉTRICA
VAGA_8604d66063,TECNOLOGO EM GESTAO FINANCEIRA
VAGA_99196391fe,DIREITO
VAGA_09d850fd73,CINEMA
VAGA_09d850fd73,COMUNICAÇÃO SOCIAL
VAGA_09d850fd73,ESTUDOS DE MÍDIA
VAGA_09d850fd73,JORNALISMO
VAGA_09d850fd73,PUBLICIDADE E PROPAGANDA
VAGA_3086407479,ADMINISTRAÇÃO
VAGA_3086407479,LETRAS
VAGA_049268f0f5,ENGENHARIA CIVIL
VAGA_67d7175fc6,ARTES CENICAS
VAGA_67d7175fc6,COMUNICAÇÃO VISUAL
VAGA_67d7175fc6,DESIGN
VAGA_67d7175fc6,MÍDIA DIGITAL
VAGA_67d7175fc6,MODA
VAGA_67d7175fc6,PROJETO DE PRODUTO
VAGA_064ffdbcfa,CIÊNCIA DA COMPUTAÇÃO
VAGA_064ffdbcfa,ENGENHARIA DE COMPUTAÇÃO
VAGA_064ffdbcfa,ENGENHARIA ELÉTRICA
VAGA_064ffdbcfa,SISTEMAS DE INFORMAÇÃO
VAGA_0a08db2a6b,ADMINISTRAÇÃO
VAGA_0a08db2a6b,TECNOLOGO EM GESTAO FINANCEIRA
VAGA_416e4663c0,NUTRIÇÃO
VAGA_2a3dcec530,ADMINISTRAÇÃO
VAGA_2a3dcec530,TECNOLOGO EM GESTAO FINANCEIRA
VAGA_e08294e7e8,PEDAGOGIA
VAGA_d2af4deea8,CIÊNCIAS SOCIAIS
VAGA_d2af4deea8,SERVIÇO SOCIAL
VAGA_a69a9fbbae,COMUNICAÇÃO SOCIAL
VAGA_a69a9fbbae,MÍDIA DIGITAL
VAGA_a69a9fbbae,PUBLICIDADE E PROPAGANDA
VAGA_87d5e589f7,GEOGRAFIA
VAGA_4a93aabc5e,PEDAGOGIA
VAGA_6e0417d159,ADMINISTRAÇÃO
VAGA_6e0417d159,TECNOLOGO EM GESTAO FINANCEIRA
VAGA_6abb32e0b2,DIREITO
VAGA_7375d8264f,FÍSICA
VAGA_7375d8264f,GEOGRAFIA
VAGA_7375d8264f,LETRAS
VAGA_7375d8264f,SOCIOLOGIA
VAGA_8465b9dcca,CINEMA
VAGA_8465b9dcca,COMUNICAÇÃO SOCIAL
VAGA_8465b9dcca,ESTUDOS DE MÍDIA
VAGA_8465b9dcca,JORNALISMO
VAGA_8465b9dcca,PUBLICIDADE E PROPAGANDA
VAGA_b1dd55d944,ADMINISTRAÇÃO
VAGA_b1dd55d944,TECNOLOGO EM GESTAO FINANCEIRA
VAGA_3ead3ce939,ADMINISTRAÇÃO
VAGA_3ead3ce939,TECNOLOGO EM GESTAO FINANCEIRA
VAGA_3f4d56c35a,PEDAGOGIA
VAGA_7e13e667b6,ADMINISTRAÇÃO
VAGA_7e13e667b6,TECNOLOGO EM GESTAO FINANCEIRA
VAGA_920eae7827,MATEMÁTICA
VAGA_c6adcc84c4,PSICOLOGIA
VAGA_252e45a7ba,ADMINISTRAÇÃO
VAGA_252e45a7ba,TECNOLOGO EM GESTAO FINANCEIRA
VAGA_78ced69bee,PEDAGOGIA
VAGA_441a86decc,PEDAGOGIA
VAGA_7a78f7c406,LETRAS
VAGA_e0b78d5509,ADMINISTRAÇÃO
VAGA_e0b78d5509,TECNOLOGO EM GESTAO FINANCEIRA
VAGA_1128f533c8,PSICOLOGIA
VAGA_2f26fedade,ADMINISTRAÇÃO
VAGA_2f26fedade,TECNOLOGO EM GESTAO FINANCEIRA
VAGA_2f1e36970e,DIREITO
VAGA_5eabc13dc8,ADMINISTRAÇÃO
VAGA_5eabc13dc8,TECNOLOGO EM GESTAO FINANCEIRA
VAGA_156beb9c88,PEDAGOGIA
VAGA_dbcd7e946c,ADMINISTRAÇÃO
VAGA_dbcd7e946c,TECNOLOGO EM GESTAO FINANCEIRA
VAGA_2766c901b0,ADMINISTRAÇÃO
VAGA_2766c901b0,TECNOLOGO EM GESTAO FINANCEIRA
VAGA_8d3e09d3e5,ADMINISTRAÇÃO
VAGA_8d3e09d3e5,TECNOLOGO EM GESTAO FINANCEIRA
VAGA_ae470b6e1c,ADMINISTRAÇÃO
VAGA_ae470b6e1c,TECNOLOGO EM GESTAO FINANCEIRA
VAGA_aa60e776d5,ADMINISTRAÇÃO
VAGA_aa60e776d5,TECNOLOGO EM GESTAO FINANCEIRA
VAGA_9b454d3aed,ADMINISTRAÇÃO
VAGA_9b454d3aed,TECNOLOGO EM GESTAO FINANCEIRA
VAGA_58c15b0e20,FÍSICA
VAGA_20fabaef28,FÍSICA
VAGA_bc6abbe5be,ENGENHARIA CIVIL
VAGA_3753352fba,CIÊNCIA DA COMPUTAÇÃO
VAGA_3753352fba,ENGENHARIA DE COMPUTAÇÃO
VAGA_3753352fba,ENGENHARIA ELÉTRICA
VAGA_3753352fba,SISTEMAS DE INFORMAÇÃO
VAGA_1b12fa6ed0,DIREITO
VAGA_c07f82f701,ENGENHARIA CIVIL
VAGA_0ef48e3d4b,ENGENHARIA CIVIL
VAGA_8c7c32fcbd,ENGENHARIA AMBIENTAL
VAGA_34b21b8199,ENGENHARIA CIVIL
VAGA_a1270ddc3b,DESIGN
VAGA_a1270ddc3b,MODA
VAGA_17864da099,ADMINISTRAÇÃO
VAGA_17864da099,COMUNICAÇÃO SOCIAL
VAGA_17864da099,ESTUDOS DE MÍDIA
VAGA_17864da099,PUBLICIDADE E PROPAGANDA
VAGA_59aec5c35c,ENGENHARIA CIVIL
VAGA_a734eb9d40,ADMINISTRAÇÃO
VAGA_a734eb9d40,TECNOLOGO EM GESTAO FINANCEIRA
VAGA_1e35dfae92,ENGENHARIA CIVIL
VAGA_e5e3979e15,CINEMA
VAGA_e5e3979e15,COMUNICAÇÃO SOCIAL
VAGA_e5e3979e15,ESTUDOS DE MÍDIA
VAGA_e5e3979e15,JORNALISMO
VAGA_e5e3979e15,PUBLICIDADE E PROPAGANDA
VAGA_f0cbd68044,ADMINISTRAÇÃO
VAGA_f0cbd68044,TECNOLOGO EM GESTAO FINANCEIRA
VAGA_701ccb3671,ENGENHARIA CIVIL
VAGA_98753bd311,ENGENHARIA DE PRODUÇÃO
VAGA_98753bd311,ENGENHARIA DE PRODUÇÃO CIVIL
VAGA_98753bd311,ENGENHARIA DE PRODUÇÃO ELÉTRICA
VAGA_98753bd311,ENGENHARIA DE PRODUÇÃO MECÂNICA
VAGA_98753bd311,ENGENHARIA DE PRODUÇÃO METALÚRGICA
VAGA_98753bd311,ENGENHARIA DE PRODUÇÃO QUÍMICA
VAGA_373bb3767c,ADMINISTRAÇÃO
VAGA_373bb3767c,CIÊNCIA DA COMPUTAÇÃO
VAGA_373bb3767c,DIREITO
VAGA_373bb3767c,ENGENHARIA CIVIL
VAGA_373bb3767c,ENGENHARIA DE PRODUÇÃO MECÂNICA
VAGA_373bb3767c,NUTRIÇÃO
VAGA_373bb3767c,PEDAGOGIA
VAGA_373bb3767c,PSICOLOGIA
VAGA_dc7c966136,CIÊNCIA DA COMPUTAÇÃO
VAGA_561124229d,ADMINISTRAÇÃO
VAGA_561124229d,TECNOLOGO EM GESTAO FINANCEIRA
VAGA_0fab9030b1,ADMINISTRAÇÃO
VAGA_0fab9030b1,TECNOLOGO EM GESTAO FINANCEIRA
VAGA_2c61afec98,ENGENHARIA DE COMPUTAÇÃO
VAGA_2c61afec98,ENGENHARIA DE CONTROLE E AUTOMAÇÃO
VAGA_2c61afec98,ENGENHARIA ELÉTRICA
VAGA_7595c9d38b,ADMINISTRAÇÃO
VAGA_7595c9d38b,TECNOLOGO EM GESTAO FINANCEIRA
VAGA_83df987254,ADMINISTRAÇÃO
VAGA_83df987254,TECNOLOGO EM GESTAO FINANCEIRA
VAGA_e32ee46f57,ADMINISTRAÇÃO
VAGA_e32ee46f57,TECNOLOGO EM GESTAO FINANCEIRA
VAGA_0ce6b6b6cf,ENGENHARIA CIVIL
VAGA_0850f6e47b,ADMINISTRAÇÃO
VAGA_0850f6e47b,TECNOLOGO EM GESTAO FINANCEIRA
VAGA_3d7f57379f,DIREITO
VAGA_2be5b0e6f7,PEDAGOGIA
VAGA_1494fd90bf,DIREITO
VAGA_01be26d201,ADMINISTRAÇÃO
VAGA_01be26d201,TECNOLOGO EM GESTAO FINANCEIRA
VAGA_794920179a,PEDAGOGIA
VAGA_81020815c4,ENGENHARIA CIVIL
VAGA_3d09cc5359,ADMINISTRAÇÃO
VAGA_3d09cc5359,TECNOLOGO EM GESTAO FINANCEIRA
VAGA_48ab61d7e5,PEDAGOGIA
VAGA_7376fca00a,ADMINISTRAÇÃO
VAGA_7376fca00a,TECNOLOGO EM GESTAO FINANCEIRA
VAGA_4e97398338,ARQUITETURA E URBANISMO
VAGA_e7e510c865,ADMINISTRAÇÃO
VAGA_e7e510c865,TECNOLOGO EM GESTAO FINANCEIRA
VAGA_97874e7fec,COMUNICAÇÃO VISUAL
VAGA_97874e7fec,DESIGN
VAGA_97874e7fec,MÍDIA DIGITAL
VAGA_97874e7fec,MODA
VAGA_97874e7fec,PROJETO DE PRODUTO
VAGA_2f0e586a7f,ADMINISTRAÇÃO
VAGA_2f0e586a7f,ARQUITETURA E URBANISMO
VAGA_2f0e586a7f,CIÊNCIA DA COMPUTAÇÃO
VAGA_2f0e586a7f,COMUNICAÇÃO SOCIAL
VAGA_2f0e586a7f,DESIGN
VAGA_2f0e586a7f,DIREITO
VAGA_2f0e586a7f,ENGENHARIA AMBIENTAL
VAGA_2f0e586a7f,ENGENHARIA DE COMPUTAÇÃO
VAGA_2f0e586a7f,ENGENHARIA DE PRODUÇÃO
VAGA_2f0e586a7f,ENGENHARIA QUÍMICA
VAGA_2f0e586a7f,JORNALISMO
VAGA_2f0e586a7f,SISTEMAS DE INFORMAÇÃO
VAGA_949ae7a450,ADMINISTRAÇÃO
VAGA_949ae7a450,TECNOLOGO EM GESTAO FINANCEIRA
VAGA_cab95c7afb,ADMINISTRAÇÃO
VAGA_cab95c7afb,ARTES CENICAS
VAGA_0fc730e793,ADMINISTRAÇÃO
VAGA_0fc730e793,TECNOLOGO EM GESTAO FINANCEIRA
VAGA_051bb6b4f0,ADMINISTRAÇÃO
VAGA_051bb6b4f0,TECNOLOGO EM GESTAO FINANCEIRA
VAGA_57c9c891c0,ADMINISTRAÇÃO
VAGA_57c9c891c0,TECNOLOGO EM GESTAO FINANCEIRA
VAGA_b2ecd7740e,ADMINISTRAÇÃO
VAGA_b2ecd7740e,COMUNICAÇÃO SOCIAL
VAGA_b2ecd7740e,ESTUDOS DE MÍDIA
VAGA_b2ecd7740e,PUBLICIDADE E PROPAGANDA
VAGA_f146a09d16,ECONOMIA
VAGA_7a59f77a2b,MODA
VAGA_e555d3e35a,COMUNICAÇÃO SOCIAL
VAGA_c7215e0373,ADMINISTRAÇÃO
VAGA_c7215e0373,TECNOLOGO EM GESTAO FINANCEIRA
VAGA_bbb54fb1c7,ADMINISTRAÇÃO
VAGA_bbb54fb1c7,TECNOLOGO EM GESTAO FINANCEIRA
VAGA_d32f85a465,ADMINISTRAÇÃO
VAGA_d32f85a465,COMUNICAÇÃO SOCIAL
VAGA_d32f85a465,ESTUDOS DE MÍDIA
VAGA_d32f85a465,PUBLICIDADE E PROPAGANDA
VAGA_24d810eb6a,ADMINISTRAÇÃO
VAGA_24d810eb6a,TECNOLOGO EM GESTAO FINANCEIRA
VAGA_99a40c48e4,ENGENHARIA DE PRODUÇÃO QUÍMICA
VAGA_99a40c48e4,ENGENHARIA QUÍMICA
VAGA_99a40c48e4,QUÍMICA
VAGA_99a40c48e4,QUÍMICA INDUSTRIAL
VAGA_9b9c4d265c,PEDAGOGIA
VAGA_bf8f8e2206,ADMINISTRAÇÃO
VAGA_bf8f8e2206,TECNOLOGO EM GESTAO FINANCEIRA
VAGA_5f0fc82d6a,ADMINISTRAÇÃO
VAGA_5f0fc82d6a,COMUNICAÇÃO SOCIAL
VAGA_5f0fc82d6a,ESTUDOS DE MÍDIA
VAGA_5f0fc82d6a,PUBLICIDADE E PROPAGANDA
VAGA_53775b72a6,CINEMA
VAGA_53775b72a6,COMUNICAÇÃO SOCIAL
VAGA_53775b72a6,ESTUDOS DE MÍDIA
VAGA_53775b72a6,JORNALISMO
VAGA_53775b72a6,PUBLICIDADE E PROPAGANDA
VAGA_f32fa1b2ee,ADMINISTRAÇÃO
VAGA_f32fa1b2ee,TECNOLOGO EM GESTAO FINANCEIRA
VAGA_f55a0e3151,COMUNICAÇÃO VISUAL
VAGA_f55a0e3151,DESIGN
VAGA_f55a0e3151,MÍDIA DIGITAL
VAGA_f55a0e3151,MODA
VAGA_f55a0e3151,PROJETO DE PRODUTO
VAGA_79092def97,ADMINISTRAÇÃO
VAGA_79092def97,TECNOLOGO EM GESTAO FINANCEIRA
VAGA_f7fd59658a,ECONOMIA
VAGA_d799c39d1f,ENGENHARIA DE COMPUTAÇÃO
VAGA_d799c39d1f,ENGENHARIA DE CONTROLE E AUTOMAÇÃO
VAGA_d799c39d1f,ENGENHARIA DE PRODUÇÃO ELÉTRICA
VAGA_d799c39d1f,ENGENHARIA ELÉTRICA
VAGA_e04f88b268,CIÊNCIAS BIOLÓGICAS
VAGA_e04f88b268,FÍSICA
VAGA_e04f88b268,QUÍMICA
VAGA_d9bf9b7590,DESIGN
VAGA_49afbb2cee,DIREITO
VAGA_2d77860d41,ADMINISTRAÇÃO
VAGA_2d77860d41,TECNOLOGO EM GESTAO FINANCEIRA
VAGA_054b058312,ADMINISTRAÇÃO
VAGA_054b058312,TECNOLOGO EM GESTAO FINANCEIRA
VAGA_21f4f78429,ADMINISTRAÇÃO
VAGA_947daff1ac,ENGENHARIA CIVIL
VAGA_1bf267b1e3,ADMINISTRAÇÃO
VAGA_1bf267b1e3,TECNOLOGO EM GESTAO FINANCEIRA
VAGA_17d6c99645,ADMINISTRAÇÃO
VAGA_17d6c99645,TECNOLOGO EM GESTAO FINANCEIRA
VAGA_066ceaac42,DIREITO
VAGA_fe63b1a7b0,CINEMA
VAGA_fe63b1a7b0,COMUNICAÇÃO SOCIAL
VAGA_fe63b1a7b0,ESTUDOS DE MÍDIA
VAGA_fe63b1a7b0,JORNALISMO
VAGA_fe63b1a7b0,PUBLICIDADE E PROPAGANDA
VAGA_3e804acdaf,ADMINISTRAÇÃO
VAGA_3e804acdaf,COMUNICAÇÃO SOCIAL
VAGA_3e804acdaf,ESTUDOS DE MÍDIA
VAGA_3e804acdaf,PUBLICIDADE E PROPAGANDA
VAGA_b65ffd3663,CINEMA
VAGA_b65ffd3663,COMUNICAÇÃO SOCIAL
VAGA_b65ffd3663,ESTUDOS DE MÍDIA
VAGA_b65ffd3663,JORNALISMO
VAGA_b65ffd3663,PUBLICIDADE E PROPAGANDA
VAGA_931f339829,ADMINISTRAÇÃO
VAGA_931f339829,TECNOLOGO EM GESTAO FINANCEIRA
VAGA_f67cc76e2a,ADMINISTRAÇÃO
VAGA_f67cc76e2a,TECNOLOGO EM GESTAO FINANCEIRA
VAGA_8eab54d648,COMUNICAÇÃO VISUAL
VAGA_8eab54d648,DESIGN
VAGA_8eab54d648,MÍDIA DIGITAL
VAGA_8eab54d648,MODA
VAGA_8eab54d648,PROJETO DE PRODUTO
VAGA_570a347c30,DIREITO
VAGA_8004a79349,ADMINISTRAÇÃO
VAGA_8004a79349,TECNOLOGO EM GESTAO FINANCEIRA
VAGA_6d2526f5c6,PSICOLOGIA
VAGA_e794d086bc,ADMINISTRAÇÃO
VAGA_e794d086bc,TECNOLOGO EM GESTAO FINANCEIRA
VAGA_f1c79b3ee8,ADMINISTRAÇÃO
VAGA_f1c79b3ee8,TECNOLOGO EM GESTAO FINANCEIRA
VAGA_24059b8e50,PEDAGOGIA
VAGA_256b5165e0,ENGENHARIA CIVIL
VAGA_bd26b66678,ADMINISTRAÇÃO
VAGA_bd26b66678,TECNOLOGO EM GESTAO FINANCEIRA
VAGA_fe83c0ca20,DIREITO
VAGA_62cd9146ab,ADMINISTRAÇÃO
VAGA_62cd9146ab,TECNOLOGO EM GESTAO FINANCEIRA
VAGA_122c073008,ADMINISTRAÇÃO
VAGA_122c073008,COMUNICAÇÃO SOCIAL
VAGA_122c073008,ESTUDOS DE MÍDIA
VAGA_122c073008,PUBLICIDADE E PROPAGANDA
VAGA_9ad6ba42f7,ADMINISTRAÇÃO
VAGA_9ad6ba42f7,TECNOLOGO EM GESTAO FINANCEIRA
VAGA_caff51b6dd,ADMINISTRAÇÃO
VAGA_caff51b6dd,TECNOLOGO EM GESTAO FINANCEIRA
VAGA_6a96993242,ADMINISTRAÇÃO
VAGA_6a96993242,TECNOLOGO EM GESTAO FINANCEIRA
VAGA_977bd7d86e,ADMINISTRAÇÃO
VAGA_977bd7d86e,TECNOLOGO EM GESTAO FINANCEIRA
VAGA_8b2a6975c1,ADMINISTRAÇÃO
VAGA_8b2a6975c1,TECNOLOGO EM GESTAO FINANCEIRA
VAGA_69d771fc58,DESIGN
VAGA_b2f408b1de,COMUNICAÇÃO SOCIAL
VAGA_7b5b138247,ADMINISTRAÇÃO
VAGA_7b5b138247,CIÊNCIA DA COMPUTAÇÃO
VAGA_7b5b138247,CIÊNCIAS SOCIAIS
VAGA_7b5b138247,DIREITO
VAGA_7b5b138247,ENGENHARIA CIVIL
VAGA_7b5b138247,JORNALISMO
VAGA_7b5b138247,PSICOLOGIA
VAGA_f3b3bc5437,ADMINISTRAÇÃO
VAGA_f3b3bc5437,TECNOLOGO EM GESTAO FINANCEIRA
VAGA_98e6855b7c,FÍSICA
VAGA_98e6855b7c,GEOGRAFIA
VAGA_9bf7f1e6c3,ENGENHARIA CIVIL
VAGA_b642d72337,HISTÓRIA
VAGA_5fb433b138,CINEMA
VAGA_5fb433b138,COMUNICAÇÃO SOCIAL
VAGA_5fb433b138,ESTUDOS DE MÍDIA
VAGA_5fb433b138,JORNALISMO
VAGA_5fb433b138,PUBLICIDADE E PROPAGANDA
VAGA_fcd534edc7,ADMINISTRAÇÃO
VAGA_fcd534edc7,TECNOLOGO EM GESTAO FINANCEIRA
VAGA_c247742ef4,ADMINISTRAÇÃO
VAGA_c247742ef4,COMUNICAÇÃO SOCIAL
VAGA_c247742ef4,ESTUDOS DE MÍDIA
VAGA_c247742ef4,PUBLICIDADE E PROPAGANDA
VAGA_b5cbce4e8e,DIREITO
VAGA_d5c3a5da70,CINEMA
VAGA_d5c3a5da70,COMUNICAÇÃO SOCIAL
VAGA_d5c3a5da70,ESTUDOS DE MÍDIA
VAGA_d5c3a5da70,JORNALISMO
VAGA_d5c3a5da70,PUBLICIDADE E PROPAGANDA
VAGA_7312b9a089,ARQUITETURA E URBANISMO
VAGA_8141fe7a69,CIÊNCIA DA COMPUTAÇÃO
VAGA_8141fe7a69,ENGENHARIA DE COMPUTAÇÃO
VAGA_8141fe7a69,ENGENHARIA ELÉTRICA
VAGA_8141fe7a69,SISTEMAS DE INFORMAÇÃO
VAGA_a9a5f6f1d1,ADMINISTRAÇÃO
VAGA_a9a5f6f1d1,TECNOLOGO EM GESTAO FINANCEIRA
VAGA_687069d670,ADMINISTRAÇÃO
VAGA_687069d670,ARQUITETURA E URBANISMO
VAGA_687069d670,DESIGN
VAGA_687069d670,DIREITO
VAGA_687069d670,ENGENHARIA CIVIL
VAGA_687069d670,ENGENHARIA ELÉTRICA
VAGA_125e52253d,NUTRIÇÃO
VAGA_5d2cbdc904,ADMINISTRAÇÃO
VAGA_5d2cbdc904,COMUNICAÇÃO SOCIAL
VAGA_5d2cbdc904,ESTUDOS DE MÍDIA
VAGA_5d2cbdc904,PUBLICIDADE E PROPAGANDA
VAGA_8bf8fc5a0a,ADMINISTRAÇÃO
VAGA_8bf8fc5a0a,ARTES CENICAS
VAGA_d5893d0955,ADMINISTRAÇÃO
VAGA_d5893d0955,TECNOLOGO EM GESTAO FINANCEIRA
VAGA_8af89513b2,CIÊNCIA DA COMPUTAÇÃO
VAGA_8af89513b2,ENGENHARIA DE COMPUTAÇÃO
VAGA_8af89513b2,ENGENHARIA ELÉTRICA
VAGA_8af89513b2,SISTEMAS DE INFORMAÇÃO
VAGA_382fe33f5b,ADMINISTRAÇÃO
VAGA_382fe33f5b,LETRAS
VAGA_62e73e9363,ADMINISTRAÇÃO
VAGA_62e73e9363,ECONOMIA
VAGA_62e73e9363,ENGENHARIA AMBIENTAL
VAGA_62e73e9363,ENGENHARIA DE PRODUÇÃO
VAGA_62e73e9363,GEOGRAFIA
VAGA_fb3607bda6,DIREITO
VAGA_5f908d3cf5,ADMINISTRAÇÃO
VAGA_14bf1aa1fc,LETRAS
VAGA_8a61de26aa,CIÊNCIA DA COMPUTAÇÃO
VAGA_8a61de26aa,ENGENHARIA DE COMPUTAÇÃO
VAGA_8a61de26aa,ENGENHARIA ELÉTRICA
VAGA_8a61de26aa,SISTEMAS DE INFORMAÇÃO
VAGA_f640b0629a,ADMINISTRAÇÃO
VAGA_f640b0629a,TECNOLOGO EM GESTAO FINANCEIRA
VAGA_48067d123d,ENGENHARIA CIVIL
VAGA_9a2db5b9e7,CIÊNCIA DA COMPUTAÇÃO
VAGA_9a2db5b9e7,ENGENHARIA DE COMPUTAÇÃO
VAGA_9a2db5b9e7,ENGENHARIA ELÉTRICA
VAGA_9a2db5b9e7,SISTEMAS DE INFORMAÇÃO
VAGA_a5ab5cba0a,DIREITO
VAGA_cbfc06a256,DESIGN
VAGA_cbfc06a256,MODA
VAGA_40286b6fef,ADMINISTRAÇÃO
VAGA_40286b6fef,ECONOMIA
VAGA_bbdeba0486,DESIGN
VAGA_bbdeba0486,MODA
VAGA_bbdeba0486,PROJETO DE PRODUTO
VAGA_09ce1a7175,LETRAS
VAGA_e39a74f6cf,ADMINISTRAÇÃO
VAGA_e39a74f6cf,TECNOLOGO EM GESTAO FINANCEIRA
VAGA_42524cd591,ADMINISTRAÇÃO
VAGA_42524cd591,CINEMA
VAGA_42524cd591,COMUNICAÇÃO SOCIAL
VAGA_42524cd591,DESIGN
VAGA_42524cd591,DIREITO
VAGA_42524cd591,ENGENHARIA AMBIENTAL
VAGA_42524cd591,ENGENHARIA DE CONTROLE E AUTOMAÇÃO
VAGA_42524cd591,ENGENHARIA DE MATERIAIS
VAGA_42524cd591,PUBLICIDADE E PROPAGANDA
VAGA_9a3396d2b2,ADMINISTRAÇÃO
VAGA_9a3396d2b2,ARQUITETURA E URBANISMO
VAGA_9a3396d2b2,CINEMA
VAGA_9a3396d2b2,COMUNICAÇÃO SOCIAL
VAGA_9a3396d2b2,DESIGN
VAGA_9a3396d2b2,MÍDIA DIGITAL
VAGA_9a3396d2b2,MODA
VAGA_4238291756,CIÊNCIA DA COMPUTAÇÃO
VAGA_4238291756,ENGENHARIA DE COMPUTAÇÃO
VAGA_4238291756,ENGENHARIA ELÉTRICA
VAGA_4238291756,SISTEMAS DE INFORMAÇÃO
VAGA_d008ac5473,CIÊNCIA DA COMPUTAÇÃO
VAGA_d008ac5473,ENGENHARIA DE COMPUTAÇÃO
VAGA_d008ac5473,ENGENHARIA ELÉTRICA
VAGA_d008ac5473,SISTEMAS DE INFORMAÇÃO
VAGA_9a363826ef,CIÊNCIA DA COMPUTAÇÃO
VAGA_9a363826ef,ENGENHARIA DE COMPUTAÇÃO
VAGA_9a363826ef,ENGENHARIA ELÉTRICA
VAGA_9a363826ef,SISTEMAS DE INFORMAÇÃO
VAGA_e1f3c0e831,ADMINISTRAÇÃO
VAGA_e1f3c0e831,TECNOLOGO EM GESTAO FINANCEIRA
VAGA_0dda30f343,ADMINISTRAÇÃO
VAGA_0dda30f343,ENGENHARIA DE PRODUÇÃO
VAGA_0dda30f343,ENGENHARIA MECÂNICA
VAGA_d849d4310c,ADMINISTRAÇÃO
VAGA_d849d4310c,TECNOLOGO EM GESTAO FINANCEIRA
VAGA_606a79139c,ADMINISTRAÇÃO
VAGA_606a79139c,RELAÇÕES INTERNACIONAIS
VAGA_dd19aa84e6,ENGENHARIA CIVIL
VAGA_ab62aa1655,PEDAGOGIA
VAGA_78e85e37e2,ADMINISTRAÇÃO
VAGA_78e85e37e2,COMUNICAÇÃO SOCIAL
VAGA_78e85e37e2,ESTUDOS DE MÍDIA
VAGA_78e85e37e2,PUBLICIDADE E PROPAGANDA
VAGA_be801dece2,ENGENHARIA CIVIL
VAGA_93f8cc0180,PEDAGOGIA
VAGA_81bc9fd0b0,ENGENHARIA AMBIENTAL
VAGA_728004bdb6,ADMINISTRAÇÃO
VAGA_728004bdb6,TECNOLOGO EM GESTAO FINANCEIRA
VAGA_71abd5cf24,LETRAS
VAGA_71abd5cf24,PEDAGOGIA
VAGA_9f97fb55c3,ENGENHARIA ELÉTRICA
VAGA_fad390255f,CINEMA
VAGA_fad390255f,COMUNICAÇÃO SOCIAL
VAGA_fad390255f,ESTUDOS DE MÍDIA
VAGA_fad390255f,JORNALISMO
VAGA_fad390255f,PUBLICIDADE E PROPAGANDA
VAGA_4a3ee683e6,ADMINISTRAÇÃO
VAGA_4a3ee683e6,TECNOLOGO EM GESTAO FINANCEIRA
VAGA_2015d207de,PSICOLOGIA
VAGA_e64aa55691,ADMINISTRAÇÃO
VAGA_e64aa55691,TECNOLOGO EM GESTAO FINANCEIRA
VAGA_9fcd19cdf3,DESIGN
VAGA_c1491fb782,ENGENHARIA ELÉTRICA
VAGA_d8fc76549f,ADMINISTRAÇÃO
VAGA_d8fc76549f,ARTES CENICAS
VAGA_47a2668e95,ADMINISTRAÇÃO
VAGA_47a2668e95,ENGENHARIA DE PETRÓLEO
VAGA_47a2668e95,ENGENHARIA DE PRODUÇÃO
VAGA_62087b578f,DIREITO
VAGA_012622f66b,ADMINISTRAÇÃO
VAGA_012622f66b,TECNOLOGO EM GESTAO FINANCEIRA
VAGA_689bacd6ee,ADMINISTRAÇÃO
VAGA_689bacd6ee,TECNOLOGO EM GESTAO FINANCEIRA
VAGA_9243016b4c,ADMINISTRAÇÃO
VAGA_9243016b4c,COMUNICAÇÃO SOCIAL
VAGA_9243016b4c,ESTUDOS DE MÍDIA
VAGA_9243016b4c,PUBLICIDADE E PROPAGANDA
VAGA_a4fdd59fc0,ADMINISTRAÇÃO
VAGA_a4fdd59fc0,TECNOLOGO EM GESTAO FINANCEIRA
VAGA_6f27cbe55e,CINEMA
VAGA_6f27cbe55e,COMUNICAÇÃO SOCIAL
VAGA_6f27cbe55e,ESTUDOS DE MÍDIA
VAGA_6f27cbe55e,JORNALISMO
VAGA_6f27cbe55e,PUBLICIDADE E PROPAGANDA
VAGA_88bf37794d,ADMINISTRAÇÃO
VAGA_88bf37794d,TECNOLOGO EM GESTAO FINANCEIRA
VAGA_354b8781ee,ARQUITETURA E URBANISMO
VAGA_354b8781ee,CIÊNCIAS BIOLÓGICAS
VAGA_c1fc118a07,PEDAGOGIA
VAGA_ba60a4ef62,ADMINISTRAÇÃO
VAGA_ba60a4ef62,COMUNICAÇÃO SOCIAL
VAGA_ba60a4ef62,ESTUDOS DE MÍDIA
VAGA_ba60a4ef62,PUBLICIDADE E PROPAGANDA
VAGA_1cc3eacaa4,ADMINISTRAÇÃO
VAGA_1cc3eacaa4,TECNOLOGO EM GESTAO FINANCEIRA
VAGA_91c5b64dd2,ECONOMIA
VAGA_17760d93e3,PEDAGOGIA
VAGA_8ce26692ec,ADMINISTRAÇÃO
VAGA_8ce26692ec,TECNOLOGO EM GESTAO FINANCEIRA
VAGA_6f97673af8,ENGENHARIA DE PRODUÇÃO
VAGA_6f97673af8,ENGENHARIA DE PRODUÇÃO CIVIL
VAGA_6f97673af8,ENGENHARIA DE PRODUÇÃO ELÉTRICA
VAGA_6f97673af8,ENGENHARIA DE PRODUÇÃO MECÂNICA
VAGA_6f97673af8,ENGENHARIA DE PRODUÇÃO METALÚRGICA
VAGA_6f97673af8,ENGENHARIA DE PRODUÇÃO QUÍMICA
VAGA_4c42215536,LETRAS
VAGA_ffffc134bb,ADMINISTRAÇÃO
VAGA_ffffc134bb,TECNOLOGO EM GESTAO FINANCEIRA
VAGA_c1ec8df210,PEDAGOGIA
VAGA_73f982263c,ADMINISTRAÇÃO
VAGA_73f982263c,TECNOLOGO EM GESTAO FINANCEIRA
VAGA_da16cc5d46,ADMINISTRAÇÃO
VAGA_da16cc5d46,TECNOLOGO EM GESTAO FINANCEIRA
VAGA_0882d16da6,ADMINISTRAÇÃO
VAGA_0882d16da6,TECNOLOGO EM GESTAO FINANCEIRA
VAGA_55a4b57dbb,ENGENHARIA CIVIL
VAGA_55a4b57dbb,ENGENHARIA ELÉTRICA
VAGA_9f912fc7be,MATEMÁTICA
VAGA_fc6cdf07ee,ADMINISTRAÇÃO
VAGA_fc6cdf07ee,TECNOLOGO EM GESTAO FINANCEIRA
VAGA_4921b708bd,ADMINISTRAÇÃO
VAGA_4921b708bd,TECNOLOGO EM GESTAO FINANCEIRA
VAGA_5d163a31be,ECONOMIA
VAGA_659bd65c4f,ADMINISTRAÇÃO
VAGA_659bd65c4f,COMUNICAÇÃO SOCIAL
VAGA_659bd65c4f,ESTUDOS DE MÍDIA
VAGA_659bd65c4f,PUBLICIDADE E PROPAGANDA
VAGA_9007670436,ADMINISTRAÇÃO
VAGA_9007670436,COMUNICAÇÃO SOCIAL
VAGA_9007670436,ESTUDOS DE MÍDIA
VAGA_9007670436,PUBLICIDADE E PROPAGANDA
VAGA_4379a9ca3a,COMUNICAÇÃO VISUAL
VAGA_4379a9ca3a,DESIGN
VAGA_4379a9ca3a,MÍDIA DIGITAL
VAGA_4379a9ca3a,MODA
VAGA_4379a9ca3a,PROJETO DE PRODUTO
VAGA_624109009e,ADMINISTRAÇÃO
VAGA_624109009e,TECNOLOGO EM GESTAO FINANCEIRA
VAGA_ef0e517107,PEDAGOGIA
VAGA_013287b299,ADMINISTRAÇÃO
VAGA_013287b299,TECNOLOGO EM GESTAO FINANCEIRA
VAGA_42440a524c,ADMINISTRAÇÃO
VAGA_42440a524c,TECNOLOGO EM GESTAO FINANCEIRA
VAGA_a8c7785dfc,ADMINISTRAÇÃO
VAGA_a8c7785dfc,TECNOLOGO EM GESTAO FINANCEIRA
VAGA_7d34796265,PSICOLOGIA
VAGA_f1f2bb205d,CIÊNCIA DA COMPUTAÇÃO
VAGA_f1f2bb205d,ENGENHARIA DE COMPUTAÇÃO
VAGA_f1f2bb205d,ENGENHARIA ELÉTRICA
VAGA_f1f2bb205d,SISTEMAS DE INFORMAÇÃO
VAGA_71fe947133,ENGENHARIA CIVIL
VAGA_46f8a7a46b,ENGENHARIA ELÉTRICA
VAGA_a5e7d87122,ADMINISTRAÇÃO
VAGA_a5e7d87122,TECNOLOGO EM GESTAO FINANCEIRA
VAGA_77543e3974,ADMINISTRAÇÃO
VAGA_77543e3974,TECNOLOGO EM GESTAO FINANCEIRA
VAGA_c634e282cb,COMUNICAÇÃO VISUAL
VAGA_c634e282cb,DESIGN
VAGA_c634e282cb,MÍDIA DIGITAL
VAGA_c634e282cb,MODA
VAGA_c634e282cb,PROJETO DE PRODUTO
VAGA_f17704b96b,ENGENHARIA DE PRODUÇÃO
VAGA_f17704b96b,ENGENHARIA DE PRODUÇÃO CIVIL
VAGA_f17704b96b,ENGENHARIA DE PRODUÇÃO ELÉTRICA
VAGA_f17704b96b,ENGENHARIA DE PRODUÇÃO MECÂNICA
VAGA_f17704b96b,ENGENHARIA DE PRODUÇÃO METALÚRGICA
VAGA_f17704b96b,ENGENHARIA DE PRODUÇÃO QUÍMICA
VAGA_785e4bd49f,DIREITO
VAGA_e8ee1d3461,ENGENHARIA DE PRODUÇÃO
VAGA_e8ee1d3461,ENGENHARIA DE PRODUÇÃO CIVIL
VAGA_e8ee1d3461,ENGENHARIA DE PRODUÇÃO ELÉTRICA
VAGA_e8ee1d3461,ENGENHARIA DE PRODUÇÃO MECÂNICA
VAGA_e8ee1d3461,ENGENHARIA DE PRODUÇÃO METALÚRGICA
VAGA_e8ee1d3461,ENGENHARIA DE PRODUÇÃO QUÍMICA
VAGA_c9c817442c,ECONOMIA
VAGA_a78d9c2aed,PEDAGOGIA
VAGA_4ede6d4aac,PEDAGOGIA
VAGA_db86bf9b36,ADMINISTRAÇÃO
VAGA_db86bf9b36,TECNOLOGO EM GESTAO FINANCEIRA
VAGA_f2a1b2b65c,ENGENHARIA DE PRODUÇÃO
VAGA_f2a1b2b65c,ENGENHARIA DE PRODUÇÃO CIVIL
VAGA_f2a1b2b65c,ENGENHARIA DE PRODUÇÃO ELÉTRICA
VAGA_f2a1b2b65c,ENGENHARIA DE PRODUÇÃO MECÂNICA
VAGA_f2a1b2b65c,ENGENHARIA DE PRODUÇÃO METALÚRGICA
VAGA_f2a1b2b65c,ENGENHARIA DE PRODUÇÃO QUÍMICA
VAGA_a67edce80f,CIÊNCIA DA COMPUTAÇÃO
VAGA_a67edce80f,ENGENHARIA DE COMPUTAÇÃO
VAGA_a67edce80f,ENGENHARIA ELÉTRICA
VAGA_a67edce80f,SISTEMAS DE INFORMAÇÃO
VAGA_b6ac042421,DIREITO
VAGA_59dd5c38d4,COMUNICAÇÃO VISUAL
VAGA_59dd5c38d4,DESIGN
VAGA_59dd5c38d4,MÍDIA DIGITAL
VAGA_59dd5c38d4,MODA
VAGA_59dd5c38d4,PROJETO DE PRODUTO
VAGA_63c0a2101b,ADMINISTRAÇÃO
VAGA_63c0a2101b,TECNOLOGO EM GESTAO FINANCEIRA
VAGA_b9c38cdafa,PEDAGOGIA
VAGA_c6eed26b6f,ADMINISTRAÇÃO
VAGA_c6eed26b6f,TECNOLOGO EM GESTAO FINANCEIRA
VAGA_c295ff23a7,ADMINISTRAÇÃO
VAGA_c295ff23a7,TECNOLOGO EM GESTAO FINANCEIRA
VAGA_39819325a6,ENGENHARIA CIVIL
VAGA_6a84772849,ADMINISTRAÇÃO
VAGA_6a84772849,TECNOLOGO EM GESTAO FINANCEIRA
VAGA_52de1e50de,PEDAGOGIA
VAGA_b4499ac92a,PEDAGOGIA
VAGA_dfb60301de,ADMINISTRAÇÃO
VAGA_dfb60301de,ECONOMIA
VAGA_dfb60301de,ENGENHARIA CIVIL
VAGA_dfb60301de,ENGENHARIA DE PRODUÇÃO
VAGA_330863d5fa,PEDAGOGIA
VAGA_3799137550,ADMINISTRAÇÃO
VAGA_3799137550,TECNOLOGO EM GESTAO FINANCEIRA
VAGA_91ca19cbde,ADMINISTRAÇÃO
VAGA_91ca19cbde,TECNOLOGO EM GESTAO FINANCEIRA
VAGA_04d6382565,ENGENHARIA DE PRODUÇÃO MECÂNICA
VAGA_606ecebfaf,ADMINISTRAÇÃO
VAGA_606ecebfaf,TECNOLOGO EM GESTAO FINANCEIRA
VAGA_a21fcf1014,HISTÓRIA
VAGA_c9b6105148,ADMINISTRAÇÃO
VAGA_c9b6105148,TECNOLOGO EM GESTAO FINANCEIRA
VAGA_59f6cb5a0d,ADMINISTRAÇÃO
VAGA_59f6cb5a0d,ENGENHARIA DE PRODUÇÃO
VAGA_4168a93fa0,DIREITO
VAGA_e6ef0163a5,DIREITO
VAGA_dd895b93a7,ENGENHARIA ELÉTRICA
VAGA_93c80879f4,CINEMA
VAGA_93c80879f4,COMUNICAÇÃO SOCIAL
VAGA_93c80879f4,ESTUDOS DE MÍDIA
VAGA_93c80879f4,JORNALISMO
VAGA_93c80879f4,PUBLICIDADE E PROPAGANDA
VAGA_91b8b1d6c8,ADMINISTRAÇÃO
VAGA_91b8b1d6c8,TECNOLOGO EM GESTAO FINANCEIRA
VAGA_8c9967681a,DIREITO
VAGA_d0b1b09636,ADMINISTRAÇÃO
VAGA_d0b1b09636,ENGENHARIA DE PRODUÇÃO
VAGA_da1ee3ddcc,ADMINISTRAÇÃO
VAGA_da1ee3ddcc,TECNOLOGO EM GESTAO FINANCEIRA
VAGA_bcb611e657,ADMINISTRAÇÃO
VAGA_bcb611e657,TECNOLOGO EM GESTAO FINANCEIRA
VAGA_9344d8d90a,ADMINISTRAÇÃO
VAGA_9344d8d90a,TECNOLOGO EM GESTAO FINANCEIRA
VAGA_d7e73d7db9,ADMINISTRAÇÃO
VAGA_d7e73d7db9,TECNOLOGO EM GESTAO FINANCEIRA
VAGA_568dd82db9,CIÊNCIA DA COMPUTAÇÃO
VAGA_568dd82db9,ENGENHARIA DE COMPUTAÇÃO
VAGA_568dd82db9,ENGENHARIA ELÉTRICA
VAGA_568dd82db9,SISTEMAS DE INFORMAÇÃO
VAGA_82535b4e63,ADMINISTRAÇÃO
VAGA_82535b4e63,TECNOLOGO EM GESTAO FINANCEIRA
VAGA_7d891a31bd,ADMINISTRAÇÃO
VAGA_7d891a31bd,TECNOLOGO EM GESTAO FINANCEIRA
VAGA_c4e540bc47,LETRAS
VAGA_73bf8de616,DIREITO
VAGA_1b31a86358,PEDAGOGIA
VAGA_a2e559c64e,ADMINISTRAÇÃO
VAGA_0fdc665b7e,PEDAGOGIA
VAGA_719731a886,PEDAGOGIA
VAGA_b31d2cb6a8,PEDAGOGIA
VAGA_94d391b72f,DIREITO
VAGA_64f5221cc5,ARQUITETURA E URBANISMO
VAGA_67461b5994,PEDAGOGIA
VAGA_196be8e1d5,ENGENHARIA CIVIL
VAGA_688e988006,ENGENHARIA CIVIL
VAGA_1644b792c6,ADMINISTRAÇÃO
VAGA_1644b792c6,TECNOLOGO EM GESTAO FINANCEIRA
VAGA_ce5310f0d6,ADMINISTRAÇÃO
VAGA_ce5310f0d6,TECNOLOGO EM GESTAO FINANCEIRA
VAGA_758cfbab0b,DIREITO
VAGA_e71755c1ad,ADMINISTRAÇÃO
VAGA_e71755c1ad,TECNOLOGO EM GESTAO FINANCEIRA
VAGA_b39fee304f,DIREITO
VAGA_7c00646724,ENGENHARIA CIVIL
VAGA_cb8b05b0f0,ADMINISTRAÇÃO
VAGA_cb8b05b0f0,TECNOLOGO EM GESTAO FINANCEIRA
VAGA_e2f9540e20,ADMINISTRAÇÃO
VAGA_e2f9540e20,TECNOLOGO EM GESTAO FINANCEIRA
VAGA_757736914a,ENGENHARIA DE PRODUÇÃO
VAGA_757736914a,ENGENHARIA DE PRODUÇÃO CIVIL
VAGA_757736914a,ENGENHARIA DE PRODUÇÃO ELÉTRICA
VAGA_757736914a,ENGENHARIA DE PRODUÇÃO MECÂNICA
VAGA_757736914a,ENGENHARIA DE PRODUÇÃO METALÚRGICA
VAGA_757736914a,ENGENHARIA DE PRODUÇÃO QUÍMICA
VAGA_97950d8bc6,ADMINISTRAÇÃO
VAGA_97950d8bc6,TECNOLOGO EM GESTAO FINANCEIRA
VAGA_6f306a26ec,CIÊNCIA DA COMPUTAÇÃO
VAGA_6f306a26ec,ENGENHARIA DE COMPUTAÇÃO
VAGA_6f306a26ec,ENGENHARIA ELÉTRICA
VAGA_6f306a26ec,SISTEMAS DE INFORMAÇÃO
VAGA_cc34a363af,PEDAGOGIA
VAGA_ac5d705ad3,ADMINISTRAÇÃO
VAGA_ac5d705ad3,TECNOLOGO EM GESTAO FINANCEIRA
VAGA_608177dec6,ENGENHARIA DE PRODUÇÃO
VAGA_608177dec6,ENGENHARIA DE PRODUÇÃO CIVIL
VAGA_608177dec6,ENGENHARIA DE PRODUÇÃO ELÉTRICA
VAGA_608177dec6,ENGENHARIA DE PRODUÇÃO MECÂNICA
VAGA_608177dec6,ENGENHARIA DE PRODUÇÃO METALÚRGICA
VAGA_608177dec6,ENGENHARIA DE PRODUÇÃO QUÍMICA
VAGA_fb607958e2,ADMINISTRAÇÃO
VAGA_fb607958e2,ENGENHARIA AMBIENTAL
VAGA_fb607958e2,PUBLICIDADE E PROPAGANDA
VAGA_fb607958e2,RELAÇÕES INTERNACIONAIS
VAGA_31d48abba2,ADMINISTRAÇÃO
VAGA_eed8c1f89a,DESIGN
VAGA_a2fe966ef4,ENGENHARIA CIVIL
VAGA_380efe6f62,ARQUITETURA E URBANISMO
VAGA_dabb749be3,ADMINISTRAÇÃO
VAGA_dabb749be3,TECNOLOGO EM GESTAO FINANCEIRA
VAGA_6b02d6d6bf,ADMINISTRAÇÃO
VAGA_6b02d6d6bf,TECNOLOGO EM GESTAO FINANCEIRA
VAGA_6b570d62be,ADMINISTRAÇÃO
VAGA_6b570d62be,TECNOLOGO EM GESTAO FINANCEIRA
VAGA_5554b64d57,PEDAGOGIA
VAGA_ea90ebad19,ENGENHARIA CIVIL
VAGA_5912e6bef0,ADMINISTRAÇÃO
VAGA_5912e6bef0,TECNOLOGO EM GESTAO FINANCEIRA
VAGA_62c8d14057,ADMINISTRAÇÃO
VAGA_62c8d14057,TECNOLOGO EM GESTAO FINANCEIRA
VAGA_823b5b0ed4,ADMINISTRAÇÃO
VAGA_823b5b0ed4,TECNOLOGO EM GESTAO FINANCEIRA
VAGA_f9a2951a72,CINEMA
VAGA_f9a2951a72,COMUNICAÇÃO SOCIAL
VAGA_f9a2951a72,ESTUDOS DE MÍDIA
VAGA_f9a2951a72,JORNALISMO
VAGA_f9a2951a72,PUBLICIDADE E PROPAGANDA
VAGA_c62e6be7f5,ADMINISTRAÇÃO
VAGA_c62e6be7f5,ARQUITETURA E URBANISMO
VAGA_c62e6be7f5,CIÊNCIA DA COMPUTAÇÃO
VAGA_c62e6be7f5,DESIGN
VAGA_c62e6be7f5,DIREITO
VAGA_c62e6be7f5,ENGENHARIA DE PRODUÇÃO
VAGA_c62e6be7f5,ENGENHARIA QUÍMICA
VAGA_98b7d99210,COMUNICAÇÃO SOCIAL
VAGA_51948e741b,ADMINISTRAÇÃO
VAGA_51948e741b,TECNOLOGO EM GESTAO FINANCEIRA
VAGA_993954bf44,ADMINISTRAÇÃO
VAGA_993954bf44,TECNOLOGO EM GESTAO FINANCEIRA
VAGA_2b06a5482f,COMUNICAÇÃO VISUAL
VAGA_2b06a5482f,DESIGN
VAGA_2b06a5482f,MÍDIA DIGITAL
VAGA_2b06a5482f,MODA
VAGA_2b06a5482f,PROJETO DE PRODUTO
VAGA_93e49f3cf6,ADMINISTRAÇÃO
VAGA_93e49f3cf6,TECNOLOGO EM GESTAO FINANCEIRA
VAGA_d44a9edfd2,LETRAS
VAGA_467107817c,DIREITO
VAGA_b5dc9296ca,ADMINISTRAÇÃO
VAGA_b5dc9296ca,TECNOLOGO EM GESTAO FINANCEIRA
VAGA_5b05aafa5c,CIÊNCIA DA COMPUTAÇÃO
VAGA_5b05aafa5c,ENGENHARIA DE COMPUTAÇÃO
VAGA_5b05aafa5c,ENGENHARIA ELÉTRICA
VAGA_5b05aafa5c,SISTEMAS DE INFORMAÇÃO
VAGA_ab0b06910f,ADMINISTRAÇÃO
VAGA_ab0b06910f,TECNOLOGO EM GESTAO FINANCEIRA
VAGA_dac5a71282,DIREITO
VAGA_24bc9afa86,ARQUITETURA E URBANISMO
VAGA_9900585c6f,DIREITO
VAGA_aa34a98e70,ADMINISTRAÇÃO
VAGA_aa34a98e70,TECNOLOGO EM GESTAO FINANCEIRA
VAGA_162ccac416,DIREITO
VAGA_c4659441e9,PEDAGOGIA
VAGA_ddfe86df01,ENGENHARIA CIVIL
VAGA_9e3bfe96c3,ENGENHARIA CIVIL
VAGA_c8be0ed83e,ADMINISTRAÇÃO
VAGA_c8be0ed83e,TECNOLOGO EM GESTAO FINANCEIRA
VAGA_28566d1d1d,PSICOLOGIA
VAGA_f959dec03d,DIREITO
VAGA_2778cba36f,ADMINISTRAÇÃO
VAGA_2778cba36f,COMUNICAÇÃO SOCIAL
VAGA_2778cba36f,ESTUDOS DE MÍDIA
VAGA_2778cba36f,PUBLICIDADE E PROPAGANDA
VAGA_fd4e01a983,ADMINISTRAÇÃO
VAGA_fd4e01a983,TECNOLOGO EM GESTAO FINANCEIRA
VAGA_2de42788d0,ADMINISTRAÇÃO
VAGA_2de42788d0,TECNOLOGO EM GESTAO FINANCEIRA
VAGA_e3560e75c2,DIREITO
VAGA_105f663b58,DIREITO
VAGA_7a8e67db55,CIÊNCIA DA COMPUTAÇÃO
VAGA_7a8e67db55,ENGENHARIA DE COMPUTAÇÃO
VAGA_7a8e67db55,ENGENHARIA ELÉTRICA
VAGA_7a8e67db55,SISTEMAS DE INFORMAÇÃO
VAGA_53c7f8bd72,ARQUITETURA E URBANISMO
VAGA_dd58f8608b,ADMINISTRAÇÃO
VAGA_dd58f8608b,TECNOLOGO EM GESTAO FINANCEIRA
VAGA_8f95cad5e0,ADMINISTRAÇÃO
VAGA_8f95cad5e0,TECNOLOGO EM GESTAO FINANCEIRA
VAGA_de2a6995ba,ADMINISTRAÇÃO
VAGA_de2a6995ba,TECNOLOGO EM GESTAO FINANCEIRA
VAGA_c58c90ecc1,ENGENHARIA DE PRODUÇÃO
VAGA_c58c90ecc1,ENGENHARIA DE PRODUÇÃO CIVIL
VAGA_c58c90ecc1,ENGENHARIA DE PRODUÇÃO ELÉTRICA
VAGA_c58c90ecc1,ENGENHARIA DE PRODUÇÃO MECÂNICA
VAGA_c58c90ecc1,ENGENHARIA DE PRODUÇÃO METALÚRGICA
VAGA_c58c90ecc1,ENGENHARIA DE PRODUÇÃO QUÍMICA
VAGA_02ea46029f,DIREITO
VAGA_cde9dcc7c9,ENGENHARIA CIVIL
VAGA_be474ecdc1,ADMINISTRAÇÃO
VAGA_be474ecdc1,TECNOLOGO EM GESTAO FINANCEIRA
VAGA_19661727e2,ADMINISTRAÇÃO
VAGA_19661727e2,TECNOLOGO EM GESTAO FINANCEIRA
VAGA_cf239cb56f,ADMINISTRAÇÃO
VAGA_cf239cb56f,TECNOLOGO EM GESTAO FINANCEIRA
VAGA_7d670e4e2c,ADMINISTRAÇÃO
VAGA_7d670e4e2c,ECONOMIA
VAGA_7d670e4e2c,ENGENHARIA AMBIENTAL
VAGA_7d670e4e2c,ENGENHARIA CIVIL
VAGA_7d670e4e2c,ENGENHARIA DE CONTROLE E AUTOMAÇÃO
VAGA_7d670e4e2c,ENGENHARIA DE PETRÓLEO
VAGA_7d670e4e2c,ENGENHARIA DE PRODUÇÃO
VAGA_7d670e4e2c,ENGENHARIA ELÉTRICA
VAGA_7d670e4e2c,ENGENHARIA MECÂNICA
VAGA_7d670e4e2c,ENGENHARIA QUÍMICA
VAGA_7d670e4e2c,JORNALISMO
VAGA_586c8f2107,PEDAGOGIA
VAGA_4ed0765704,ENGENHARIA ELÉTRICA
VAGA_e469beac70,PEDAGOGIA
VAGA_4c83bf1f7a,ADMINISTRAÇÃO
VAGA_4c83bf1f7a,COMUNICAÇÃO SOCIAL
VAGA_4c83bf1f7a,ESTUDOS DE MÍDIA
VAGA_4c83bf1f7a,PUBLICIDADE E PROPAGANDA
VAGA_b106355373,ADMINISTRAÇÃO
VAGA_b106355373,TECNOLOGO EM GESTAO FINANCEIRA
VAGA_2147a74b2b,ADMINISTRAÇÃO
VAGA_2147a74b2b,TECNOLOGO EM GESTAO FINANCEIRA
VAGA_a35d271709,ADMINISTRAÇÃO
VAGA_a35d271709,TECNOLOGO EM GESTAO FINANCEIRA
VAGA_8cd1c4dd04,ADMINISTRAÇÃO
VAGA_8cd1c4dd04,TECNOLOGO EM GESTAO FINANCEIRA
VAGA_6184088422,ENGENHARIA CIVIL
VAGA_b7df3aa0ea,DIREITO
VAGA_3b46974072,ADMINISTRAÇÃO
VAGA_3b46974072,COMUNICAÇÃO SOCIAL
VAGA_3b46974072,ESTUDOS DE MÍDIA
VAGA_3b46974072,PUBLICIDADE E PROPAGANDA
VAGA_ef59753763,ADMINISTRAÇÃO
VAGA_ef59753763,ECONOMIA
VAGA_ef59753763,ENGENHARIA DE PRODUÇÃO
VAGA_929765e829,CINEMA
VAGA_929765e829,COMUNICAÇÃO SOCIAL
VAGA_929765e829,ESTUDOS DE MÍDIA
VAGA_929765e829,JORNALISMO
VAGA_929765e829,PUBLICIDADE E PROPAGANDA
VAGA_4b43f896da,ADMINISTRAÇÃO
VAGA_4b43f896da,TECNOLOGO EM GESTAO FINANCEIRA
VAGA_0469bf3d48,PEDAGOGIA
VAGA_d93daab7f7,ADMINISTRAÇÃO
VAGA_d93daab7f7,TECNOLOGO EM GESTAO FINANCEIRA
VAGA_26cf8cb0b5,CINEMA
VAGA_26cf8cb0b5,COMUNICAÇÃO SOCIAL
VAGA_26cf8cb0b5,ESTUDOS DE MÍDIA
VAGA_26cf8cb0b5,JORNALISMO
VAGA_26cf8cb0b5,PUBLICIDADE E PROPAGANDA
VAGA_bb57d34864,ADMINISTRAÇÃO
VAGA_bb57d34864,TECNOLOGO EM GESTAO FINANCEIRA
VAGA_4752090241,ADMINISTRAÇÃO
VAGA_4752090241,TECNOLOGO EM GESTAO FINANCEIRA
VAGA_fbd69dd0fc,ARQUITETURA E URBANISMO
VAGA_dd6045489a,ADMINISTRAÇÃO
VAGA_dd6045489a,TECNOLOGO EM GESTAO FINANCEIRA
VAGA_ec230efa56,ADMINISTRAÇÃO
VAGA_ec230efa56,TECNOLOGO EM GESTAO FINANCEIRA
VAGA_92c7961c08,ADMINISTRAÇÃO
VAGA_92c7961c08,TECNOLOGO EM GESTAO FINANCEIRA
VAGA_995836b75c,DIREITO
VAGA_25a76c22fd,ENGENHARIA CIVIL
VAGA_ad39b5a99d,PSICOLOGIA
VAGA_96a24cd8ab,ENGENHARIA ELÉTRICA
VAGA_255c0dc2ff,ADMINISTRAÇÃO
VAGA_255c0dc2ff,TECNOLOGO EM GESTAO FINANCEIRA
VAGA_d973de213d,ADMINISTRAÇÃO
VAGA_d973de213d,TECNOLOGO EM GESTAO FINANCEIRA
VAGA_c66607dc84,ADMINISTRAÇÃO
VAGA_c66607dc84,TECNOLOGO EM GESTAO FINANCEIRA
VAGA_5540b6bfd2,ENGENHARIA CIVIL
VAGA_2713b5fa88,PEDAGOGIA
VAGA_0bcb523ea4,ADMINISTRAÇÃO
VAGA_0bcb523ea4,TECNOLOGO EM GESTAO FINANCEIRA
VAGA_eee076730c,CIÊNCIA DA COMPUTAÇÃO
VAGA_eee076730c,ENGENHARIA DE COMPUTAÇÃO
VAGA_eee076730c,ENGENHARIA ELÉTRICA
VAGA_eee076730c,SISTEMAS DE INFORMAÇÃO
VAGA_32831b8e3f,CIÊNCIA DA COMPUTAÇÃO
VAGA_32831b8e3f,ENGENHARIA DE COMPUTAÇÃO
VAGA_32831b8e3f,ENGENHARIA ELÉTRICA
VAGA_32831b8e3f,SISTEMAS DE INFORMAÇÃO
VAGA_12d0bcdebd,CIÊNCIA DA COMPUTAÇÃO
VAGA_12d0bcdebd,ENGENHARIA DE COMPUTAÇÃO
VAGA_12d0bcdebd,ENGENHARIA ELÉTRICA
VAGA_12d0bcdebd,SISTEMAS DE INFORMAÇÃO
VAGA_f39052e03f,PEDAGOGIA
VAGA_d30ea730dd,ADMINISTRAÇÃO
VAGA_d30ea730dd,COMUNICAÇÃO SOCIAL
VAGA_d30ea730dd,ESTUDOS DE MÍDIA
VAGA_d30ea730dd,PUBLICIDADE E PROPAGANDA
VAGA_a5336756df,DIREITO
VAGA_9a6e6d5914,ADMINISTRAÇÃO
VAGA_9a6e6d5914,TECNOLOGO EM GESTAO FINANCEIRA
VAGA_857579cc70,ADMINISTRAÇÃO
VAGA_857579cc70,TECNOLOGO EM GESTAO FINANCEIRA
VAGA_ff86b08f66,ENGENHARIA CIVIL
VAGA_d536d09b7b,ADMINISTRAÇÃO
VAGA_d536d09b7b,TECNOLOGO EM GESTAO FINANCEIRA
VAGA_b37e409c2c,ENGENHARIA CIVIL
VAGA_1610aafb32,ADMINISTRAÇÃO
VAGA_1610aafb32,TECNOLOGO EM GESTAO FINANCEIRA
VAGA_d491ea9e52,ENGENHARIA CIVIL
VAGA_4962e85a8c,ADMINISTRAÇÃO
VAGA_4962e85a8c,TECNOLOGO EM GESTAO FINANCEIRA
VAGA_ef563432bc,PEDAGOGIA
VAGA_77298c4615,DIREITO
VAGA_ef20ae7da3,ARQUITETURA E URBANISMO
VAGA_9d0fd0a986,PEDAGOGIA
VAGA_6704bdfc80,ADMINISTRAÇÃO
VAGA_6704bdfc80,TECNOLOGO EM GESTAO FINANCEIRA
VAGA_da5989e17b,DIREITO
VAGA_8133c799d9,ADMINISTRAÇÃO
VAGA_8133c799d9,TECNOLOGO EM GESTAO FINANCEIRA
VAGA_06d8662728,DIREITO
VAGA_93da307c7b,DIREITO
VAGA_eab51b07d3,ADMINISTRAÇÃO
VAGA_eab51b07d3,TECNOLOGO EM GESTAO FINANCEIRA
VAGA_c1c791a93c,ENGENHARIA CIVIL
VAGA_01f90cb84d,COMUNICAÇÃO VISUAL
VAGA_01f90cb84d,DESIGN
VAGA_01f90cb84d,MÍDIA DIGITAL
VAGA_01f90cb84d,MODA
VAGA_01f90cb84d,PROJETO DE PRODUTO
VAGA_05bcd922d4,CINEMA
VAGA_05bcd922d4,COMUNICAÇÃO SOCIAL
VAGA_05bcd922d4,ESTUDOS DE MÍDIA
VAGA_05bcd922d4,JORNALISMO
VAGA_05bcd922d4,PUBLICIDADE E PROPAGANDA
VAGA_4ae0064bff,ADMINISTRAÇÃO
VAGA_4ae0064bff,TECNOLOGO EM GESTAO FINANCEIRA
VAGA_c9de19419c,ENGENHARIA CIVIL
VAGA_ea4301dd1a,ADMINISTRAÇÃO
VAGA_ea4301dd1a,TECNOLOGO EM GESTAO FINANCEIRA
VAGA_3abdecb605,ADMINISTRAÇÃO
VAGA_3abdecb605,ARQUITETURA E URBANISMO
VAGA_3abdecb605,COMUNICAÇÃO SOCIAL
VAGA_3abdecb605,DIREITO
VAGA_3abdecb605,ENGENHARIA AMBIENTAL
VAGA_3abdecb605,ENGENHARIA CIVIL
VAGA_3abdecb605,ENGENHARIA DE COMPUTAÇÃO
VAGA_3abdecb605,ENGENHARIA DE PRODUÇÃO
VAGA_3abdecb605,ENGENHARIA ELÉTRICA
VAGA_6d09c459e5,ENGENHARIA DE PRODUÇÃO
VAGA_874622ff0b,RELAÇÕES INTERNACIONAIS
VAGA_8532d408b4,PEDAGOGIA
VAGA_998683d20a,ADMINISTRAÇÃO
VAGA_998683d20a,TECNOLOGO EM GESTAO FINANCEIRA
VAGA_4fa068ef7d,ENGENHARIA DE PRODUÇÃO
VAGA_4fa068ef7d,ENGENHARIA DE PRODUÇÃO CIVIL
VAGA_4fa068ef7d,ENGENHARIA DE PRODUÇÃO ELÉTRICA
VAGA_4fa068ef7d,ENGENHARIA DE PRODUÇÃO MECÂNICA
VAGA_4fa068ef7d,ENGENHARIA DE PRODUÇÃO METALÚRGICA
VAGA_4fa068ef7d,ENGENHARIA DE PRODUÇÃO QUÍMICA
VAGA_c936055078,ADMINISTRAÇÃO
VAGA_c936055078,TECNOLOGO EM GESTAO FINANCEIRA
VAGA_dc924e903c,ADMINISTRAÇÃO
VAGA_dc924e903c,TECNOLOGO EM GESTAO FINANCEIRA
VAGA_afaf0616bd,ADMINISTRAÇÃO
VAGA_afaf0616bd,TECNOLOGO EM GESTAO FINANCEIRA
VAGA_3cef729ddd,ADMINISTRAÇÃO
VAGA_3cef729ddd,TECNOLOGO EM GESTAO FINANCEIRA
VAGA_7d3850abc6,ADMINISTRAÇÃO
VAGA_7d3850abc6,TECNOLOGO EM GESTAO FINANCEIRA
VAGA_3b8f1176c9,ADMINISTRAÇÃO
VAGA_3b8f1176c9,TECNOLOGO EM GESTAO FINANCEIRA
VAGA_7ec50ca005,ENGENHARIA DE PRODUÇÃO
VAGA_18350dad78,JORNALISMO
VAGA_ef230fcec8,ADMINISTRAÇÃO
VAGA_ef230fcec8,COMUNICAÇÃO SOCIAL
VAGA_ef230fcec8,ESTUDOS DE MÍDIA
VAGA_ef230fcec8,PUBLICIDADE E PROPAGANDA
VAGA_97b5865ce2,PEDAGOGIA
VAGA_2468d1a72c,ADMINISTRAÇÃO
VAGA_2468d1a72c,TECNOLOGO EM GESTAO FINANCEIRA
VAGA_658dbd651b,ENGENHARIA CIVIL
VAGA_11b7a2ecad,COMUNICAÇÃO VISUAL
VAGA_11b7a2ecad,DESIGN
VAGA_11b7a2ecad,MÍDIA DIGITAL
VAGA_11b7a2ecad,MODA
VAGA_11b7a2ecad,PROJETO DE PRODUTO
VAGA_86112082f1,DIREITO
VAGA_7c2b7cc0a5,PEDAGOGIA
VAGA_90f7564d63,ADMINISTRAÇÃO
VAGA_90f7564d63,COMUNICAÇÃO SOCIAL
VAGA_90f7564d63,ESTUDOS DE MÍDIA
VAGA_90f7564d63,PUBLICIDADE E PROPAGANDA
VAGA_e01890e919,DIREITO
VAGA_e5c6581303,CIÊNCIA DA COMPUTAÇÃO
VAGA_e5c6581303,ENGENHARIA DE COMPUTAÇÃO
VAGA_e5c6581303,ENGENHARIA ELÉTRICA
VAGA_e5c6581303,SISTEMAS DE INFORMAÇÃO
VAGA_a3894183f2,ADMINISTRAÇÃO
VAGA_a3894183f2,TECNOLOGO EM GESTAO FINANCEIRA
VAGA_ad1b09fc23,PEDAGOGIA
VAGA_956e45abc1,DIREITO
VAGA_2cf2e9ae24,PEDAGOGIA
VAGA_5220409092,ADMINISTRAÇÃO
VAGA_5220409092,TECNOLOGO EM GESTAO FINANCEIRA
VAGA_6189929274,PEDAGOGIA
VAGA_9a311871ba,PEDAGOGIA
VAGA_4bf2599532,COMUNICAÇÃO VISUAL
VAGA_4bf2599532,DESIGN
VAGA_4bf2599532,MÍDIA DIGITAL
VAGA_4bf2599532,MODA
VAGA_4bf2599532,PROJETO DE PRODUTO
VAGA_42f90ebd19,ADMINISTRAÇÃO
VAGA_42f90ebd19,TECNOLOGO EM GESTAO FINANCEIRA
VAGA_7b40802b4e,ADMINISTRAÇÃO
VAGA_7b40802b4e,TECNOLOGO EM GESTAO FINANCEIRA
VAGA_048cbb6a5b,ADMINISTRAÇÃO
VAGA_048cbb6a5b,TECNOLOGO EM GESTAO FINANCEIRA
VAGA_58d96fd71d,ADMINISTRAÇÃO
VAGA_58d96fd71d,TECNOLOGO EM GESTAO FINANCEIRA
VAGA_b66ef7affb,LETRAS
VAGA_1d5f2de6f0,LETRAS
VAGA_8607280f94,ADMINISTRAÇÃO
VAGA_8607280f94,TECNOLOGO EM GESTAO FINANCEIRA
VAGA_1b52388acc,ARQUITETURA E URBANISMO
VAGA_d994eca209,ADMINISTRAÇÃO
VAGA_d994eca209,ENGENHARIA DE PRODUÇÃO
VAGA_915d8d763e,PEDAGOGIA
VAGA_2e9170a6ef,ADMINISTRAÇÃO
VAGA_2e9170a6ef,TECNOLOGO EM GESTAO FINANCEIRA
VAGA_809c854a4c,ENGENHARIA CIVIL
VAGA_f93ab466ad,DIREITO
VAGA_51e11a5cd2,CIÊNCIA DA COMPUTAÇÃO
VAGA_51e11a5cd2,ENGENHARIA DE COMPUTAÇÃO
VAGA_51e11a5cd2,ENGENHARIA ELÉTRICA
VAGA_51e11a5cd2,SISTEMAS DE INFORMAÇÃO
VAGA_0616d9e4cd,ADMINISTRAÇÃO
VAGA_0616d9e4cd,COMUNICAÇÃO SOCIAL
VAGA_0616d9e4cd,ESTUDOS DE MÍDIA
VAGA_0616d9e4cd,PUBLICIDADE E PROPAGANDA
VAGA_52a1d35183,ADMINISTRAÇÃO
VAGA_52a1d35183,TECNOLOGO EM GESTAO FINANCEIRA
VAGA_8fc94cbd00,ADMINISTRAÇÃO
VAGA_8fc94cbd00,TECNOLOGO EM GESTAO FINANCEIRA
VAGA_e435beb7d4,ADMINISTRAÇÃO
VAGA_e435beb7d4,COMUNICAÇÃO SOCIAL
VAGA_e435beb7d4,MÍDIA DIGITAL
VAGA_e435beb7d4,PUBLICIDADE E PROPAGANDA
VAGA_b38aa17174,ARQUITETURA E URBANISMO
VAGA_43484e7dfc,ADMINISTRAÇÃO
VAGA_43484e7dfc,TECNOLOGO EM GESTAO FINANCEIRA
VAGA_2257b91074,CIÊNCIA DA COMPUTAÇÃO
VAGA_2257b91074,ENGENHARIA DE COMPUTAÇÃO
VAGA_2257b91074,ENGENHARIA ELÉTRICA
VAGA_2257b91074,SISTEMAS DE INFORMAÇÃO
VAGA_ad8b1edbef,DIREITO
VAGA_2bfc04b795,DIREITO
VAGA_7057dda33a,ADMINISTRAÇÃO
VAGA_7057dda33a,COMUNICAÇÃO SOCIAL
VAGA_7057dda33a,ESTUDOS DE MÍDIA
VAGA_7057dda33a,PUBLICIDADE E PROPAGANDA
VAGA_f3daeeea07,ENGENHARIA CIVIL
VAGA_c925cdd0df,DIREITO
VAGA_d3486af4c3,PEDAGOGIA
VAGA_6a5fcbde5c,ADMINISTRAÇÃO
VAGA_6a5fcbde5c,TECNOLOGO EM GESTAO FINANCEIRA
VAGA_7a69bc20ec,PSICOLOGIA
VAGA_0e22b781a6,ADMINISTRAÇÃO
VAGA_0e22b781a6,TECNOLOGO EM GESTAO FINANCEIRA
VAGA_84320160f9,ENGENHARIA CIVIL
VAGA_9ab29d276a,ARQUITETURA E URBANISMO
VAGA_03868d666a,ADMINISTRAÇÃO
VAGA_03868d666a,TECNOLOGO EM GESTAO FINANCEIRA
VAGA_5281a03c69,DIREITO
VAGA_e12827204f,ADMINISTRAÇÃO
VAGA_e12827204f,TECNOLOGO EM GESTAO FINANCEIRA
VAGA_8231aef9e2,ADMINISTRAÇÃO
VAGA_8231aef9e2,TECNOLOGO EM GESTAO FINANCEIRA
VAGA_0dcdb12e4e,CIÊNCIA DA COMPUTAÇÃO
VAGA_0dcdb12e4e,ENGENHARIA DE COMPUTAÇÃO
VAGA_0dcdb12e4e,ENGENHARIA ELÉTRICA
VAGA_0dcdb12e4e,SISTEMAS DE INFORMAÇÃO
VAGA_8c0fdaf68d,ADMINISTRAÇÃO
VAGA_8c0fdaf68d,TECNOLOGO EM GESTAO FINANCEIRA
VAGA_7d98079d25,DIREITO
VAGA_5324db0033,PEDAGOGIA
VAGA_c2307a4d9d,PSICOLOGIA
VAGA_a6b787d66c,ADMINISTRAÇÃO
VAGA_a6b787d66c,TECNOLOGO EM GESTAO FINANCEIRA
VAGA_0feb4e934a,ADMINISTRAÇÃO
VAGA_7423f85dd8,ADMINISTRAÇÃO
VAGA_7423f85dd8,ECONOMIA
VAGA_7423f85dd8,ENGENHARIA DE PRODUÇÃO
VAGA_f5a6f6f211,ADMINISTRAÇÃO
VAGA_f5a6f6f211,ECONOMIA
VAGA_f5a6f6f211,ENGENHARIA DE PRODUÇÃO
VAGA_63594eae50,ADMINISTRAÇÃO
VAGA_63594eae50,TECNOLOGO EM GESTAO FINANCEIRA
VAGA_d440714d48,COMUNICAÇÃO VISUAL
VAGA_d440714d48,DESIGN
VAGA_d440714d48,MÍDIA DIGITAL
VAGA_d440714d48,MODA
VAGA_d440714d48,PROJETO DE PRODUTO
VAGA_dcd23a67ae,ENGENHARIA CIVIL
VAGA_6607aba057,ADMINISTRAÇÃO
VAGA_6607aba057,TECNOLOGO EM GESTAO FINANCEIRA
VAGA_a4701544f3,ADMINISTRAÇÃO
VAGA_a4701544f3,TECNOLOGO EM GESTAO FINANCEIRA
VAGA_d52d7a4f10,ADMINISTRAÇÃO
VAGA_d52d7a4f10,TECNOLOGO EM GESTAO FINANCEIRA
VAGA_e9e3a44232,ADMINISTRAÇÃO
VAGA_e9e3a44232,TECNOLOGO EM GESTAO FINANCEIRA
VAGA_d3ef0bc293,PSICOLOGIA
VAGA_35c34b9a50,ADMINISTRAÇÃO
VAGA_35c34b9a50,TECNOLOGO EM GESTAO FINANCEIRA
VAGA_348184c9ed,ADMINISTRAÇÃO
VAGA_348184c9ed,TECNOLOGO EM GESTAO FINANCEIRA
VAGA_9aedacb7dc,NUTRIÇÃO
VAGA_35c83bb751,ADMINISTRAÇÃO
VAGA_35c83bb751,TECNOLOGO EM GESTAO FINANCEIRA
VAGA_b26567f281,DIREITO
VAGA_c5909241dc,ENGENHARIA CIVIL
VAGA_0a32dc0847,ENGENHARIA CIVIL
VAGA_4baf3793d1,ADMINISTRAÇÃO
VAGA_4baf3793d1,TECNOLOGO EM GESTAO FINANCEIRA
VAGA_05f934592d,ADMINISTRAÇÃO
VAGA_05f934592d,TECNOLOGO EM GESTAO FINANCEIRA
VAGA_9c4368747d,ADMINISTRAÇÃO
VAGA_9c4368747d,TECNOLOGO EM GESTAO FINANCEIRA
VAGA_58c738058b,ENGENHARIA DE PRODUÇÃO
VAGA_58c738058b,ENGENHARIA DE PRODUÇÃO CIVIL
VAGA_58c738058b,ENGENHARIA DE PRODUÇÃO ELÉTRICA
VAGA_58c738058b,ENGENHARIA DE PRODUÇÃO MECÂNICA
VAGA_58c738058b,ENGENHARIA DE PRODUÇÃO METALÚRGICA
VAGA_58c738058b,ENGENHARIA DE PRODUÇÃO QUÍMICA
VAGA_a7ea0546f2,RELAÇÕES INTERNACIONAIS
VAGA_0ec1559e94,ADMINISTRAÇÃO
VAGA_0ec1559e94,TECNOLOGO EM GESTAO FINANCEIRA
VAGA_cc32aa010b,ADMINISTRAÇÃO
VAGA_cc32aa010b,TECNOLOGO EM GESTAO FINANCEIRA
VAGA_44b5e88e89,ADMINISTRAÇÃO
VAGA_dfbc3fbd26,ARQUITETURA E URBANISMO
VAGA_15de030fc5,CIÊNCIA DA COMPUTAÇÃO
VAGA_15de030fc5,ENGENHARIA DE COMPUTAÇÃO
VAGA_15de030fc5,ENGENHARIA ELÉTRICA
VAGA_15de030fc5,SISTEMAS DE INFORMAÇÃO
VAGA_70b7db5706,DIREITO
VAGA_106c63afec,ENGENHARIA DE PRODUÇÃO
VAGA_106c63afec,ENGENHARIA DE PRODUÇÃO CIVIL
VAGA_106c63afec,ENGENHARIA DE PRODUÇÃO ELÉTRICA
VAGA_106c63afec,ENGENHARIA DE PRODUÇÃO MECÂNICA
VAGA_106c63afec,ENGENHARIA DE PRODUÇÃO METALÚRGICA
VAGA_106c63afec,ENGENHARIA DE PRODUÇÃO QUÍMICA
VAGA_80f2ef8eac,ADMINISTRAÇÃO
VAGA_80f2ef8eac,TECNOLOGO EM GESTAO FINANCEIRA
VAGA_fe825127a2,ENGENHARIA DE PRODUÇÃO
VAGA_fe825127a2,ENGENHARIA DE PRODUÇÃO CIVIL
VAGA_fe825127a2,ENGENHARIA DE PRODUÇÃO ELÉTRICA
VAGA_fe825127a2,ENGENHARIA DE PRODUÇÃO MECÂNICA
VAGA_fe825127a2,ENGENHARIA DE PRODUÇÃO METALÚRGICA
VAGA_fe825127a2,ENGENHARIA DE PRODUÇÃO QUÍMICA
VAGA_c490b16f81,ADMINISTRAÇÃO
VAGA_45b32524cd,ENGENHARIA CIVIL
VAGA_390129c07e,ENGENHARIA CIVIL
VAGA_b7f5b9b096,ADMINISTRAÇÃO
VAGA_b7f5b9b096,TECNOLOGO EM GESTAO FINANCEIRA
VAGA_eb4829109f,ADMINISTRAÇÃO
VAGA_eb4829109f,TECNOLOGO EM GESTAO FINANCEIRA
VAGA_d49b39cf7a,ADMINISTRAÇÃO
VAGA_d49b39cf7a,TECNOLOGO EM GESTAO FINANCEIRA
VAGA_88a1219f57,NUTRIÇÃO
VAGA_0e5b924534,CIÊNCIA DA COMPUTAÇÃO
VAGA_0e5b924534,ENGENHARIA DE COMPUTAÇÃO
VAGA_0e5b924534,ENGENHARIA ELÉTRICA
VAGA_0e5b924534,SISTEMAS DE INFORMAÇÃO
VAGA_aa27652293,ENGENHARIA CIVIL
VAGA_01cae7c485,ADMINISTRAÇÃO
VAGA_01cae7c485,TECNOLOGO EM GESTAO FINANCEIRA
VAGA_7a045ccde6,CIÊNCIA DA COMPUTAÇÃO
VAGA_7a045ccde6,ENGENHARIA DE COMPUTAÇÃO
VAGA_7a045ccde6,ENGENHARIA ELÉTRICA
VAGA_7a045ccde6,SISTEMAS DE INFORMAÇÃO
VAGA_bd649d2235,CIÊNCIA DA COMPUTAÇÃO
VAGA_bd649d2235,ENGENHARIA DE COMPUTAÇÃO
VAGA_bd649d2235,ENGENHARIA ELÉTRICA
VAGA_bd649d2235,SISTEMAS DE INFORMAÇÃO
VAGA_ccdbdd9102,DIREITO
VAGA_0690715ecc,ADMINISTRAÇÃO
VAGA_0690715ecc,TECNOLOGO EM GESTAO FINANCEIRA
VAGA_1b80635cd6,ADMINISTRAÇÃO
VAGA_1b80635cd6,TECNOLOGO EM GESTAO FINANCEIRA
VAGA_8200913c93,ADMINISTRAÇÃO
VAGA_8200913c93,COMUNICAÇÃO SOCIAL
VAGA_8200913c93,ESTUDOS DE MÍDIA
VAGA_8200913c93,PUBLICIDADE E PROPAGANDA
VAGA_06c3d3b0cc,DIREITO
VAGA_97c58a07d4,ENGENHARIA AMBIENTAL
VAGA_9f862a46e5,ADMINISTRAÇÃO
VAGA_9f862a46e5,COMUNICAÇÃO SOCIAL
VAGA_09c49e9eec,ADMINISTRAÇÃO
VAGA_09c49e9eec,TECNOLOGO EM GESTAO FINANCEIRA
VAGA_0caeb97d96,ADMINISTRAÇÃO
VAGA_0caeb97d96,TECNOLOGO EM GESTAO FINANCEIRA
VAGA_933cc0f4e0,ADMINISTRAÇÃO
VAGA_933cc0f4e0,TECNOLOGO EM GESTAO FINANCEIRA
VAGA_71f81c98f9,CIÊNCIA DA COMPUTAÇÃO
VAGA_c91abef12b,PEDAGOGIA
VAGA_864697c69d,ADMINISTRAÇÃO
VAGA_864697c69d,TECNOLOGO EM GESTAO FINANCEIRA
VAGA_db69e31182,ADMINISTRAÇÃO
VAGA_db69e31182,TECNOLOGO EM GESTAO FINANCEIRA
VAGA_4338518eee,ENGENHARIA CIVIL
VAGA_46f6280dca,PEDAGOGIA
VAGA_869c822080,ADMINISTRAÇÃO
VAGA_869c822080,TECNOLOGO EM GESTAO FINANCEIRA
VAGA_59f77a249d,ADMINISTRAÇÃO
VAGA_59f77a249d,TECNOLOGO EM GESTAO FINANCEIRA
VAGA_043beb0cfe,DIREITO
VAGA_d0167b3e90,ADMINISTRAÇÃO
VAGA_d0167b3e90,TECNOLOGO EM GESTAO FINANCEIRA
VAGA_65086f09d7,CINEMA
VAGA_65086f09d7,COMUNICAÇÃO SOCIAL
VAGA_65086f09d7,ESTUDOS DE MÍDIA
VAGA_65086f09d7,JORNALISMO
VAGA_65086f09d7,PUBLICIDADE E PROPAGANDA
VAGA_65cb7a7d69,ADMINISTRAÇÃO
VAGA_65cb7a7d69,TECNOLOGO EM GESTAO FINANCEIRA
VAGA_72dbf0329b,ADMINISTRAÇÃO
VAGA_72dbf0329b,TECNOLOGO EM GESTAO FINANCEIRA
VAGA_b228deb7dc,ADMINISTRAÇÃO
VAGA_b228deb7dc,TECNOLOGO EM GESTAO FINANCEIRA
VAGA_751563a5c6,ADMINISTRAÇÃO
VAGA_751563a5c6,TECNOLOGO EM GESTAO FINANCEIRA
VAGA_341636db4a,ADMINISTRAÇÃO
VAGA_341636db4a,TECNOLOGO EM GESTAO FINANCEIRA
VAGA_1cb9fd48a1,NUTRIÇÃO
VAGA_8c40a6cc1a,ENGENHARIA DE PRODUÇÃO MECÂNICA
VAGA_137e3b93f3,CIÊNCIA DA COMPUTAÇÃO
VAGA_137e3b93f3,ENGENHARIA DE COMPUTAÇÃO
VAGA_137e3b93f3,ENGENHARIA ELÉTRICA
VAGA_137e3b93f3,SISTEMAS DE INFORMAÇÃO
VAGA_fd2c3ad673,ADMINISTRAÇÃO
VAGA_fd2c3ad673,TECNOLOGO EM GESTAO FINANCEIRA
VAGA_7e6c61c7db,CIÊNCIA DA COMPUTAÇÃO
VAGA_7e6c61c7db,ENGENHARIA DE COMPUTAÇÃO
VAGA_7e6c61c7db,ENGENHARIA ELÉTRICA
VAGA_7e6c61c7db,SISTEMAS DE INFORMAÇÃO
VAGA_ff2b6ddbb7,ADMINISTRAÇÃO
VAGA_ff2b6ddbb7,TECNOLOGO EM GESTAO FINANCEIRA
VAGA_57de260d79,PEDAGOGIA
VAGA_710603336c,CIÊNCIA DA COMPUTAÇÃO
VAGA_710603336c,ENGENHARIA DE COMPUTAÇÃO
VAGA_710603336c,ENGENHARIA ELÉTRICA
VAGA_710603336c,SISTEMAS DE INFORMAÇÃO
VAGA_008d13fada,DIREITO
VAGA_2144c5d1ad,ADMINISTRAÇÃO
VAGA_2144c5d1ad,TECNOLOGO EM GESTAO FINANCEIRA
VAGA_4ded7c7418,PEDAGOGIA
VAGA_946b53bb08,PEDAGOGIA
VAGA_d6d709de70,ADMINISTRAÇÃO
VAGA_d6d709de70,TECNOLOGO EM GESTAO FINANCEIRA
VAGA_8604f175ee,CIÊNCIA DA COMPUTAÇÃO
VAGA_8604f175ee,ENGENHARIA DE COMPUTAÇÃO
VAGA_8604f175ee,ENGENHARIA ELÉTRICA
VAGA_8604f175ee,SISTEMAS DE INFORMAÇÃO
VAGA_725c9ff148,CIÊNCIA DA COMPUTAÇÃO
VAGA_725c9ff148,ENGENHARIA DE COMPUTAÇÃO
VAGA_725c9ff148,ENGENHARIA ELÉTRICA
VAGA_725c9ff148,SISTEMAS DE INFORMAÇÃO
VAGA_3306b57da9,ADMINISTRAÇÃO
VAGA_d7e8fcab4d,PEDAGOGIA
VAGA_356810d73e,ADMINISTRAÇÃO
VAGA_356810d73e,TECNOLOGO EM GESTAO FINANCEIRA
VAGA_e3775acff3,ENGENHARIA CIVIL
VAGA_7744e7fcce,ADMINISTRAÇÃO
VAGA_7744e7fcce,TECNOLOGO EM GESTAO FINANCEIRA
VAGA_f29effcdf5,ADMINISTRAÇÃO
VAGA_f29effcdf5,TECNOLOGO EM GESTAO FINANCEIRA
VAGA_c6b72b3581,DIREITO
VAGA_4461756c85,ADMINISTRAÇÃO
VAGA_4461756c85,TECNOLOGO EM GESTAO FINANCEIRA
VAGA_96ee7115f3,DIREITO
VAGA_621834eda0,ADMINISTRAÇÃO
VAGA_621834eda0,TECNOLOGO EM GESTAO FINANCEIRA
VAGA_68a1fa8588,ADMINISTRAÇÃO
VAGA_68a1fa8588,TECNOLOGO EM GESTAO FINANCEIRA
VAGA_079b14e7dc,NUTRIÇÃO
VAGA_2d3428337c,ENGENHARIA CIVIL
VAGA_8cd0f4ab4c,DIREITO
VAGA_64584b4922,ADMINISTRAÇÃO
VAGA_64584b4922,TECNOLOGO EM GESTAO FINANCEIRA
VAGA_915f261d6c,ADMINISTRAÇÃO
VAGA_915f261d6c,TECNOLOGO EM GESTAO FINANCEIRA
VAGA_de2172aaaf,ENGENHARIA DE PETRÓLEO
VAGA_de2172aaaf,ENGENHARIA MECÂNICA
VAGA_de2172aaaf,ENGENHARIA QUÍMICA
VAGA_703a3285de,ADMINISTRAÇÃO
VAGA_703a3285de,TECNOLOGO EM GESTAO FINANCEIRA
VAGA_1e9778799d,ADMINISTRAÇÃO
VAGA_1e9778799d,TECNOLOGO EM GESTAO FINANCEIRA
VAGA_df32513aeb,ADMINISTRAÇÃO
VAGA_df32513aeb,TECNOLOGO EM GESTAO FINANCEIRA
VAGA_a7ab8579e7,ADMINISTRAÇÃO
VAGA_a7ab8579e7,TECNOLOGO EM GESTAO FINANCEIRA
VAGA_7785c981d3,ADMINISTRAÇÃO
VAGA_7785c981d3,TECNOLOGO EM GESTAO FINANCEIRA
VAGA_8b6b091c07,ADMINISTRAÇÃO
VAGA_8b6b091c07,TECNOLOGO EM GESTAO FINANCEIRA
VAGA_1c24c4987b,ADMINISTRAÇÃO
VAGA_1c24c4987b,TECNOLOGO EM GESTAO FINANCEIRA
VAGA_be42c310ac,ENGENHARIA CIVIL
VAGA_ea002d38ae,ADMINISTRAÇÃO
VAGA_ea002d38ae,TECNOLOGO EM GESTAO FINANCEIRA
VAGA_fd73d6bed4,CIÊNCIA DA COMPUTAÇÃO
VAGA_fd73d6bed4,ENGENHARIA DE COMPUTAÇÃO
VAGA_fd73d6bed4,ENGENHARIA ELÉTRICA
VAGA_fd73d6bed4,SISTEMAS DE INFORMAÇÃO
VAGA_77590e281c,ENGENHARIA MECÂNICA
VAGA_db518eb783,CIÊNCIA DA COMPUTAÇÃO
VAGA_db518eb783,ENGENHARIA DE COMPUTAÇÃO
VAGA_db518eb783,ENGENHARIA ELÉTRICA
VAGA_db518eb783,SISTEMAS DE INFORMAÇÃO
VAGA_f7b702321b,ADMINISTRAÇÃO
VAGA_f7b702321b,TECNOLOGO EM GESTAO FINANCEIRA
VAGA_d367a37ecd,DIREITO
VAGA_6377d6ca7a,PEDAGOGIA
VAGA_0203af1651,PEDAGOGIA
VAGA_cdcab516c7,ADMINISTRAÇÃO
VAGA_cdcab516c7,TECNOLOGO EM GESTAO FINANCEIRA
VAGA_e491a90288,ADMINISTRAÇÃO
VAGA_e491a90288,TECNOLOGO EM GESTAO FINANCEIRA
VAGA_54dcf3598c,ADMINISTRAÇÃO
VAGA_54dcf3598c,TECNOLOGO EM GESTAO FINANCEIRA
VAGA_0a50aa9522,ADMINISTRAÇÃO
VAGA_0a50aa9522,TECNOLOGO EM GESTAO FINANCEIRA
VAGA_d5c19600d3,ADMINISTRAÇÃO
VAGA_d5c19600d3,COMUNICAÇÃO SOCIAL
VAGA_d5c19600d3,ESTUDOS DE MÍDIA
VAGA_d5c19600d3,PUBLICIDADE E PROPAGANDA
VAGA_cc049e9db2,DIREITO
VAGA_8a528e95b6,CIÊNCIA DA COMPUTAÇÃO
VAGA_8a528e95b6,ENGENHARIA DE COMPUTAÇÃO
VAGA_8a528e95b6,ENGENHARIA ELÉTRICA
VAGA_8a528e95b6,SISTEMAS DE INFORMAÇÃO
VAGA_51014c91f7,ADMINISTRAÇÃO
VAGA_51014c91f7,TECNOLOGO EM GESTAO FINANCEIRA
VAGA_5e2597f906,ADMINISTRAÇÃO
VAGA_5e2597f906,TECNOLOGO EM GESTAO FINANCEIRA
VAGA_2b50f847b5,ADMINISTRAÇÃO
VAGA_2b50f847b5,TECNOLOGO EM GESTAO FINANCEIRA
VAGA_c71fa363f6,PEDAGOGIA
VAGA_f2b7f17030,ADMINISTRAÇÃO
VAGA_f2b7f17030,TECNOLOGO EM GESTAO FINANCEIRA
VAGA_ca0c74a502,DIREITO
VAGA_48d28b2a70,ADMINISTRAÇÃO
VAGA_48d28b2a70,TECNOLOGO EM GESTAO FINANCEIRA
VAGA_bc1c078ceb,DESIGN
VAGA_a12c3971b7,ADMINISTRAÇÃO
VAGA_a12c3971b7,COMUNICAÇÃO SOCIAL
VAGA_a12c3971b7,ESTUDOS DE MÍDIA
VAGA_a12c3971b7,PUBLICIDADE E PROPAGANDA
VAGA_5d7453d288,ADMINISTRAÇÃO
VAGA_5d7453d288,TECNOLOGO EM GESTAO FINANCEIRA
VAGA_830537dc3f,NUTRIÇÃO
VAGA_77204497a7,PEDAGOGIA
VAGA_0a2faa557d,DIREITO
VAGA_68600d782f,ADMINISTRAÇÃO
VAGA_68600d782f,TECNOLOGO EM GESTAO FINANCEIRA
VAGA_a6d7521f5e,COMUNICAÇÃO VISUAL
VAGA_a6d7521f5e,DESIGN
VAGA_a6d7521f5e,MÍDIA DIGITAL
VAGA_a6d7521f5e,MODA
VAGA_a6d7521f5e,PROJETO DE PRODUTO
VAGA_96e5b41d9d,NUTRIÇÃO
VAGA_1d57fa873a,ADMINISTRAÇÃO
VAGA_1d57fa873a,TECNOLOGO EM GESTAO FINANCEIRA
VAGA_29e154a876,NUTRIÇÃO
VAGA_22514b7471,ADMINISTRAÇÃO
VAGA_22514b7471,TECNOLOGO EM GESTAO FINANCEIRA
VAGA_10dd88ced8,ADMINISTRAÇÃO
VAGA_976dc353d6,ADMINISTRAÇÃO
VAGA_976dc353d6,TECNOLOGO EM GESTAO FINANCEIRA
VAGA_08f58552b2,DIREITO
VAGA_4c0bb02068,ADMINISTRAÇÃO
VAGA_4c0bb02068,TECNOLOGO EM GESTAO FINANCEIRA
VAGA_3b67c396a9,ENGENHARIA CIVIL
VAGA_0fe875144a,NUTRIÇÃO
VAGA_5a9c30083d,ENGENHARIA CIVIL
VAGA_5956d11be9,ARQUITETURA E URBANISMO
VAGA_3cf364f344,CIÊNCIA DA COMPUTAÇÃO
VAGA_3cf364f344,ENGENHARIA DE COMPUTAÇÃO
VAGA_3cf364f344,ENGENHARIA ELÉTRICA
VAGA_3cf364f344,SISTEMAS DE INFORMAÇÃO
VAGA_c0726d7595,ADMINISTRAÇÃO
VAGA_c0726d7595,TECNOLOGO EM GESTAO FINANCEIRA
VAGA_803eaad0e7,ECONOMIA
VAGA_d8ebba20ee,DIREITO
VAGA_b840381788,ADMINISTRAÇÃO
VAGA_b840381788,TECNOLOGO EM GESTAO FINANCEIRA
VAGA_64abcb09de,ADMINISTRAÇÃO
VAGA_64abcb09de,TECNOLOGO EM GESTAO FINANCEIRA
VAGA_14e7dca51b,DIREITO
VAGA_365340c670,ENGENHARIA DE PRODUÇÃO
VAGA_365340c670,ENGENHARIA DE PRODUÇÃO CIVIL
VAGA_365340c670,ENGENHARIA DE PRODUÇÃO ELÉTRICA
VAGA_365340c670,ENGENHARIA DE PRODUÇÃO MECÂNICA
VAGA_365340c670,ENGENHARIA DE PRODUÇÃO METALÚRGICA
VAGA_365340c670,ENGENHARIA DE PRODUÇÃO QUÍMICA
VAGA_e471017360,ENGENHARIA ELÉTRICA
VAGA_bf909b2526,ADMINISTRAÇÃO
VAGA_bf909b2526,TECNOLOGO EM GESTAO FINANCEIRA
VAGA_773f736b9a,ENGENHARIA CIVIL
VAGA_ab8300c409,ADMINISTRAÇÃO
VAGA_ab8300c409,TECNOLOGO EM GESTAO FINANCEIRA
VAGA_0a5705fc07,ENGENHARIA CIVIL
VAGA_b15326ad0b,DIREITO
VAGA_3666afe438,ADMINISTRAÇÃO
VAGA_3666afe438,COMUNICAÇÃO SOCIAL
VAGA_3666afe438,ESTUDOS DE MÍDIA
VAGA_3666afe438,PUBLICIDADE E PROPAGANDA
VAGA_fa05a9cb0a,ADMINISTRAÇÃO
VAGA_fa05a9cb0a,TECNOLOGO EM GESTAO FINANCEIRA
VAGA_3975e962e2,ADMINISTRAÇÃO
VAGA_3975e962e2,TECNOLOGO EM GESTAO FINANCEIRA
VAGA_8dd6e2ae41,ADMINISTRAÇÃO
VAGA_8dd6e2ae41,TECNOLOGO EM GESTAO FINANCEIRA
VAGA_5899fc87e5,ADMINISTRAÇÃO
VAGA_5899fc87e5,TECNOLOGO EM GESTAO FINANCEIRA
VAGA_b85becc76b,PEDAGOGIA
VAGA_7bad215195,ADMINISTRAÇÃO
VAGA_7bad215195,TECNOLOGO EM GESTAO FINANCEIRA
VAGA_320d8cea95,ADMINISTRAÇÃO
VAGA_320d8cea95,TECNOLOGO EM GESTAO FINANCEIRA
VAGA_ce3a0c632d,ADMINISTRAÇÃO
VAGA_ce3a0c632d,COMUNICAÇÃO SOCIAL
VAGA_ce3a0c632d,ESTUDOS DE MÍDIA
VAGA_ce3a0c632d,PUBLICIDADE E PROPAGANDA
VAGA_c599b26303,ADMINISTRAÇÃO
VAGA_c599b26303,TECNOLOGO EM GESTAO FINANCEIRA
VAGA_fdb57cba8c,ADMINISTRAÇÃO
VAGA_fdb57cba8c,TECNOLOGO EM GESTAO FINANCEIRA
VAGA_3cf011014d,ADMINISTRAÇÃO
VAGA_3cf011014d,TECNOLOGO EM GESTAO FINANCEIRA
VAGA_fb816334b0,COMUNICAÇÃO SOCIAL
VAGA_fb816334b0,JORNALISMO
VAGA_fb816334b0,PUBLICIDADE E PROPAGANDA
VAGA_31d86a768f,ARQUITETURA E URBANISMO
VAGA_e1f80e556a,PEDAGOGIA
VAGA_766e1a2e48,ENGENHARIA ELÉTRICA
VAGA_d1505cc377,ENGENHARIA ELÉTRICA
VAGA_e85e88a356,ADMINISTRAÇÃO
VAGA_e85e88a356,TECNOLOGO EM GESTAO FINANCEIRA
VAGA_030d461e60,CINEMA
VAGA_030d461e60,COMUNICAÇÃO SOCIAL
VAGA_030d461e60,ESTUDOS DE MÍDIA
VAGA_030d461e60,JORNALISMO
VAGA_030d461e60,PUBLICIDADE E PROPAGANDA
VAGA_84388f18ac,ADMINISTRAÇÃO
VAGA_84388f18ac,LETRAS
VAGA_46a6d665d9,ENGENHARIA CIVIL
VAGA_a094dffb00,PEDAGOGIA
VAGA_f22b672aaa,ADMINISTRAÇÃO
VAGA_f22b672aaa,LETRAS
VAGA_9f73ee003e,CIÊNCIA DA COMPUTAÇÃO
VAGA_9f73ee003e,ENGENHARIA DE COMPUTAÇÃO
VAGA_9f73ee003e,ENGENHARIA ELÉTRICA
VAGA_9f73ee003e,SISTEMAS DE INFORMAÇÃO
VAGA_0ec3b5f9bd,ADMINISTRAÇÃO
VAGA_0ec3b5f9bd,ENGENHARIA DE PRODUÇÃO
VAGA_dc3d517c83,ENGENHARIA DE PRODUÇÃO ELÉTRICA
VAGA_dc3d517c83,ENGENHARIA MECÂNICA
VAGA_cb9258a2a1,CIÊNCIA DA COMPUTAÇÃO
VAGA_cb9258a2a1,ENGENHARIA DE COMPUTAÇÃO
VAGA_cb9258a2a1,ENGENHARIA ELÉTRICA
VAGA_cb9258a2a1,SISTEMAS DE INFORMAÇÃO
VAGA_019b11e8fc,ADMINISTRAÇÃO
VAGA_019b11e8fc,TECNOLOGO EM GESTAO FINANCEIRA
VAGA_210cec297b,PEDAGOGIA
VAGA_deff3d9a52,ADMINISTRAÇÃO
VAGA_deff3d9a52,TECNOLOGO EM GESTAO FINANCEIRA
VAGA_9d95adea41,PEDAGOGIA
VAGA_cea4e02a5a,ADMINISTRAÇÃO
VAGA_cea4e02a5a,TECNOLOGO EM GESTAO FINANCEIRA
VAGA_50da92bb79,ADMINISTRAÇÃO
VAGA_50da92bb79,TECNOLOGO EM GESTAO FINANCEIRA
VAGA_ffbcfb562a,ADMINISTRAÇÃO
VAGA_ffbcfb562a,TECNOLOGO EM GESTAO FINANCEIRA
VAGA_4b9f487854,ADMINISTRAÇÃO
VAGA_4b9f487854,TECNOLOGO EM GESTAO FINANCEIRA
VAGA_f1dd9dd222,ADMINISTRAÇÃO
VAGA_f1dd9dd222,TECNOLOGO EM GESTAO FINANCEIRA
VAGA_f6ab615af4,ADMINISTRAÇÃO
VAGA_f6ab615af4,COMUNICAÇÃO SOCIAL
VAGA_f6ab615af4,ESTUDOS DE MÍDIA
VAGA_f6ab615af4,PUBLICIDADE E PROPAGANDA
VAGA_ae6b8d08e3,ADMINISTRAÇÃO
VAGA_ae6b8d08e3,TECNOLOGO EM GESTAO FINANCEIRA
VAGA_594dd5b04c,ENGENHARIA DE PRODUÇÃO
VAGA_594dd5b04c,ENGENHARIA DE PRODUÇÃO CIVIL
VAGA_594dd5b04c,ENGENHARIA DE PRODUÇÃO ELÉTRICA
VAGA_594dd5b04c,ENGENHARIA DE PRODUÇÃO MECÂNICA
VAGA_594dd5b04c,ENGENHARIA DE PRODUÇÃO METALÚRGICA
VAGA_594dd5b04c,ENGENHARIA DE PRODUÇÃO QUÍMICA
VAGA_d2eda08bac,ADMINISTRAÇÃO
VAGA_d2eda08bac,TECNOLOGO EM GESTAO FINANCEIRA
VAGA_e25f355599,CIÊNCIA DA COMPUTAÇÃO
VAGA_e25f355599,ENGENHARIA DE COMPUTAÇÃO
VAGA_e25f355599,ENGENHARIA ELÉTRICA
VAGA_e25f355599,SISTEMAS DE INFORMAÇÃO
VAGA_502327223d,DIREITO
VAGA_3fc72cc073,ADMINISTRAÇÃO
VAGA_3fc72cc073,COMUNICAÇÃO SOCIAL
VAGA_3fc72cc073,ESTUDOS DE MÍDIA
VAGA_3fc72cc073,PUBLICIDADE E PROPAGANDA
VAGA_4302ced76e,ADMINISTRAÇÃO
VAGA_4302ced76e,TECNOLOGO EM GESTAO FINANCEIRA
VAGA_7c71033579,ENGENHARIA AMBIENTAL
VAGA_e6236d10ef,ARQUITETURA E URBANISMO
VAGA_df68f3c037,ADMINISTRAÇÃO
VAGA_df68f3c037,TECNOLOGO EM GESTAO FINANCEIRA
VAGA_62f1152364,ADMINISTRAÇÃO
VAGA_62f1152364,TECNOLOGO EM GESTAO FINANCEIRA
VAGA_79aeaff294,ADMINISTRAÇÃO
VAGA_79aeaff294,TECNOLOGO EM GESTAO FINANCEIRA
VAGA_cc8b3c4366,ADMINISTRAÇÃO
VAGA_cc8b3c4366,TECNOLOGO EM GESTAO FINANCEIRA
VAGA_35e88b3e5f,ADMINISTRAÇÃO
VAGA_35e88b3e5f,TECNOLOGO EM GESTAO FINANCEIRA
VAGA_6cf95658fc,COMUNICAÇÃO VISUAL
VAGA_6cf95658fc,DESIGN
VAGA_6cf95658fc,MÍDIA DIGITAL
VAGA_6cf95658fc,MODA
VAGA_6cf95658fc,PROJETO DE PRODUTO
VAGA_cd61f47bb2,ADMINISTRAÇÃO
VAGA_cd61f47bb2,TECNOLOGO EM GESTAO FINANCEIRA
VAGA_fa5475802f,NUTRIÇÃO
VAGA_95e5f1d250,ENGENHARIA CIVIL
VAGA_951d369378,CIÊNCIA DA COMPUTAÇÃO
VAGA_951d369378,ENGENHARIA DE COMPUTAÇÃO
VAGA_951d369378,ENGENHARIA ELÉTRICA
VAGA_951d369378,SISTEMAS DE INFORMAÇÃO
VAGA_cec9723b89,LETRAS
VAGA_131195e1b3,ADMINISTRAÇÃO
VAGA_131195e1b3,PSICOLOGIA
VAGA_26eb9a3d49,ADMINISTRAÇÃO
VAGA_26eb9a3d49,TECNOLOGO EM GESTAO FINANCEIRA
VAGA_0c58c398bc,ADMINISTRAÇÃO
VAGA_0c58c398bc,TECNOLOGO EM GESTAO FINANCEIRA
VAGA_ba6820cad8,ENGENHARIA CIVIL
VAGA_f6c97fac64,ADMINISTRAÇÃO
VAGA_f6c97fac64,COMUNICAÇÃO SOCIAL
VAGA_f6c97fac64,DESIGN
VAGA_f6c97fac64,ENGENHARIA DE PRODUÇÃO
VAGA_f6c97fac64,ESTUDOS DE MÍDIA
VAGA_590234f92d,ENGENHARIA DE PRODUÇÃO ELÉTRICA
VAGA_b815a366f4,PEDAGOGIA
VAGA_dbdc541281,ADMINISTRAÇÃO
VAGA_dbdc541281,TECNOLOGO EM GESTAO FINANCEIRA
VAGA_e435611092,ADMINISTRAÇÃO
VAGA_e435611092,TECNOLOGO EM GESTAO FINANCEIRA
VAGA_482f551819,ADMINISTRAÇÃO
VAGA_482f551819,CIÊNCIA DA COMPUTAÇÃO
VAGA_482f551819,ECONOMIA
VAGA_2b504620c3,ADMINISTRAÇÃO
VAGA_2b504620c3,TECNOLOGO EM GESTAO FINANCEIRA
VAGA_90ba160c0f,ADMINISTRAÇÃO
VAGA_90ba160c0f,TECNOLOGO EM GESTAO FINANCEIRA
VAGA_cc548c5cfc,ADMINISTRAÇÃO
VAGA_cc548c5cfc,TECNOLOGO EM GESTAO FINANCEIRA
VAGA_958c3cfe20,ADMINISTRAÇÃO
VAGA_958c3cfe20,TECNOLOGO EM GESTAO FINANCEIRA
VAGA_cd34f8ab4e,ADMINISTRAÇÃO
VAGA_cd34f8ab4e,TECNOLOGO EM GESTAO FINANCEIRA
VAGA_98f3a58dc2,ENGENHARIA CIVIL
VAGA_06a9742c9d,CIÊNCIA DA COMPUTAÇÃO
VAGA_06a9742c9d,ENGENHARIA DE COMPUTAÇÃO
VAGA_06a9742c9d,ENGENHARIA ELÉTRICA
VAGA_06a9742c9d,SISTEMAS DE INFORMAÇÃO
VAGA_9021212614,ADMINISTRAÇÃO
VAGA_9021212614,TECNOLOGO EM GESTAO FINANCEIRA
VAGA_8a34efa8eb,DIREITO
VAGA_e55ecdec5e,CIÊNCIA DA COMPUTAÇÃO
VAGA_e55ecdec5e,ENGENHARIA DE COMPUTAÇÃO
VAGA_e55ecdec5e,ENGENHARIA ELÉTRICA
VAGA_e55ecdec5e,SISTEMAS DE INFORMAÇÃO
VAGA_531dbd8a71,ADMINISTRAÇÃO
VAGA_531dbd8a71,ECONOMIA
VAGA_1507a9dcaf,ADMINISTRAÇÃO
VAGA_1507a9dcaf,TECNOLOGO EM GESTAO FINANCEIRA
VAGA_0a51498f46,ADMINISTRAÇÃO
VAGA_0a51498f46,TECNOLOGO EM GESTAO FINANCEIRA
VAGA_a62a62a6a3,CIÊNCIA DA COMPUTAÇÃO
VAGA_a62a62a6a3,ENGENHARIA DE COMPUTAÇÃO
VAGA_a62a62a6a3,ENGENHARIA ELÉTRICA
VAGA_a62a62a6a3,SISTEMAS DE INFORMAÇÃO
VAGA_b931154e8f,ADMINISTRAÇÃO
VAGA_b931154e8f,TECNOLOGO EM GESTAO FINANCEIRA
VAGA_dd6749a4c4,CIÊNCIA DA COMPUTAÇÃO
VAGA_dd6749a4c4,ENGENHARIA DE PRODUÇÃO
VAGA_dd6749a4c4,SISTEMAS DE INFORMAÇÃO
VAGA_16f923af27,ADMINISTRAÇÃO
VAGA_16f923af27,ECONOMIA
VAGA_16f923af27,PSICOLOGIA
VAGA_3fa132d599,ADMINISTRAÇÃO
VAGA_3fa132d599,ECONOMIA
VAGA_3fa132d599,ENGENHARIA AMBIENTAL
VAGA_3fa132d599,ENGENHARIA CIVIL
VAGA_3fa132d599,ENGENHARIA DE COMPUTAÇÃO
VAGA_3fa132d599,ENGENHARIA DE CONTROLE E AUTOMAÇÃO
VAGA_3fa132d599,ENGENHARIA DE MATERIAIS
VAGA_3fa132d599,ENGENHARIA DE PETRÓLEO
VAGA_3fa132d599,ENGENHARIA DE PRODUÇÃO
VAGA_3fa132d599,ENGENHARIA DE PRODUÇÃO CIVIL
VAGA_3fa132d599,ENGENHARIA DE PRODUÇÃO ELÉTRICA
VAGA_3fa132d599,ENGENHARIA DE PRODUÇÃO MECÂNICA
VAGA_3fa132d599,ENGENHARIA DE PRODUÇÃO METALÚRGICA
VAGA_3fa132d599,ENGENHARIA ELÉTRICA
VAGA_3fa132d599,ENGENHARIA MECÂNICA
VAGA_3fa132d599,ENGENHARIA METALÚRGICA
VAGA_3fa132d599,ENGENHARIA QUÍMICA
VAGA_65a24ad63e,ADMINISTRAÇÃO
VAGA_65a24ad63e,COMUNICAÇÃO SOCIAL
VAGA_65a24ad63e,ESTUDOS DE MÍDIA
VAGA_65a24ad63e,PUBLICIDADE E PROPAGANDA
VAGA_421286ef16,CINEMA
VAGA_421286ef16,COMUNICAÇÃO SOCIAL
VAGA_421286ef16,ESTUDOS DE MÍDIA
VAGA_421286ef16,JORNALISMO
VAGA_421286ef16,PUBLICIDADE E PROPAGANDA
VAGA_e572da616b,PEDAGOGIA
VAGA_b3bba2001f,ADMINISTRAÇÃO
VAGA_b3bba2001f,COMUNICAÇÃO SOCIAL
VAGA_b3bba2001f,ESTUDOS DE MÍDIA
VAGA_b3bba2001f,PUBLICIDADE E PROPAGANDA
VAGA_0f7e1fb85f,PEDAGOGIA
VAGA_aff30893df,DIREITO
VAGA_0aed0304e2,ADMINISTRAÇÃO
VAGA_0aed0304e2,TECNOLOGO EM GESTAO FINANCEIRA
VAGA_d25fd4eb9b,ADMINISTRAÇÃO
VAGA_d25fd4eb9b,TECNOLOGO EM GESTAO FINANCEIRA
VAGA_9f5db858a2,PSICOLOGIA
VAGA_9a93149e1c,DIREITO
VAGA_63cd49db44,DIREITO
VAGA_7e605abd0e,ENGENHARIA ELÉTRICA
VAGA_84869ac2e0,ENGENHARIA QUÍMICA
VAGA_336c1ca364,ENGENHARIA QUÍMICA
VAGA_2d7105702c,ADMINISTRAÇÃO
VAGA_2d7105702c,TECNOLOGO EM GESTAO FINANCEIRA
VAGA_e609151748,ADMINISTRAÇÃO
VAGA_e609151748,TECNOLOGO EM GESTAO FINANCEIRA
VAGA_46df155a56,ADMINISTRAÇÃO
VAGA_46df155a56,TECNOLOGO EM GESTAO FINANCEIRA
VAGA_4fc1663d7d,PEDAGOGIA
VAGA_dc84cdeeb2,ADMINISTRAÇÃO
VAGA_7cc0c14dc5,ADMINISTRAÇÃO
VAGA_7cc0c14dc5,TECNOLOGO EM GESTAO FINANCEIRA
VAGA_df9469022d,DIREITO
VAGA_c8f0d465a7,CINEMA
VAGA_c8f0d465a7,COMUNICAÇÃO SOCIAL
VAGA_c8f0d465a7,ESTUDOS DE MÍDIA
VAGA_c8f0d465a7,JORNALISMO
VAGA_c8f0d465a7,PUBLICIDADE E PROPAGANDA
VAGA_0ed3535847,COMUNICAÇÃO VISUAL
VAGA_0ed3535847,DESIGN
VAGA_0ed3535847,MÍDIA DIGITAL
VAGA_0ed3535847,MODA
VAGA_0ed3535847,PROJETO DE PRODUTO
VAGA_0e2624df5b,ADMINISTRAÇÃO
VAGA_0e2624df5b,COMUNICAÇÃO SOCIAL
VAGA_0e2624df5b,ESTUDOS DE MÍDIA
VAGA_0e2624df5b,PUBLICIDADE E PROPAGANDA
VAGA_6130f4eeae,ADMINISTRAÇÃO
VAGA_6130f4eeae,TECNOLOGO EM GESTAO FINANCEIRA
VAGA_b154a86956,ADMINISTRAÇÃO
VAGA_b154a86956,TECNOLOGO EM GESTAO FINANCEIRA
VAGA_59be97267b,COMUNICAÇÃO VISUAL
VAGA_59be97267b,DESIGN
VAGA_59be97267b,MÍDIA DIGITAL
VAGA_59be97267b,MODA
VAGA_59be97267b,PROJETO DE PRODUTO
VAGA_70ca73ab58,ENGENHARIA DE PETRÓLEO
VAGA_70ca73ab58,ENGENHARIA DE PRODUÇÃO
VAGA_19eeddc379,COMUNICAÇÃO SOCIAL
VAGA_87d1999cac,COMUNICAÇÃO VISUAL
VAGA_87d1999cac,DESIGN
VAGA_87d1999cac,MÍDIA DIGITAL
VAGA_87d1999cac,MODA
VAGA_87d1999cac,PROJETO DE PRODUTO
VAGA_e2dc429998,ENGENHARIA DE PRODUÇÃO
VAGA_e2dc429998,ENGENHARIA DE PRODUÇÃO CIVIL
VAGA_e2dc429998,ENGENHARIA DE PRODUÇÃO ELÉTRICA
VAGA_e2dc429998,ENGENHARIA DE PRODUÇÃO MECÂNICA
VAGA_e2dc429998,ENGENHARIA DE PRODUÇÃO METALÚRGICA
VAGA_e2dc429998,ENGENHARIA DE PRODUÇÃO QUÍMICA
VAGA_d5b32630b6,ADMINISTRAÇÃO
VAGA_d5b32630b6,TECNOLOGO EM GESTAO FINANCEIRA
VAGA_6e8a688d02,ADMINISTRAÇÃO
VAGA_6e8a688d02,RELAÇÕES INTERNACIONAIS
VAGA_f033d9469b,ADMINISTRAÇÃO
VAGA_d6525f14b2,ENGENHARIA CIVIL
VAGA_c10779d7aa,ADMINISTRAÇÃO
VAGA_c10779d7aa,COMUNICAÇÃO SOCIAL
VAGA_c10779d7aa,ESTUDOS DE MÍDIA
VAGA_c10779d7aa,PUBLICIDADE E PROPAGANDA
VAGA_29a56a0c45,LETRAS
VAGA_5c9e6d46d5,PEDAGOGIA
VAGA_41e3517879,PEDAGOGIA
VAGA_4b8c4bef90,ADMINISTRAÇÃO
VAGA_4b8c4bef90,COMUNICAÇÃO SOCIAL
VAGA_4b8c4bef90,ESTUDOS DE MÍDIA
VAGA_4b8c4bef90,PUBLICIDADE E PROPAGANDA
VAGA_d6b49779aa,COMUNICAÇÃO VISUAL
VAGA_d6b49779aa,DESIGN
VAGA_d6b49779aa,MÍDIA DIGITAL
VAGA_d6b49779aa,MODA
VAGA_d6b49779aa,PROJETO DE PRODUTO
VAGA_5d50cc597c,ADMINISTRAÇÃO
VAGA_5d50cc597c,TECNOLOGO EM GESTAO FINANCEIRA
VAGA_4a27440ab8,ADMINISTRAÇÃO
VAGA_4a27440ab8,TECNOLOGO EM GESTAO FINANCEIRA
VAGA_2cddedf81a,ADMINISTRAÇÃO
VAGA_2cddedf81a,ARTES CENICAS
VAGA_291e790e8e,ADMINISTRAÇÃO
VAGA_291e790e8e,ARTES CENICAS
VAGA_77323c310b,PEDAGOGIA
VAGA_04e9cfab90,ADMINISTRAÇÃO
VAGA_04e9cfab90,TECNOLOGO EM GESTAO FINANCEIRA
VAGA_4030324ca3,ECONOMIA
VAGA_b54c0a8dcc,COMUNICAÇÃO VISUAL
VAGA_b54c0a8dcc,DESIGN
VAGA_b54c0a8dcc,MÍDIA DIGITAL
VAGA_896d57c515,ADMINISTRAÇÃO
VAGA_896d57c515,TECNOLOGO EM GESTAO FINANCEIRA
VAGA_bd9b1af604,ADMINISTRAÇÃO
VAGA_bd9b1af604,TECNOLOGO EM GESTAO FINANCEIRA
VAGA_319d997861,ADMINISTRAÇÃO
VAGA_319d997861,TECNOLOGO EM GESTAO FINANCEIRA
VAGA_05af872f49,ADMINISTRAÇÃO
VAGA_05af872f49,TECNOLOGO EM GESTAO FINANCEIRA
VAGA_935ff22b96,PSICOLOGIA
VAGA_1a27abbeea,ADMINISTRAÇÃO
VAGA_1a27abbeea,TECNOLOGO EM GESTAO FINANCEIRA
VAGA_de85d852bb,ADMINISTRAÇÃO
VAGA_de85d852bb,TECNOLOGO EM GESTAO FINANCEIRA
VAGA_eed92abd26,ADMINISTRAÇÃO
VAGA_eed92abd26,TECNOLOGO EM GESTAO FINANCEIRA
VAGA_b8061eceb7,ADMINISTRAÇÃO
VAGA_b8061eceb7,TECNOLOGO EM GESTAO FINANCEIRA
VAGA_e3606c33aa,ADMINISTRAÇÃO
VAGA_e3606c33aa,ECONOMIA
VAGA_b8e9cfb53c,ENGENHARIA CIVIL
VAGA_a3c4ae7834,ENGENHARIA CIVIL
VAGA_184788e5f4,ENGENHARIA CIVIL
VAGA_71e138d7e1,ADMINISTRAÇÃO
VAGA_71e138d7e1,TECNOLOGO EM GESTAO FINANCEIRA
VAGA_f27cbeba63,ENGENHARIA CIVIL
VAGA_4673d62f1a,ENGENHARIA CIVIL
VAGA_f0dff68618,ENGENHARIA CIVIL
VAGA_0e658090fe,DIREITO
VAGA_96f23d52c7,ARQUITETURA E URBANISMO
VAGA_9dfa82bb13,ENGENHARIA ELÉTRICA
VAGA_7caabb4517,DIREITO
VAGA_a35c9a1619,ADMINISTRAÇÃO
VAGA_a35c9a1619,TECNOLOGO EM GESTAO FINANCEIRA
VAGA_3115dd1420,ADMINISTRAÇÃO
VAGA_3115dd1420,TECNOLOGO EM GESTAO FINANCEIRA
VAGA_cd3246df36,DIREITO
VAGA_eed2599bcd,ADMINISTRAÇÃO
VAGA_eed2599bcd,COMUNICAÇÃO SOCIAL
VAGA_eed2599bcd,LETRAS
VAGA_2e6808b7be,DIREITO
VAGA_9619964770,ADMINISTRAÇÃO
VAGA_9619964770,TECNOLOGO EM GESTAO FINANCEIRA
VAGA_95ae4d4f1c,ADMINISTRAÇÃO
VAGA_95ae4d4f1c,TECNOLOGO EM GESTAO FINANCEIRA
VAGA_bb5c1fbf04,ADMINISTRAÇÃO
VAGA_bb5c1fbf04,TECNOLOGO EM GESTAO FINANCEIRA
VAGA_4d32b6b8d7,ADMINISTRAÇÃO
VAGA_4d32b6b8d7,TECNOLOGO EM GESTAO FINANCEIRA
VAGA_7278878af2,ADMINISTRAÇÃO
VAGA_7278878af2,TECNOLOGO EM GESTAO FINANCEIRA
VAGA_866071e4e7,ADMINISTRAÇÃO
VAGA_866071e4e7,TECNOLOGO EM GESTAO FINANCEIRA
VAGA_06d989e8a1,ADMINISTRAÇÃO
VAGA_06d989e8a1,TECNOLOGO EM GESTAO FINANCEIRA
VAGA_974da50c61,ADMINISTRAÇÃO
VAGA_974da50c61,TECNOLOGO EM GESTAO FINANCEIRA
VAGA_fefe9dd1f1,DIREITO
VAGA_945e2da87a,CIÊNCIAS BIOLÓGICAS
VAGA_aaac457c2a,CINEMA
VAGA_aaac457c2a,COMUNICAÇÃO SOCIAL
VAGA_aaac457c2a,ESTUDOS DE MÍDIA
VAGA_aaac457c2a,JORNALISMO
VAGA_aaac457c2a,PUBLICIDADE E PROPAGANDA
VAGA_c8b4ede2fa,ADMINISTRAÇÃO
VAGA_c8b4ede2fa,TECNOLOGO EM GESTAO FINANCEIRA
VAGA_3546fa44ab,ADMINISTRAÇÃO
VAGA_3546fa44ab,TECNOLOGO EM GESTAO FINANCEIRA
VAGA_84ac9191ae,ADMINISTRAÇÃO
VAGA_84ac9191ae,TECNOLOGO EM GESTAO FINANCEIRA
VAGA_cf8b6aa6ca,ADMINISTRAÇÃO
VAGA_cf8b6aa6ca,TECNOLOGO EM GESTAO FINANCEIRA
VAGA_62e4f667cf,ADMINISTRAÇÃO
VAGA_62e4f667cf,TECNOLOGO EM GESTAO FINANCEIRA
VAGA_73ca819302,ADMINISTRAÇÃO
VAGA_73ca819302,TECNOLOGO EM GESTAO FINANCEIRA
VAGA_c86462fa24,ADMINISTRAÇÃO
VAGA_c86462fa24,TECNOLOGO EM GESTAO FINANCEIRA
VAGA_49b81fb02a,DIREITO
VAGA_cadf2b89c6,PEDAGOGIA
VAGA_04327afe33,PEDAGOGIA
VAGA_7b58a8edc7,ADMINISTRAÇÃO
VAGA_7b58a8edc7,TECNOLOGO EM GESTAO FINANCEIRA
VAGA_2de19c8730,ADMINISTRAÇÃO
VAGA_2de19c8730,COMUNICAÇÃO SOCIAL
VAGA_2de19c8730,ESTUDOS DE MÍDIA
VAGA_2de19c8730,PUBLICIDADE E PROPAGANDA
VAGA_248add1638,DIREITO
VAGA_2d1b7ee7b7,DIREITO
VAGA_03507f98a4,DIREITO
VAGA_b69b21983a,COMUNICAÇÃO VISUAL
VAGA_b69b21983a,DESIGN
VAGA_b69b21983a,MÍDIA DIGITAL
VAGA_b69b21983a,MODA
VAGA_b69b21983a,PROJETO DE PRODUTO
VAGA_3461d965fc,ECONOMIA
VAGA_a7d1212d61,DIREITO
VAGA_a81358c384,PEDAGOGIA
VAGA_7146c99a54,PEDAGOGIA
VAGA_b4ca00e126,ENGENHARIA ELÉTRICA
VAGA_b4ca00e126,ENGENHARIA MECÂNICA
VAGA_f17c8da5bc,CIÊNCIA DA COMPUTAÇÃO
VAGA_f17c8da5bc,ENGENHARIA DE COMPUTAÇÃO
VAGA_f17c8da5bc,ENGENHARIA ELÉTRICA
VAGA_f17c8da5bc,SISTEMAS DE INFORMAÇÃO
VAGA_f538261396,ADMINISTRAÇÃO
VAGA_f538261396,TECNOLOGO EM GESTAO FINANCEIRA
VAGA_25ed654a58,ADMINISTRAÇÃO
VAGA_25ed654a58,TECNOLOGO EM GESTAO FINANCEIRA
VAGA_9063111fb7,ADMINISTRAÇÃO
VAGA_9063111fb7,ECONOMIA
VAGA_9063111fb7,ENGENHARIA CIVIL
VAGA_9063111fb7,ENGENHARIA DE PRODUÇÃO
VAGA_792ee1d061,ECONOMIA
VAGA_a52df738c2,PSICOLOGIA
VAGA_f2ae7f760d,PEDAGOGIA
VAGA_7d76e4ab67,ADMINISTRAÇÃO
VAGA_7d76e4ab67,TECNOLOGO EM GESTAO FINANCEIRA
VAGA_3a4657bb28,PEDAGOGIA
VAGA_42733c706d,ADMINISTRAÇÃO
VAGA_42733c706d,TECNOLOGO EM GESTAO FINANCEIRA
VAGA_fa0a37050c,ADMINISTRAÇÃO
VAGA_fa0a37050c,COMUNICAÇÃO SOCIAL
VAGA_fa0a37050c,ESTUDOS DE MÍDIA
VAGA_fa0a37050c,PUBLICIDADE E PROPAGANDA
VAGA_dc23a785f7,CIÊNCIA DA COMPUTAÇÃO
VAGA_dc23a785f7,ENGENHARIA DE COMPUTAÇÃO
VAGA_dc23a785f7,ENGENHARIA ELÉTRICA
VAGA_dc23a785f7,SISTEMAS DE INFORMAÇÃO
VAGA_ecb6a5cf96,CINEMA
VAGA_ecb6a5cf96,COMUNICAÇÃO SOCIAL
VAGA_ecb6a5cf96,ESTUDOS DE MÍDIA
VAGA_ecb6a5cf96,JORNALISMO
VAGA_ecb6a5cf96,PUBLICIDADE E PROPAGANDA
VAGA_333b01731c,ADMINISTRAÇÃO
VAGA_333b01731c,TECNOLOGO EM GESTAO FINANCEIRA
VAGA_665eb902af,ADMINISTRAÇÃO
VAGA_665eb902af,TECNOLOGO EM GESTAO FINANCEIRA
VAGA_574a553200,ADMINISTRAÇÃO
VAGA_574a553200,TECNOLOGO EM GESTAO FINANCEIRA
VAGA_c0eb02166b,DIREITO
VAGA_910f1c92b1,ADMINISTRAÇÃO
VAGA_910f1c92b1,TECNOLOGO EM GESTAO FINANCEIRA
VAGA_b6b19e4f8a,ENGENHARIA ELÉTRICA
VAGA_176ca22622,ENGENHARIA CIVIL
VAGA_668e592090,ADMINISTRAÇÃO
VAGA_668e592090,TECNOLOGO EM GESTAO FINANCEIRA
VAGA_af198071d6,ADMINISTRAÇÃO
VAGA_af198071d6,TECNOLOGO EM GESTAO FINANCEIRA
VAGA_7fcbacfe4c,ADMINISTRAÇÃO
VAGA_7fcbacfe4c,ARTES CENICAS
VAGA_531cbc7de1,ADMINISTRAÇÃO
VAGA_531cbc7de1,COMUNICAÇÃO SOCIAL
VAGA_531cbc7de1,ESTUDOS DE MÍDIA
VAGA_531cbc7de1,PUBLICIDADE E PROPAGANDA
VAGA_417eef8c4c,ADMINISTRAÇÃO
VAGA_417eef8c4c,COMUNICAÇÃO SOCIAL
VAGA_417eef8c4c,ESTUDOS DE MÍDIA
VAGA_417eef8c4c,PUBLICIDADE E PROPAGANDA
VAGA_09d2ed76ad,ADMINISTRAÇÃO
VAGA_09d2ed76ad,TECNOLOGO EM GESTAO FINANCEIRA
VAGA_2e0ee053d4,ADMINISTRAÇÃO
VAGA_2e0ee053d4,TECNOLOGO EM GESTAO FINANCEIRA
VAGA_04e8386c32,ADMINISTRAÇÃO
VAGA_04e8386c32,TECNOLOGO EM GESTAO FINANCEIRA
VAGA_ed58e7d276,ADMINISTRAÇÃO
VAGA_ed58e7d276,TECNOLOGO EM GESTAO FINANCEIRA
VAGA_6f2cfe0ebf,JORNALISMO
VAGA_c44c101e57,CIÊNCIA DA COMPUTAÇÃO
VAGA_c44c101e57,ENGENHARIA DE COMPUTAÇÃO
VAGA_c44c101e57,ENGENHARIA ELÉTRICA
VAGA_c44c101e57,SISTEMAS DE INFORMAÇÃO
VAGA_413a3f4e66,PEDAGOGIA
VAGA_fa1519ab8d,ADMINISTRAÇÃO
VAGA_fa1519ab8d,TECNOLOGO EM GESTAO FINANCEIRA
VAGA_d3e296f600,ENGENHARIA CIVIL
VAGA_44188a33be,PEDAGOGIA
VAGA_74d5c466e3,ENGENHARIA CIVIL
VAGA_86a96fc70c,ADMINISTRAÇÃO
VAGA_0ca99bd9fe,ADMINISTRAÇÃO
VAGA_0ca99bd9fe,TECNOLOGO EM GESTAO FINANCEIRA
VAGA_15fd35f8fe,ADMINISTRAÇÃO
VAGA_15fd35f8fe,COMUNICAÇÃO SOCIAL
VAGA_15fd35f8fe,ESTUDOS DE MÍDIA
VAGA_15fd35f8fe,PUBLICIDADE E PROPAGANDA
VAGA_0bd22ef035,COMUNICAÇÃO VISUAL
VAGA_0bd22ef035,DESIGN
VAGA_0bd22ef035,MÍDIA DIGITAL
VAGA_0bd22ef035,MODA
VAGA_0bd22ef035,PROJETO DE PRODUTO
VAGA_535ba7be82,ENGENHARIA CIVIL
VAGA_535ba7be82,ENGENHARIA ELÉTRICA
VAGA_535ba7be82,ENGENHARIA MECÂNICA
VAGA_bb2bf38090,ENGENHARIA CIVIL
VAGA_9fba6cdff7,DESIGN
VAGA_6f54dcf562,ADMINISTRAÇÃO
VAGA_6f54dcf562,RELAÇÕES INTERNACIONAIS
VAGA_001aa1e540,ADMINISTRAÇÃO
VAGA_001aa1e540,TECNOLOGO EM GESTAO FINANCEIRA
VAGA_a36832cfa7,ADMINISTRAÇÃO
VAGA_a36832cfa7,TECNOLOGO EM GESTAO FINANCEIRA
VAGA_be9a64c2d3,ADMINISTRAÇÃO
VAGA_be9a64c2d3,ARTES CENICAS
VAGA_700df3a356,CINEMA
VAGA_700df3a356,COMUNICAÇÃO SOCIAL
VAGA_700df3a356,ESTUDOS DE MÍDIA
VAGA_700df3a356,JORNALISMO
VAGA_700df3a356,PUBLICIDADE E PROPAGANDA
VAGA_cbbaedb230,CIÊNCIA DA COMPUTAÇÃO
VAGA_cbbaedb230,ENGENHARIA DE COMPUTAÇÃO
VAGA_cbbaedb230,ENGENHARIA ELÉTRICA
VAGA_cbbaedb230,SISTEMAS DE INFORMAÇÃO
VAGA_ebc7a66ae6,ADMINISTRAÇÃO
VAGA_ebc7a66ae6,TECNOLOGO EM GESTAO FINANCEIRA
VAGA_3ba53996f1,ENGENHARIA CIVIL
VAGA_745cddfae2,ADMINISTRAÇÃO
VAGA_496a5db1d7,ADMINISTRAÇÃO
VAGA_496a5db1d7,TECNOLOGO EM GESTAO FINANCEIRA
VAGA_b0ca0061e0,NUTRIÇÃO
VAGA_505abea52b,ENGENHARIA AMBIENTAL
VAGA_466801993c,ADMINISTRAÇÃO
VAGA_ae2ddff7ee,ENGENHARIA ELÉTRICA
VAGA_ea4cc33934,ADMINISTRAÇÃO
VAGA_a0d38912c4,DIREITO
VAGA_c6dfe1f945,CIÊNCIA DA COMPUTAÇÃO
VAGA_c6dfe1f945,ENGENHARIA DE COMPUTAÇÃO
VAGA_c6dfe1f945,ENGENHARIA ELÉTRICA
VAGA_c6dfe1f945,SISTEMAS DE INFORMAÇÃO
VAGA_0984af6d7b,CIÊNCIA DA COMPUTAÇÃO
VAGA_0984af6d7b,ENGENHARIA DE COMPUTAÇÃO
VAGA_0984af6d7b,ENGENHARIA ELÉTRICA
VAGA_0984af6d7b,SISTEMAS DE INFORMAÇÃO
VAGA_24340da243,PSICOLOGIA
VAGA_6cd1a49512,ADMINISTRAÇÃO
VAGA_6cd1a49512,TECNOLOGO EM GESTAO FINANCEIRA
VAGA_2ef013f8a2,DIREITO
VAGA_29739a1d6f,ADMINISTRAÇÃO
VAGA_29739a1d6f,TECNOLOGO EM GESTAO FINANCEIRA
VAGA_0c8e413f99,ADMINISTRAÇÃO
VAGA_0c8e413f99,COMUNICAÇÃO SOCIAL
VAGA_0c8e413f99,ESTUDOS DE MÍDIA
VAGA_0c8e413f99,PUBLICIDADE E PROPAGANDA
VAGA_33f6285c4a,ADMINISTRAÇÃO
VAGA_33f6285c4a,TECNOLOGO EM GESTAO FINANCEIRA
VAGA_229099a1c8,PEDAGOGIA
VAGA_efe5b27712,DIREITO
VAGA_17db6341c5,ADMINISTRAÇÃO
VAGA_17db6341c5,TECNOLOGO EM GESTAO FINANCEIRA
VAGA_a48ee160a2,ADMINISTRAÇÃO
VAGA_a48ee160a2,TECNOLOGO EM GESTAO FINANCEIRA
VAGA_1a3f54e6d5,ADMINISTRAÇÃO
VAGA_1a3f54e6d5,TECNOLOGO EM GESTAO FINANCEIRA
VAGA_b735951d8e,ADMINISTRAÇÃO
VAGA_b735951d8e,ECONOMIA
VAGA_b735951d8e,ENGENHARIA DE PRODUÇÃO
VAGA_b735951d8e,ENGENHARIA ELÉTRICA
VAGA_b735951d8e,ENGENHARIA QUÍMICA
VAGA_acf573bf24,PSICOLOGIA
VAGA_5503b3535a,DIREITO
VAGA_84a1bc6c6f,ADMINISTRAÇÃO
VAGA_84a1bc6c6f,TECNOLOGO EM GESTAO FINANCEIRA
VAGA_120d3af5d6,ADMINISTRAÇÃO
VAGA_120d3af5d6,TECNOLOGO EM GESTAO FINANCEIRA
VAGA_d4d51dbeca,ADMINISTRAÇÃO
VAGA_d4d51dbeca,TECNOLOGO EM GESTAO FINANCEIRA
VAGA_b961c740cc,CINEMA
VAGA_b961c740cc,COMUNICAÇÃO SOCIAL
VAGA_b961c740cc,ESTUDOS DE MÍDIA
VAGA_b961c740cc,JORNALISMO
VAGA_b961c740cc,PUBLICIDADE E PROPAGANDA
VAGA_9d6c94d69c,PSICOLOGIA
VAGA_be58c2f24b,PEDAGOGIA
VAGA_898d029035,CIÊNCIAS SOCIAIS
VAGA_898d029035,SERVIÇO SOCIAL
VAGA_c0694919a2,DIREITO
VAGA_d0a4567170,DIREITO
VAGA_162fc2940b,CIÊNCIA DA COMPUTAÇÃO
VAGA_15b978c420,ENGENHARIA CIVIL
VAGA_cc12bc6e18,ADMINISTRAÇÃO
VAGA_cc12bc6e18,TECNOLOGO EM GESTAO FINANCEIRA
VAGA_a31500c830,ECONOMIA
VAGA_abfa9e07fb,DIREITO
VAGA_0c77c84778,PEDAGOGIA
VAGA_ec045c5a7f,ADMINISTRAÇÃO
VAGA_ec045c5a7f,TECNOLOGO EM GESTAO FINANCEIRA
VAGA_5a6bc56987,DIREITO
VAGA_88d6e81483,ENGENHARIA DE PRODUÇÃO QUÍMICA
VAGA_88d6e81483,ENGENHARIA QUÍMICA
VAGA_88d6e81483,QUÍMICA
VAGA_88d6e81483,QUÍMICA INDUSTRIAL
VAGA_cdafef83c9,DIREITO
VAGA_ea6e6025a5,ADMINISTRAÇÃO
VAGA_ea6e6025a5,TECNOLOGO EM GESTAO FINANCEIRA
VAGA_301e91466e,ADMINISTRAÇÃO
VAGA_301e91466e,TECNOLOGO EM GESTAO FINANCEIRA
VAGA_8a783d16e5,ADMINISTRAÇÃO
VAGA_8a783d16e5,TECNOLOGO EM GESTAO FINANCEIRA
VAGA_e6d35d26bb,ADMINISTRAÇÃO
VAGA_e6d35d26bb,TECNOLOGO EM GESTAO FINANCEIRA
VAGA_312a4c1f6e,PEDAGOGIA
VAGA_6edb8a5fbf,CINEMA
VAGA_6edb8a5fbf,COMUNICAÇÃO SOCIAL
VAGA_6edb8a5fbf,ESTUDOS DE MÍDIA
VAGA_6edb8a5fbf,JORNALISMO
VAGA_6edb8a5fbf,PUBLICIDADE E PROPAGANDA
VAGA_068955853c,ADMINISTRAÇÃO
VAGA_068955853c,TECNOLOGO EM GESTAO FINANCEIRA
VAGA_241cc7dae5,ADMINISTRAÇÃO
VAGA_241cc7dae5,TECNOLOGO EM GESTAO FINANCEIRA
VAGA_e884369b03,DIREITO
VAGA_9d9c03dee4,ADMINISTRAÇÃO
VAGA_9d9c03dee4,TECNOLOGO EM GESTAO FINANCEIRA
VAGA_354c3f9a57,ADMINISTRAÇÃO
VAGA_354c3f9a57,TECNOLOGO EM GESTAO FINANCEIRA
VAGA_007db8fb42,DIREITO
VAGA_8250a9939f,ADMINISTRAÇÃO
VAGA_8250a9939f,PEDAGOGIA
VAGA_a7ca1b846b,ENGENHARIA DE PRODUÇÃO
VAGA_a7ca1b846b,ENGENHARIA MECÂNICA
VAGA_3176325d89,ADMINISTRAÇÃO
VAGA_3176325d89,TECNOLOGO EM GESTAO FINANCEIRA
VAGA_3192bc8399,ADMINISTRAÇÃO
VAGA_3192bc8399,TECNOLOGO EM GESTAO FINANCEIRA
VAGA_a4aa251c24,ADMINISTRAÇÃO
VAGA_a4aa251c24,TECNOLOGO EM GESTAO FINANCEIRA
VAGA_6672d22f9d,DESIGN
VAGA_6672d22f9d,MODA
VAGA_a6fef4f46e,ADMINISTRAÇÃO
VAGA_a6fef4f46e,TECNOLOGO EM GESTAO FINANCEIRA
VAGA_3196346776,DIREITO
VAGA_b5c5a2cb82,CIÊNCIA DA COMPUTAÇÃO
VAGA_b5c5a2cb82,ENGENHARIA DE COMPUTAÇÃO
VAGA_b5c5a2cb82,ENGENHARIA ELÉTRICA
VAGA_b5c5a2cb82,SISTEMAS DE INFORMAÇÃO
VAGA_ee263e7a18,ADMINISTRAÇÃO
VAGA_ee263e7a18,TECNOLOGO EM GESTAO FINANCEIRA
VAGA_36d7f23e5c,DIREITO
VAGA_25adce766b,ADMINISTRAÇÃO
VAGA_25adce766b,COMUNICAÇÃO SOCIAL
VAGA_25adce766b,ESTUDOS DE MÍDIA
VAGA_25adce766b,PUBLICIDADE E PROPAGANDA
VAGA_f5787590c3,DIREITO
VAGA_231737c635,DIREITO
VAGA_aa06d5ef09,DIREITO
VAGA_6d6cd4cca7,ADMINISTRAÇÃO
VAGA_6d6cd4cca7,TECNOLOGO EM GESTAO FINANCEIRA
VAGA_6cdca310db,ENGENHARIA ELÉTRICA
VAGA_535fc52a20,ENGENHARIA CIVIL
VAGA_35cb8bb410,ENGENHARIA AMBIENTAL
VAGA_bd612f9398,ADMINISTRAÇÃO
VAGA_bd612f9398,TECNOLOGO EM GESTAO FINANCEIRA
VAGA_9a7334f069,COMUNICAÇÃO SOCIAL
VAGA_9a7334f069,DESIGN
VAGA_9a7334f069,PUBLICIDADE E PROPAGANDA
VAGA_2becec84a5,ADMINISTRAÇÃO
VAGA_2becec84a5,DIREITO
VAGA_2becec84a5,ECONOMIA
VAGA_2becec84a5,ENGENHARIA CIVIL
VAGA_435639b92a,ENGENHARIA ELÉTRICA
VAGA_435639b92a,ENGENHARIA MECÂNICA
VAGA_9a57573332,ADMINISTRAÇÃO
VAGA_9a57573332,TECNOLOGO EM GESTAO FINANCEIRA
VAGA_5f25ad8cd1,ADMINISTRAÇÃO
VAGA_5f25ad8cd1,TECNOLOGO EM GESTAO FINANCEIRA
VAGA_c1e1a77318,ADMINISTRAÇÃO
VAGA_c1e1a77318,ECONOMIA
VAGA_c1e1a77318,TECNOLOGO EM GESTAO FINANCEIRA
VAGA_623824dd54,ENGENHARIA DE PRODUÇÃO
VAGA_623824dd54,ENGENHARIA DE PRODUÇÃO CIVIL
VAGA_623824dd54,ENGENHARIA DE PRODUÇÃO ELÉTRICA
VAGA_623824dd54,ENGENHARIA DE PRODUÇÃO MECÂNICA
VAGA_623824dd54,ENGENHARIA DE PRODUÇÃO METALÚRGICA
VAGA_623824dd54,ENGENHARIA DE PRODUÇÃO QUÍMICA
VAGA_09ebd04c47,ADMINISTRAÇÃO
VAGA_09ebd04c47,TECNOLOGO EM GESTAO FINANCEIRA
VAGA_28630fdd46,ADMINISTRAÇÃO
VAGA_28630fdd46,COMUNICAÇÃO SOCIAL
VAGA_28630fdd46,ESTUDOS DE MÍDIA
VAGA_28630fdd46,PUBLICIDADE E PROPAGANDA
VAGA_5a23c88e8e,ADMINISTRAÇÃO
VAGA_5a23c88e8e,TECNOLOGO EM GESTAO FINANCEIRA
VAGA_54b87bcd4f,ADMINISTRAÇÃO
VAGA_54b87bcd4f,ARTES CENICAS
VAGA_6b2673a5aa,ADMINISTRAÇÃO
VAGA_6b2673a5aa,TECNOLOGO EM GESTAO FINANCEIRA
VAGA_8d3358ddca,ADMINISTRAÇÃO
VAGA_8d3358ddca,TECNOLOGO EM GESTAO FINANCEIRA
VAGA_55cd468b53,ENGENHARIA DE PRODUÇÃO QUÍMICA
VAGA_55cd468b53,ENGENHARIA QUÍMICA
VAGA_55cd468b53,QUÍMICA
VAGA_55cd468b53,QUÍMICA INDUSTRIAL
VAGA_4614dee010,ECONOMIA
VAGA_5f9016ac0a,ADMINISTRAÇÃO
VAGA_5f9016ac0a,TECNOLOGO EM GESTAO FINANCEIRA
VAGA_f858d5472a,CINEMA
VAGA_f858d5472a,COMUNICAÇÃO SOCIAL
VAGA_f858d5472a,ESTUDOS DE MÍDIA
VAGA_f858d5472a,JORNALISMO
VAGA_f858d5472a,PUBLICIDADE E PROPAGANDA
VAGA_20cea33204,PEDAGOGIA
VAGA_fce6f6fb1a,ENGENHARIA CIVIL
VAGA_693c1eba56,ADMINISTRAÇÃO
VAGA_693c1eba56,TECNOLOGO EM GESTAO FINANCEIRA
VAGA_9c2869e4b8,DIREITO
VAGA_45b4bec03d,DESIGN
VAGA_9a86a0fde2,COMUNICAÇÃO SOCIAL
VAGA_9a86a0fde2,COMUNICAÇÃO VISUAL
VAGA_9a86a0fde2,DESIGN
VAGA_9a86a0fde2,ESTUDOS DE MÍDIA
VAGA_9a86a0fde2,JORNALISMO
VAGA_9a86a0fde2,MÍDIA DIGITAL
VAGA_9a86a0fde2,PROJETO DE PRODUTO
VAGA_9a86a0fde2,PUBLICIDADE E PROPAGANDA
VAGA_299dce99e3,ADMINISTRAÇÃO
VAGA_8e4fd3bea8,ADMINISTRAÇÃO
VAGA_8e4fd3bea8,TECNOLOGO EM GESTAO FINANCEIRA
VAGA_b18e824828,ADMINISTRAÇÃO
VAGA_b18e824828,TECNOLOGO EM GESTAO FINANCEIRA
VAGA_612836c413,PEDAGOGIA
VAGA_ff81ab0b77,COMUNICAÇÃO VISUAL
VAGA_ff81ab0b77,DESIGN
VAGA_ff81ab0b77,JORNALISMO
VAGA_ff81ab0b77,MÍDIA DIGITAL
VAGA_ff81ab0b77,PUBLICIDADE E PROPAGANDA
VAGA_e4d42405f4,ADMINISTRAÇÃO
VAGA_e4d42405f4,TECNOLOGO EM GESTAO FINANCEIRA
VAGA_aa9d01121a,ADMINISTRAÇÃO
VAGA_aa9d01121a,TECNOLOGO EM GESTAO FINANCEIRA
VAGA_b57399809c,ADMINISTRAÇÃO
VAGA_b57399809c,TECNOLOGO EM GESTAO FINANCEIRA
VAGA_ac75afe4e4,DIREITO
VAGA_ceeb29bfed,ADMINISTRAÇÃO
VAGA_ceeb29bfed,TECNOLOGO EM GESTAO FINANCEIRA
VAGA_6d7cd021eb,ADMINISTRAÇÃO
VAGA_6d7cd021eb,TECNOLOGO EM GESTAO FINANCEIRA
VAGA_0f6ae87bf4,ADMINISTRAÇÃO
VAGA_0f6ae87bf4,TECNOLOGO EM GESTAO FINANCEIRA
VAGA_842b86a193,DIREITO
VAGA_e0b34b1c62,DIREITO
VAGA_574aacaefe,DIREITO
VAGA_49e81ab59d,DIREITO
VAGA_ee825a2c46,ADMINISTRAÇÃO
VAGA_ee825a2c46,ARTES CENICAS
VAGA_8b84172652,ADMINISTRAÇÃO
VAGA_47f963fc34,ADMINISTRAÇÃO
VAGA_28b558fafa,COMUNICAÇÃO VISUAL
VAGA_28b558fafa,DESIGN
VAGA_28b558fafa,MÍDIA DIGITAL
VAGA_28b558fafa,MODA
VAGA_28b558fafa,PROJETO DE PRODUTO
VAGA_5044bc6929,ENGENHARIA DE MATERIAIS
VAGA_5044bc6929,ENGENHARIA DE PRODUÇÃO
VAGA_5044bc6929,ENGENHARIA DE PRODUÇÃO CIVIL
VAGA_5044bc6929,ENGENHARIA DE PRODUÇÃO ELÉTRICA
VAGA_5044bc6929,ENGENHARIA DE PRODUÇÃO MECÂNICA
VAGA_5044bc6929,ENGENHARIA DE PRODUÇÃO METALÚRGICA
VAGA_5044bc6929,ENGENHARIA DE PRODUÇÃO QUÍMICA
VAGA_5044bc6929,ENGENHARIA QUÍMICA
VAGA_1bf70602c4,PEDAGOGIA
VAGA_061ac0ef20,ADMINISTRAÇÃO
VAGA_061ac0ef20,TECNOLOGO EM GESTAO FINANCEIRA
VAGA_cb4c0740c5,ADMINISTRAÇÃO
VAGA_cb4c0740c5,COMUNICAÇÃO SOCIAL
VAGA_cb4c0740c5,ESTUDOS DE MÍDIA
VAGA_cb4c0740c5,PUBLICIDADE E PROPAGANDA
VAGA_34b5a94072,ADMINISTRAÇÃO
VAGA_34b5a94072,TECNOLOGO EM GESTAO FINANCEIRA
VAGA_87248f6ff3,PEDAGOGIA
VAGA_599b61c124,PUBLICIDADE E PROPAGANDA
VAGA_ec70a0d282,ADMINISTRAÇÃO
VAGA_ec70a0d282,TECNOLOGO EM GESTAO FINANCEIRA
VAGA_ac2d0e5d2d,ADMINISTRAÇÃO
VAGA_ac2d0e5d2d,TECNOLOGO EM GESTAO FINANCEIRA
VAGA_5ccee231b2,ADMINISTRAÇÃO
VAGA_5ccee231b2,TECNOLOGO EM GESTAO FINANCEIRA
VAGA_687006b308,ARQUITETURA E URBANISMO
VAGA_85e1f1dc3b,ADMINISTRAÇÃO
VAGA_d8bf87d979,ENGENHARIA CIVIL
VAGA_92eeb7cc31,DIREITO
VAGA_5bb0d89055,ADMINISTRAÇÃO
VAGA_5bb0d89055,TECNOLOGO EM GESTAO FINANCEIRA
VAGA_2c3e06a4d7,ENGENHARIA CIVIL
VAGA_73200efa48,ADMINISTRAÇÃO
VAGA_73200efa48,TECNOLOGO EM GESTAO FINANCEIRA
VAGA_ff4b88cb75,ECONOMIA
VAGA_da4386e3f0,DIREITO
VAGA_fc6a564b2c,ENGENHARIA DE CONTROLE E AUTOMAÇÃO
VAGA_fc6a564b2c,ENGENHARIA ELÉTRICA
VAGA_e8edbd19fc,ENGENHARIA CIVIL
VAGA_d3b20d7f06,DIREITO
VAGA_b6684445af,ADMINISTRAÇÃO
VAGA_b6684445af,TECNOLOGO EM GESTAO FINANCEIRA
VAGA_67c611c7f7,COMUNICAÇÃO VISUAL
VAGA_67c611c7f7,DESIGN
VAGA_67c611c7f7,MÍDIA DIGITAL
VAGA_67c611c7f7,MODA
VAGA_67c611c7f7,PROJETO DE PRODUTO
VAGA_eb79d410e7,ADMINISTRAÇÃO
VAGA_eb79d410e7,TECNOLOGO EM GESTAO FINANCEIRA
VAGA_e566090ec3,ADMINISTRAÇÃO
VAGA_e566090ec3,TECNOLOGO EM GESTAO FINANCEIRA
VAGA_ed8946a82c,ADMINISTRAÇÃO
VAGA_ed8946a82c,TECNOLOGO EM GESTAO FINANCEIRA
VAGA_ba9e03b50d,CINEMA
VAGA_ba9e03b50d,COMUNICAÇÃO SOCIAL
VAGA_ba9e03b50d,ESTUDOS DE MÍDIA
VAGA_ba9e03b50d,JORNALISMO
VAGA_ba9e03b50d,PUBLICIDADE E PROPAGANDA
VAGA_aca33984ca,ECONOMIA
VAGA_37fe66c66e,ADMINISTRAÇÃO
VAGA_37fe66c66e,TECNOLOGO EM GESTAO FINANCEIRA
VAGA_0d6f48fe36,ADMINISTRAÇÃO
VAGA_0d6f48fe36,TECNOLOGO EM GESTAO FINANCEIRA
VAGA_263e7fe6bb,ADMINISTRAÇÃO
VAGA_263e7fe6bb,TECNOLOGO EM GESTAO FINANCEIRA
VAGA_008d48cc50,CIÊNCIA DA COMPUTAÇÃO
VAGA_008d48cc50,ENGENHARIA DE COMPUTAÇÃO
VAGA_931a7bbeb7,ADMINISTRAÇÃO
VAGA_931a7bbeb7,TECNOLOGO EM GESTAO FINANCEIRA
VAGA_0189df1c55,ADMINISTRAÇÃO
VAGA_0189df1c55,TECNOLOGO EM GESTAO FINANCEIRA
VAGA_aebd10aa7a,ADMINISTRAÇÃO
VAGA_aebd10aa7a,TECNOLOGO EM GESTAO FINANCEIRA
VAGA_27b76932ed,CIÊNCIA DA COMPUTAÇÃO
VAGA_27b76932ed,ENGENHARIA DE COMPUTAÇÃO
VAGA_27b76932ed,ENGENHARIA ELÉTRICA
VAGA_27b76932ed,SISTEMAS DE INFORMAÇÃO
VAGA_7dbc055c81,CIÊNCIAS SOCIAIS
VAGA_707b8ff15e,ADMINISTRAÇÃO
VAGA_d0e9296f96,DIREITO
VAGA_4dab869b96,ADMINISTRAÇÃO
VAGA_4dab869b96,TECNOLOGO EM GESTAO FINANCEIRA
VAGA_0edd884ef2,COMUNICAÇÃO VISUAL
VAGA_0edd884ef2,DESIGN
VAGA_0edd884ef2,MÍDIA DIGITAL
VAGA_0edd884ef2,MODA
VAGA_0edd884ef2,PROJETO DE PRODUTO
VAGA_e9b3d07ea1,DIREITO
VAGA_25f8405dc5,PEDAGOGIA
VAGA_dd21052eb4,ENGENHARIA ELÉTRICA
VAGA_904b7cc310,DIREITO
VAGA_b5fe987809,ADMINISTRAÇÃO
VAGA_b5fe987809,TECNOLOGO EM GESTAO FINANCEIRA
VAGA_5bc576adbd,ADMINISTRAÇÃO
VAGA_5bc576adbd,TECNOLOGO EM GESTAO FINANCEIRA
VAGA_e9817ee02d,ENGENHARIA DE CONTROLE E AUTOMAÇÃO
VAGA_e9817ee02d,ENGENHARIA ELÉTRICA
VAGA_14390e44bd,ADMINISTRAÇÃO
VAGA_14390e44bd,TECNOLOGO EM GESTAO FINANCEIRA
VAGA_4158ca20cd,ENGENHARIA ELÉTRICA
VAGA_bc677a4140,PEDAGOGIA
VAGA_35af75d4b2,PEDAGOGIA
VAGA_7199fb7437,ADMINISTRAÇÃO
VAGA_7199fb7437,TECNOLOGO EM GESTAO FINANCEIRA
VAGA_b6dcc33345,ADMINISTRAÇÃO
VAGA_b6dcc33345,TECNOLOGO EM GESTAO FINANCEIRA
VAGA_e9bc957a65,ARQUITETURA E URBANISMO
VAGA_7cc48c9385,PEDAGOGIA
VAGA_2ada5993d3,PSICOLOGIA
VAGA_6282598a35,ADMINISTRAÇÃO
VAGA_6282598a35,CIÊNCIA DA COMPUTAÇÃO
VAGA_6282598a35,DESIGN
VAGA_6282598a35,ECONOMIA
VAGA_6282598a35,ENGENHARIA AMBIENTAL
VAGA_6282598a35,ENGENHARIA CIVIL
VAGA_6282598a35,ENGENHARIA DE COMPUTAÇÃO
VAGA_6282598a35,ENGENHARIA DE CONTROLE E AUTOMAÇÃO
VAGA_6282598a35,ENGENHARIA DE MATERIAIS
VAGA_6282598a35,ENGENHARIA DE PETRÓLEO
VAGA_6282598a35,ENGENHARIA DE PRODUÇÃO
VAGA_6282598a35,ENGENHARIA DE PRODUÇÃO CIVIL
VAGA_6282598a35,ENGENHARIA DE PRODUÇÃO ELÉTRICA
VAGA_6282598a35,ENGENHARIA DE PRODUÇÃO MECÂNICA
VAGA_6282598a35,ENGENHARIA DE PRODUÇÃO METALÚRGICA
VAGA_6282598a35,ENGENHARIA DE PRODUÇÃO QUÍMICA
VAGA_6282598a35,ENGENHARIA ELÉTRICA
VAGA_6282598a35,ENGENHARIA MECÂNICA
VAGA_6282598a35,ENGENHARIA METALÚRGICA
VAGA_6282598a35,ENGENHARIA QUÍMICA
VAGA_6282598a35,FÍSICA
VAGA_6282598a35,MATEMÁTICA
VAGA_6282598a35,QUÍMICA
VAGA_6282598a35,SISTEMAS DE INFORMAÇÃO
VAGA_38944848d8,ADMINISTRAÇÃO
VAGA_38944848d8,CIÊNCIA DA COMPUTAÇÃO
VAGA_38944848d8,DESIGN
VAGA_38944848d8,ECONOMIA
VAGA_38944848d8,ENGENHARIA AMBIENTAL
VAGA_38944848d8,ENGENHARIA CIVIL
VAGA_38944848d8,ENGENHARIA DE COMPUTAÇÃO
VAGA_38944848d8,ENGENHARIA DE CONTROLE E AUTOMAÇÃO
VAGA_38944848d8,ENGENHARIA DE MATERIAIS
VAGA_38944848d8,ENGENHARIA DE PETRÓLEO
VAGA_38944848d8,ENGENHARIA DE PRODUÇÃO
VAGA_38944848d8,ENGENHARIA DE PRODUÇÃO CIVIL
VAGA_38944848d8,ENGENHARIA DE PRODUÇÃO ELÉTRICA
VAGA_38944848d8,ENGENHARIA DE PRODUÇÃO MECÂNICA
VAGA_38944848d8,ENGENHARIA DE PRODUÇÃO METALÚRGICA
VAGA_38944848d8,ENGENHARIA DE PRODUÇÃO QUÍMICA
VAGA_38944848d8,ENGENHARIA ELÉTRICA
VAGA_38944848d8,ENGENHARIA MECÂNICA
VAGA_38944848d8,ENGENHARIA METALÚRGICA
VAGA_38944848d8,ENGENHARIA QUÍMICA
VAGA_38944848d8,FÍSICA
VAGA_38944848d8,MATEMÁTICA
VAGA_38944848d8,QUÍMICA
VAGA_38944848d8,SISTEMAS DE INFORMAÇÃO
VAGA_ea0d8913c3,ADMINISTRAÇÃO
VAGA_ea0d8913c3,CIÊNCIA DA COMPUTAÇÃO
VAGA_ea0d8913c3,DESIGN
VAGA_ea0d8913c3,ECONOMIA
VAGA_ea0d8913c3,ENGENHARIA AMBIENTAL
VAGA_ea0d8913c3,ENGENHARIA CIVIL
VAGA_ea0d8913c3,ENGENHARIA DE COMPUTAÇÃO
VAGA_ea0d8913c3,ENGENHARIA DE CONTROLE E AUTOMAÇÃO
VAGA_ea0d8913c3,ENGENHARIA DE MATERIAIS
VAGA_ea0d8913c3,ENGENHARIA DE PETRÓLEO
VAGA_ea0d8913c3,ENGENHARIA DE PRODUÇÃO
VAGA_ea0d8913c3,ENGENHARIA DE PRODUÇÃO CIVIL
VAGA_ea0d8913c3,ENGENHARIA DE PRODUÇÃO ELÉTRICA
VAGA_ea0d8913c3,ENGENHARIA DE PRODUÇÃO MECÂNICA
VAGA_ea0d8913c3,ENGENHARIA DE PRODUÇÃO METALÚRGICA
VAGA_ea0d8913c3,ENGENHARIA DE PRODUÇÃO QUÍMICA
VAGA_ea0d8913c3,ENGENHARIA ELÉTRICA
VAGA_ea0d8913c3,ENGENHARIA MECÂNICA
VAGA_ea0d8913c3,ENGENHARIA METALÚRGICA
VAGA_ea0d8913c3,ENGENHARIA QUÍMICA
VAGA_ea0d8913c3,FÍSICA
VAGA_ea0d8913c3,MATEMÁTICA
VAGA_ea0d8913c3,QUÍMICA
VAGA_ea0d8913c3,SISTEMAS DE INFORMAÇÃO
VAGA_ad89c5c302,ENGENHARIA CIVIL
VAGA_8658862cfe,COMUNICAÇÃO SOCIAL
VAGA_8658862cfe,COMUNICAÇÃO VISUAL
VAGA_8658862cfe,ESTUDOS DE MÍDIA
VAGA_8658862cfe,JORNALISMO
VAGA_8658862cfe,MÍDIA DIGITAL
VAGA_8658862cfe,PUBLICIDADE E PROPAGANDA
VAGA_e5a4793d67,RELAÇÕES INTERNACIONAIS
VAGA_9fc8b55f77,COMUNICAÇÃO VISUAL
VAGA_9fc8b55f77,DESIGN
VAGA_f75fa9f7c7,MODA
VAGA_8ca2728a79,PSICOLOGIA
VAGA_2b94c1ff66,DIREITO
VAGA_01da587cca,ADMINISTRAÇÃO
VAGA_01da587cca,TECNOLOGO EM GESTAO FINANCEIRA
VAGA_4dc9c3b7ee,DIREITO
VAGA_e7ff248492,ADMINISTRAÇÃO
VAGA_b62fb94222,PEDAGOGIA
VAGA_c76a81cee4,ADMINISTRAÇÃO
VAGA_c76a81cee4,COMUNICAÇÃO SOCIAL
VAGA_c76a81cee4,ESTUDOS DE MÍDIA
VAGA_c76a81cee4,PUBLICIDADE E PROPAGANDA
VAGA_7319e7444e,ADMINISTRAÇÃO
VAGA_67fb0e6861,ADMINISTRAÇÃO
VAGA_67fb0e6861,TECNOLOGO EM GESTAO FINANCEIRA
VAGA_c1a8e40935,ADMINISTRAÇÃO
VAGA_c1a8e40935,TECNOLOGO EM GESTAO FINANCEIRA
VAGA_e8467284fb,PSICOLOGIA
VAGA_0e86c97fa8,CIÊNCIA DA COMPUTAÇÃO
VAGA_0e86c97fa8,ENGENHARIA DE COMPUTAÇÃO
VAGA_0e86c97fa8,ENGENHARIA ELÉTRICA
VAGA_0e86c97fa8,SISTEMAS DE INFORMAÇÃO
VAGA_b06d052f33,ADMINISTRAÇÃO
VAGA_b06d052f33,TECNOLOGO EM GESTAO FINANCEIRA
VAGA_a97204f600,PEDAGOGIA
VAGA_c13529ee26,ADMINISTRAÇÃO
VAGA_c13529ee26,TECNOLOGO EM GESTAO FINANCEIRA
VAGA_d868d28beb,PEDAGOGIA
VAGA_998d05334d,ADMINISTRAÇÃO
VAGA_998d05334d,COMUNICAÇÃO SOCIAL
VAGA_998d05334d,ESTUDOS DE MÍDIA
VAGA_998d05334d,PUBLICIDADE E PROPAGANDA
VAGA_76d876074c,ARQUITETURA E URBANISMO
VAGA_ce1fe3dff9,ADMINISTRAÇÃO
VAGA_ce1fe3dff9,TECNOLOGO EM GESTAO FINANCEIRA
VAGA_273cfcc2df,ADMINISTRAÇÃO
VAGA_273cfcc2df,TECNOLOGO EM GESTAO FINANCEIRA
VAGA_0eb75e5d62,PEDAGOGIA
VAGA_5883b7f763,PEDAGOGIA
VAGA_ec83324080,ADMINISTRAÇÃO
VAGA_ec83324080,TECNOLOGO EM GESTAO FINANCEIRA
VAGA_57969c4c64,COMUNICAÇÃO VISUAL
VAGA_57969c4c64,DESIGN
VAGA_57969c4c64,MÍDIA DIGITAL
VAGA_57969c4c64,MODA
VAGA_57969c4c64,PROJETO DE PRODUTO
VAGA_38b7bd1052,DIREITO
VAGA_c549a8fde1,ADMINISTRAÇÃO
VAGA_c549a8fde1,TECNOLOGO EM GESTAO FINANCEIRA
VAGA_04ea3a3748,DIREITO
VAGA_56f0dc9ee6,DIREITO
VAGA_4255c6c289,COMUNICAÇÃO SOCIAL
VAGA_4255c6c289,DESIGN
VAGA_4255c6c289,PUBLICIDADE E PROPAGANDA
VAGA_804506202b,ADMINISTRAÇÃO
VAGA_804506202b,TECNOLOGO EM GESTAO FINANCEIRA
VAGA_df7dd551b0,ADMINISTRAÇÃO
VAGA_df7dd551b0,TECNOLOGO EM GESTAO FINANCEIRA
VAGA_28bd1889bb,ENGENHARIA CIVIL
VAGA_5a9ab55737,DESIGN
VAGA_5a9ab55737,MODA
VAGA_5cb029cba2,ADMINISTRAÇÃO
VAGA_5cb029cba2,COMUNICAÇÃO SOCIAL
VAGA_5cb029cba2,ESTUDOS DE MÍDIA
VAGA_5cb029cba2,PUBLICIDADE E PROPAGANDA
VAGA_e2f200f7db,ENGENHARIA DE CONTROLE E AUTOMAÇÃO
VAGA_e2f200f7db,ENGENHARIA DE PRODUÇÃO
VAGA_e2f200f7db,ENGENHARIA MECÂNICA
VAGA_2bc7896340,ADMINISTRAÇÃO
VAGA_2bc7896340,TECNOLOGO EM GESTAO FINANCEIRA
VAGA_a0ea550696,ADMINISTRAÇÃO
VAGA_a0ea550696,TECNOLOGO EM GESTAO FINANCEIRA
VAGA_e10503a164,PSICOLOGIA
VAGA_b2d6eb2042,ADMINISTRAÇÃO
VAGA_b2d6eb2042,COMUNICAÇÃO SOCIAL
VAGA_b2d6eb2042,ESTUDOS DE MÍDIA
VAGA_b2d6eb2042,PUBLICIDADE E PROPAGANDA
VAGA_31b41b13ef,DIREITO
VAGA_390de5c4f1,COMUNICAÇÃO VISUAL
VAGA_390de5c4f1,DESIGN
VAGA_390de5c4f1,MÍDIA DIGITAL
VAGA_390de5c4f1,MODA
VAGA_390de5c4f1,PROJETO DE PRODUTO
VAGA_ef220c28a5,ADMINISTRAÇÃO
VAGA_ef220c28a5,COMUNICAÇÃO SOCIAL
VAGA_ef220c28a5,ESTUDOS DE MÍDIA
VAGA_ef220c28a5,PUBLICIDADE E PROPAGANDA
VAGA_f57bdd0f0c,CINEMA
VAGA_f57bdd0f0c,COMUNICAÇÃO SOCIAL
VAGA_f57bdd0f0c,ESTUDOS DE MÍDIA
VAGA_f57bdd0f0c,JORNALISMO
VAGA_f57bdd0f0c,PUBLICIDADE E PROPAGANDA
VAGA_ff7998ef39,ENGENHARIA CIVIL
VAGA_8d4a384ac3,DIREITO
VAGA_1b193bbcbe,ADMINISTRAÇÃO
VAGA_1b193bbcbe,TECNOLOGO EM GESTAO FINANCEIRA
VAGA_bb2421faca,ADMINISTRAÇÃO
VAGA_bb2421faca,TECNOLOGO EM GESTAO FINANCEIRA
VAGA_2bb5346cc8,DIREITO
VAGA_23b6e0ee65,ENGENHARIA CIVIL
VAGA_ce030626fe,ADMINISTRAÇÃO
VAGA_ce030626fe,TECNOLOGO EM GESTAO FINANCEIRA
VAGA_10454b8f5c,CIÊNCIA DA COMPUTAÇÃO
VAGA_10454b8f5c,ENGENHARIA DE COMPUTAÇÃO
VAGA_10454b8f5c,ENGENHARIA ELÉTRICA
VAGA_10454b8f5c,SISTEMAS DE INFORMAÇÃO
VAGA_4da964001c,FÍSICA
VAGA_4da964001c,MATEMÁTICA
VAGA_bc78b0ab7f,ADMINISTRAÇÃO
VAGA_bc78b0ab7f,ENGENHARIA DE PRODUÇÃO
VAGA_bc78b0ab7f,MATEMÁTICA
VAGA_771709ec4a,ADMINISTRAÇÃO
VAGA_381005134d,CINEMA
VAGA_381005134d,COMUNICAÇÃO SOCIAL
VAGA_381005134d,ESTUDOS DE MÍDIA
VAGA_381005134d,JORNALISMO
VAGA_381005134d,PUBLICIDADE E PROPAGANDA
VAGA_8d4b1119a9,ADMINISTRAÇÃO
VAGA_8d4b1119a9,TECNOLOGO EM GESTAO FINANCEIRA
VAGA_f5ff12e037,ADMINISTRAÇÃO
VAGA_f5ff12e037,TECNOLOGO EM GESTAO FINANCEIRA
VAGA_fb4582cb36,ADMINISTRAÇÃO
VAGA_fb4582cb36,TECNOLOGO EM GESTAO FINANCEIRA
VAGA_30907db168,ADMINISTRAÇÃO
VAGA_30907db168,TECNOLOGO EM GESTAO FINANCEIRA
VAGA_2684d73435,COMUNICAÇÃO VISUAL
VAGA_2684d73435,DESIGN
VAGA_2684d73435,MÍDIA DIGITAL
VAGA_2684d73435,MODA
VAGA_2684d73435,PROJETO DE PRODUTO
VAGA_40dcfbfaf1,ARQUITETURA E URBANISMO
VAGA_912226d458,CIÊNCIA DA COMPUTAÇÃO
VAGA_912226d458,ENGENHARIA DE COMPUTAÇÃO
VAGA_912226d458,ENGENHARIA ELÉTRICA
VAGA_912226d458,SISTEMAS DE INFORMAÇÃO
VAGA_2b81aa4743,ARQUITETURA E URBANISMO
VAGA_3358c6b51e,ADMINISTRAÇÃO
VAGA_3358c6b51e,ARQUITETURA E URBANISMO
VAGA_3358c6b51e,CIÊNCIA DA COMPUTAÇÃO
VAGA_3358c6b51e,DESIGN
VAGA_3358c6b51e,DIREITO
VAGA_3358c6b51e,ENGENHARIA ELÉTRICA
VAGA_3358c6b51e,JORNALISMO
VAGA_3358c6b51e,NUTRIÇÃO
VAGA_3358c6b51e,PEDAGOGIA
VAGA_3358c6b51e,PSICOLOGIA
VAGA_c88e65e60e,ADMINISTRAÇÃO
VAGA_c88e65e60e,TECNOLOGO EM GESTAO FINANCEIRA
VAGA_d5124c19a1,NUTRIÇÃO
VAGA_40ad971aeb,ADMINISTRAÇÃO
VAGA_40ad971aeb,PEDAGOGIA
VAGA_40ad971aeb,PSICOLOGIA
VAGA_8febf54bb5,ADMINISTRAÇÃO
VAGA_8febf54bb5,COMUNICAÇÃO SOCIAL
VAGA_8febf54bb5,ESTUDOS DE MÍDIA
VAGA_8febf54bb5,PUBLICIDADE E PROPAGANDA
VAGA_008dbbf8a6,CIÊNCIA DA COMPUTAÇÃO
VAGA_008dbbf8a6,ENGENHARIA DE COMPUTAÇÃO
VAGA_008dbbf8a6,ENGENHARIA ELÉTRICA
VAGA_008dbbf8a6,SISTEMAS DE INFORMAÇÃO
VAGA_8cd3e3ab17,ENGENHARIA QUÍMICA
VAGA_8cd3e3ab17,QUÍMICA
VAGA_e6c608f615,PEDAGOGIA
VAGA_b111424b06,ADMINISTRAÇÃO
VAGA_b111424b06,TECNOLOGO EM GESTAO FINANCEIRA
VAGA_afd185134f,DIREITO
VAGA_31b801bfe7,ADMINISTRAÇÃO
VAGA_31b801bfe7,TECNOLOGO EM GESTAO FINANCEIRA
VAGA_62c68af3b3,DIREITO
VAGA_ed9bdadb11,ADMINISTRAÇÃO
VAGA_ed9bdadb11,TECNOLOGO EM GESTAO FINANCEIRA
VAGA_c5974145dd,PEDAGOGIA
VAGA_cdf587b2f9,PEDAGOGIA
VAGA_08dd2edbf5,ADMINISTRAÇÃO
VAGA_08dd2edbf5,TECNOLOGO EM GESTAO FINANCEIRA
VAGA_7b66aa4fef,DIREITO
VAGA_8fbbcf84e6,PEDAGOGIA
VAGA_1d9ede1ae0,CIÊNCIA DA COMPUTAÇÃO
VAGA_1d9ede1ae0,ENGENHARIA DE COMPUTAÇÃO
VAGA_5770ebbc49,ADMINISTRAÇÃO
VAGA_5770ebbc49,TECNOLOGO EM GESTAO FINANCEIRA
VAGA_ae06b9363b,ADMINISTRAÇÃO
VAGA_ae06b9363b,TECNOLOGO EM GESTAO FINANCEIRA
VAGA_32f9708622,ADMINISTRAÇÃO
VAGA_32f9708622,TECNOLOGO EM GESTAO FINANCEIRA
VAGA_18fcd584cf,PEDAGOGIA
VAGA_ed390b95c8,ADMINISTRAÇÃO
VAGA_ed390b95c8,COMUNICAÇÃO SOCIAL
VAGA_ed390b95c8,ESTUDOS DE MÍDIA
VAGA_ed390b95c8,PUBLICIDADE E PROPAGANDA
